seed,observer,phase,embed_lora_norm,embed_effective_rank,embed_significant_sv,embed_changed_fraction,embed_positive_fraction,embed_negative_fraction,policy_lora_norm,policy_effective_rank,policy_significant_sv,policy_changed_fraction,policy_positive_fraction,policy_negative_fraction,total_lora_norm
12001,O1,A,2.4757373332977295,1.7163479328155518,2.0,0.931640625,0.462890625,0.46875,1.0262868404388428,1.0003373622894287,1.0,0.96875,0.484375,0.484375,2.680026123443967
12001,O1,B,19.703752517700195,1.1657116413116455,1.0,0.900390625,0.4501953125,0.4501953125,1.0854965448379517,1.0026683807373047,1.0,0.90625,0.453125,0.453125,19.733630330672355
12001,O1,C,13.087203025817871,1.2315343618392944,1.0,0.93359375,0.4716796875,0.4619140625,1.1688683032989502,1.0025802850723267,1.0,0.9375,0.46875,0.46875,13.13929739938302
12001,O3,A,1.2428714036941528,1.924019694328308,3.0,0.8681640625,0.4345703125,0.43359375,0.3142772614955902,1.000001311302185,1.0,0.9375,0.46875,0.46875,1.2819904536360016
12001,O3,B,1.3314327001571655,2.1572494506835938,3.0,0.525390625,0.267578125,0.2578125,1.276088833808899,1.0000004768371582,1.0,0.96875,0.484375,0.484375,1.8442114159769092
12001,O3,C,6.944529056549072,1.9829562902450562,3.0,0.8525390625,0.4287109375,0.423828125,1.6941654682159424,1.0000007152557373,1.0,0.96875,0.484375,0.484375,7.148194209095728
12001,O4R,A,1.2512580156326294,1.9218140840530396,3.0,0.865234375,0.43359375,0.431640625,0.3093125522136688,1.0000007152557373,1.0,0.9375,0.46875,0.46875,1.2889223702930441
12001,O4R,B,1.2850030660629272,2.2084639072418213,3.0,0.560546875,0.287109375,0.2734375,1.2730827331542969,1.0000004768371582,1.0,1.0,0.5,0.5,1.8088594542547352
12001,O4R,C,5.443850994110107,2.580428123474121,4.0,0.876953125,0.443359375,0.43359375,1.5998917818069458,1.0000003576278687,1.0,0.96875,0.484375,0.484375,5.674078547179886
12001,O4M,A,1.17960786819458,1.9751802682876587,3.0,0.85546875,0.4287109375,0.4267578125,0.4241001009941101,1.0000011920928955,1.0,0.96875,0.484375,0.484375,1.253529265063156
12001,O4M,B,1.106979489326477,2.051992416381836,3.0,0.693359375,0.3447265625,0.3486328125,1.3066380023956299,1.0000007152557373,1.0,1.0,0.5,0.5,1.7125146595267293
12001,O4M,C,3.9961578845977783,2.500498056411743,3.0,0.8759765625,0.439453125,0.4365234375,1.3808401823043823,1.0000005960464478,1.0,0.96875,0.484375,0.484375,4.228001590314198
12001,O4D,A,1.17960786819458,1.9751802682876587,3.0,0.85546875,0.4287109375,0.4267578125,0.4241001009941101,1.0000011920928955,1.0,0.96875,0.484375,0.484375,1.253529265063156
12001,O4D,B,1.106979489326477,2.051992416381836,3.0,0.693359375,0.3447265625,0.3486328125,1.3066380023956299,1.0000007152557373,1.0,1.0,0.5,0.5,1.7125146595267293
12001,O4D,C,3.8282241821289062,2.4775664806365967,3.0,0.8818359375,0.447265625,0.4345703125,1.3624334335327148,1.0000008344650269,1.0,0.96875,0.484375,0.484375,4.0634376148089535
12054,O1,A,2.575667381286621,1.387165904045105,2.0,0.8603515625,0.4365234375,0.423828125,1.0191534757614136,1.0006332397460938,1.0,0.96875,0.484375,0.484375,2.7699704450012548
12054,O1,B,18.797605514526367,1.073386311531067,1.0,0.8212890625,0.4091796875,0.412109375,0.9970957040786743,1.0031170845031738,1.0,0.96875,0.484375,0.484375,18.82403179244139
12054,O1,C,11.936184883117676,1.1060513257980347,1.0,0.8388671875,0.41796875,0.4208984375,1.233062744140625,1.0029267072677612,1.0,0.9375,0.46875,0.46875,11.999706383697667
12054,O3,A,1.2642844915390015,1.7730804681777954,2.0,0.94921875,0.46484375,0.484375,0.42057502269744873,1.0000015497207642,1.0,0.90625,0.453125,0.453125,1.33240332679823
12054,O3,B,1.9377490282058716,2.0241429805755615,3.0,0.5439453125,0.26953125,0.2744140625,1.2378474473953247,1.0000004768371582,1.0,0.96875,0.484375,0.484375,2.299377654787469
12054,O3,C,2.4758079051971436,2.578237295150757,4.0,0.8720703125,0.4453125,0.4267578125,1.6294182538986206,1.0000004768371582,1.0,0.96875,0.484375,0.484375,2.963887418505416
12054,O4R,A,1.2547072172164917,1.7750554084777832,2.0,0.951171875,0.4677734375,0.4833984375,0.40239596366882324,1.000001311302185,1.0,0.9375,0.46875,0.46875,1.3176542461936338
12054,O4R,B,1.47599196434021,2.2468156814575195,3.0,0.5341796875,0.26953125,0.2646484375,1.2600305080413818,1.0000004768371582,1.0,0.9375,0.46875,0.46875,1.9406775002539434
12054,O4R,C,4.125865936279297,2.3217341899871826,3.0,0.869140625,0.439453125,0.4296875,1.7849810123443604,1.0000004768371582,1.0,0.96875,0.484375,0.484375,4.495434010035042
12054,O4M,A,1.2545857429504395,1.7761449813842773,2.0,0.947265625,0.462890625,0.484375,0.52699214220047,1.0000005960464478,1.0,0.90625,0.453125,0.453125,1.3607740827762507
12054,O4M,B,1.3429349660873413,2.054913282394409,2.0,0.4873046875,0.2392578125,0.248046875,1.2813551425933838,1.0000003576278687,1.0,0.96875,0.484375,0.484375,1.8561641426852635
12054,O4M,C,2.2620656490325928,2.4593780040740967,4.0,0.7529296875,0.3935546875,0.359375,1.4217146635055542,1.0000004768371582,1.0,0.96875,0.484375,0.484375,2.6717435477530316
12054,O4D,A,1.2545857429504395,1.7761449813842773,2.0,0.947265625,0.462890625,0.484375,0.52699214220047,1.0000005960464478,1.0,0.90625,0.453125,0.453125,1.3607740827762507
12054,O4D,B,1.3429349660873413,2.054913282394409,2.0,0.4873046875,0.2392578125,0.248046875,1.2813551425933838,1.0000003576278687,1.0,0.96875,0.484375,0.484375,1.8561641426852635
12054,O4D,C,2.358633518218994,2.3511879444122314,3.0,0.787109375,0.3994140625,0.3876953125,1.3731107711791992,1.0000004768371582,1.0,1.0,0.5,0.5,2.729209640755808
12107,O1,A,2.2612295150756836,1.6120508909225464,2.0,0.9697265625,0.4951171875,0.474609375,0.9719867706298828,1.000137209892273,1.0,0.96875,0.484375,0.484375,2.461283649262904
12107,O1,B,18.283660888671875,1.1544954776763916,1.0,0.861328125,0.4306640625,0.4306640625,1.1850812435150146,1.0004645586013794,1.0,0.9375,0.46875,0.46875,18.322026990638363
12107,O1,C,11.945881843566895,1.2077559232711792,1.0,0.9013671875,0.455078125,0.4462890625,1.160496711730957,1.000417709350586,1.0,0.96875,0.484375,0.484375,12.002118381285845
12107,O3,A,1.3792835474014282,1.3381699323654175,1.0,0.8330078125,0.408203125,0.4248046875,0.34861359000205994,1.000001072883606,1.0,0.96875,0.484375,0.484375,1.422657562193514
12107,O3,B,2.0912206172943115,1.7605032920837402,2.0,0.4501953125,0.2177734375,0.232421875,1.1924666166305542,1.0000004768371582,1.0,1.0,0.5,0.5,2.4073180724563845
12107,O3,C,2.732494354248047,2.692964553833008,3.0,0.8505859375,0.4345703125,0.416015625,1.3016654253005981,1.0000004768371582,1.0,1.0,0.5,0.5,3.0266909778536095
12107,O4R,A,1.379300594329834,1.3382537364959717,1.0,0.8330078125,0.408203125,0.4248046875,0.3480103313922882,1.000001311302185,1.0,0.96875,0.484375,0.484375,1.4225263864949582
12107,O4R,B,2.3791909217834473,1.6408333778381348,2.0,0.4326171875,0.2080078125,0.224609375,1.186566948890686,1.0000007152557373,1.0,0.96875,0.484375,0.484375,2.6586633044626997
12107,O4R,C,2.4519972801208496,2.4817347526550293,3.0,0.771484375,0.39453125,0.376953125,1.365183711051941,1.0000005960464478,1.0,1.0,0.5,0.5,2.8064242777316464
12107,O4M,A,1.43505859375,1.324763536453247,1.0,0.865234375,0.4267578125,0.4384765625,0.443376362323761,1.0000015497207642,1.0,0.9375,0.46875,0.46875,1.5019906012233162
12107,O4M,B,2.5718350410461426,1.3368287086486816,2.0,0.375,0.1806640625,0.1943359375,1.2360461950302124,1.0000005960464478,1.0,1.0,0.5,0.5,2.853444528040011
12107,O4M,C,1.4268994331359863,1.8810592889785767,3.0,0.47265625,0.244140625,0.228515625,1.260401964187622,1.0000004768371582,1.0,1.0,0.5,0.5,1.9038527000826022
12107,O4D,A,1.43505859375,1.324763536453247,1.0,0.865234375,0.4267578125,0.4384765625,0.443376362323761,1.0000015497207642,1.0,0.9375,0.46875,0.46875,1.5019906012233162
12107,O4D,B,2.5718350410461426,1.3368287086486816,2.0,0.375,0.1806640625,0.1943359375,1.2360461950302124,1.0000005960464478,1.0,1.0,0.5,0.5,2.853444528040011
12107,O4D,C,1.278132677078247,1.9565670490264893,3.0,0.4404296875,0.2275390625,0.212890625,1.245733380317688,1.0000007152557373,1.0,0.9375,0.46875,0.46875,1.7847898461872032
12160,O1,A,2.3252806663513184,2.0282535552978516,2.0,0.9365234375,0.470703125,0.4658203125,1.0050487518310547,1.0003328323364258,1.0,1.0,0.5,0.5,2.53319031477392
12160,O1,B,16.606910705566406,1.1971995830535889,1.0,0.9140625,0.4521484375,0.4619140625,1.245336651802063,1.001194953918457,1.0,0.96875,0.484375,0.484375,16.653538559686876
12160,O1,C,15.713519096374512,1.2137924432754517,1.0,0.8193359375,0.4140625,0.4052734375,1.2836453914642334,1.001042127609253,1.0,0.90625,0.453125,0.453125,15.765862738307531
12160,O3,A,1.2249740362167358,1.8050696849822998,3.0,0.9833984375,0.4951171875,0.48828125,0.3538200855255127,1.0000004768371582,1.0,0.9375,0.46875,0.46875,1.2750490352635078
12160,O3,B,1.4908783435821533,2.3544812202453613,3.0,0.58984375,0.27734375,0.3125,1.255942940711975,1.0000003576278687,1.0,0.96875,0.484375,0.484375,1.949387315462607
12160,O3,C,5.05359411239624,1.881133794784546,3.0,0.8193359375,0.416015625,0.4033203125,1.6573266983032227,1.0000007152557373,1.0,1.0,0.5,0.5,5.318415669892173
12160,O4R,A,1.2237223386764526,1.8102751970291138,3.0,0.984375,0.4951171875,0.4892578125,0.35291001200675964,1.0000005960464478,1.0,0.9375,0.46875,0.46875,1.27359406356593
12160,O4R,B,1.5728076696395874,2.190704345703125,3.0,0.5498046875,0.2646484375,0.28515625,1.249984860420227,1.0000003576278687,1.0,0.96875,0.484375,0.484375,2.009026161342078
12160,O4R,C,4.579586505889893,1.911954402923584,3.0,0.8203125,0.41796875,0.40234375,1.5620979070663452,1.0000004768371582,1.0,0.96875,0.484375,0.484375,4.838673623648308
12160,O4M,A,1.222498893737793,1.8102962970733643,3.0,0.978515625,0.4921875,0.486328125,0.48341381549835205,1.0000004768371582,1.0,1.0,0.5,0.5,1.3146073414540185
12160,O4M,B,0.9051511883735657,2.3193211555480957,4.0,0.51171875,0.25,0.26171875,1.3283061981201172,1.0000004768371582,1.0,0.90625,0.453125,0.453125,1.6073879524801715
12160,O4M,C,2.631880044937134,2.284346103668213,3.0,0.7431640625,0.3740234375,0.369140625,1.5063908100128174,1.0000007152557373,1.0,0.9375,0.46875,0.46875,3.0324916889299733
12160,O4D,A,1.222498893737793,1.8102962970733643,3.0,0.978515625,0.4921875,0.486328125,0.48341381549835205,1.0000004768371582,1.0,1.0,0.5,0.5,1.3146073414540185
12160,O4D,B,0.9051511883735657,2.3193211555480957,4.0,0.51171875,0.25,0.26171875,1.3283061981201172,1.0000004768371582,1.0,0.90625,0.453125,0.453125,1.6073879524801715
12160,O4D,C,2.8234755992889404,2.1742308139801025,3.0,0.7314453125,0.3642578125,0.3671875,1.479052186012268,1.0000007152557373,1.0,0.9375,0.46875,0.46875,3.1874142857067875
12213,O1,A,2.2764604091644287,1.420929193496704,2.0,0.9248046875,0.4658203125,0.458984375,0.985291600227356,1.0002902746200562,1.0,1.0,0.5,0.5,2.480538556840361
12213,O1,B,8.043009757995605,1.1495959758758545,1.0,0.873046875,0.4345703125,0.4384765625,0.2414902299642563,1.0035431385040283,1.0,0.9375,0.46875,0.46875,8.046634296299336
12213,O1,C,7.75422477722168,1.1555761098861694,1.0,0.9013671875,0.4462890625,0.455078125,0.375062495470047,1.0027979612350464,1.0,0.90625,0.453125,0.453125,7.763290138284594
12213,O3,A,1.3196702003479004,1.4950038194656372,2.0,0.880859375,0.4345703125,0.4462890625,0.3214605450630188,1.000001311302185,1.0,0.96875,0.484375,0.484375,1.3582585614375786
12213,O3,B,2.669224262237549,1.6645315885543823,2.0,0.5703125,0.283203125,0.287109375,1.0878626108169556,1.0000003576278687,1.0,1.0,0.5,0.5,2.882395396563606
12213,O3,C,2.684990644454956,2.4201090335845947,3.0,0.77734375,0.3876953125,0.3896484375,1.466484785079956,1.0000004768371582,1.0,0.96875,0.484375,0.484375,3.0593712402520956
12213,O4R,A,1.3359477519989014,1.4903239011764526,2.0,0.8974609375,0.4462890625,0.451171875,0.3220255672931671,1.0000005960464478,1.0,0.96875,0.484375,0.484375,1.3742113600394243
12213,O4R,B,2.4444470405578613,1.6867774724960327,3.0,0.5380859375,0.2587890625,0.279296875,1.0374901294708252,1.0000003576278687,1.0,1.0,0.5,0.5,2.655505056075299
12213,O4R,C,1.7336236238479614,2.8157260417938232,4.0,0.6640625,0.3388671875,0.3251953125,1.1835201978683472,1.0000007152557373,1.0,0.96875,0.484375,0.484375,2.099088118189913
12213,O4M,A,1.297505259513855,1.503832459449768,2.0,0.90234375,0.4482421875,0.4541015625,0.43544289469718933,1.0000011920928955,1.0,0.90625,0.453125,0.453125,1.3686235468558854
12213,O4M,B,1.2790254354476929,2.412100315093994,4.0,0.427734375,0.2080078125,0.2197265625,1.2535114288330078,1.0000005960464478,1.0,0.96875,0.484375,0.484375,1.7908648655711377
12213,O4M,C,2.8853580951690674,2.251145362854004,3.0,0.849609375,0.4306640625,0.4189453125,1.4829515218734741,1.0000007152557373,1.0,1.0,0.5,0.5,3.2441387999875286
12213,O4D,A,1.297505259513855,1.503832459449768,2.0,0.90234375,0.4482421875,0.4541015625,0.43544289469718933,1.0000011920928955,1.0,0.90625,0.453125,0.453125,1.3686235468558854
12213,O4D,B,1.2790254354476929,2.412100315093994,4.0,0.427734375,0.2080078125,0.2197265625,1.2535114288330078,1.0000005960464478,1.0,0.96875,0.484375,0.484375,1.7908648655711377
12213,O4D,C,2.5488429069519043,2.3039839267730713,4.0,0.84765625,0.4306640625,0.4169921875,1.440024733543396,1.0000007152557373,1.0,1.0,0.5,0.5,2.9275025871100033
12266,O1,A,2.3905189037323,1.6697118282318115,2.0,0.916015625,0.462890625,0.453125,0.9765487313270569,1.0001908540725708,1.0,1.0,0.5,0.5,2.5822912410798984
12266,O1,B,18.59864616394043,1.145095705986023,1.0,0.845703125,0.41796875,0.427734375,1.1304718255996704,1.0008491277694702,1.0,0.96875,0.484375,0.484375,18.63297093004577
12266,O1,C,14.889851570129395,1.1780474185943604,1.0,0.9296875,0.4638671875,0.4658203125,1.202704906463623,1.0008010864257812,1.0,0.96875,0.484375,0.484375,14.938345921570985
12266,O3,A,1.0357866287231445,1.4952465295791626,2.0,0.845703125,0.4189453125,0.4267578125,0.08937390148639679,1.000003695487976,1.0,0.9375,0.46875,0.46875,1.0396353372738718
12266,O3,B,0.5445634126663208,2.045696973800659,3.0,0.083984375,0.041015625,0.04296875,1.1807821989059448,1.0000004768371582,1.0,1.0,0.5,0.5,1.3003060838387044
12266,O3,C,1.8592854738235474,1.7396308183670044,2.0,0.7275390625,0.3623046875,0.365234375,1.3295167684555054,1.0000003576278687,1.0,0.96875,0.484375,0.484375,2.285729054541597
12266,O4R,A,1.0297740697860718,1.5193305015563965,2.0,0.8359375,0.412109375,0.423828125,0.09838201105594635,1.000013828277588,1.0,0.875,0.4375,0.4375,1.0344629789911197
12266,O4R,B,0.4571775496006012,2.153176784515381,3.0,0.076171875,0.0380859375,0.0380859375,1.1418559551239014,1.0000007152557373,1.0,0.96875,0.484375,0.484375,1.229978184404393
12266,O4R,C,1.7363530397415161,1.5634554624557495,2.0,0.7822265625,0.39453125,0.3876953125,0.4692613184452057,1.000001311302185,1.0,0.96875,0.484375,0.484375,1.7986461752130505
12266,O4M,A,0.9438804984092712,1.5378618240356445,2.0,0.8330078125,0.412109375,0.4208984375,0.131222203373909,1.0000052452087402,1.0,0.90625,0.453125,0.453125,0.9529583736636338
12266,O4M,B,0.3542375862598419,2.350757122039795,3.0,0.130859375,0.0615234375,0.0693359375,1.200034499168396,1.0000007152557373,1.0,1.0,0.5,0.5,1.2512262252340869
12266,O4M,C,1.7270317077636719,1.8981386423110962,2.0,0.7724609375,0.3916015625,0.380859375,1.3920902013778687,1.0000008344650269,1.0,0.96875,0.484375,0.484375,2.2182320997572322
12266,O4D,A,0.9438804984092712,1.5378618240356445,2.0,0.8330078125,0.412109375,0.4208984375,0.131222203373909,1.0000052452087402,1.0,0.90625,0.453125,0.453125,0.9529583736636338
12266,O4D,B,0.3542375862598419,2.350757122039795,3.0,0.130859375,0.0615234375,0.0693359375,1.200034499168396,1.0000007152557373,1.0,1.0,0.5,0.5,1.2512262252340869
12266,O4D,C,2.036196708679199,1.837350845336914,2.0,0.8447265625,0.4296875,0.4150390625,1.335694432258606,1.0000007152557373,1.0,1.0,0.5,0.5,2.4351954034127616
12319,O1,A,2.4695403575897217,1.6055045127868652,2.0,0.953125,0.482421875,0.470703125,0.9836859107017517,1.000070333480835,1.0,1.0,0.5,0.5,2.658245201007143
12319,O1,B,21.72992706298828,1.1150363683700562,1.0,0.8818359375,0.4375,0.4443359375,1.0275421142578125,1.000594973564148,1.0,1.0,0.5,0.5,21.75420816668269
12319,O1,C,13.28490161895752,1.1726689338684082,1.0,0.83203125,0.4228515625,0.4091796875,0.976929247379303,1.0006383657455444,1.0,0.96875,0.484375,0.484375,13.320773317633073
12319,O3,A,1.3555703163146973,1.6173256635665894,2.0,0.93359375,0.4580078125,0.4755859375,0.3339022099971771,1.0000011920928955,1.0,1.0,0.5,0.5,1.3960879514967985
12319,O3,B,2.4100606441497803,1.6066840887069702,2.0,0.501953125,0.251953125,0.25,1.1059904098510742,1.0000005960464478,1.0,0.96875,0.484375,0.484375,2.6517177631041733
12319,O3,C,1.8729594945907593,3.0117483139038086,4.0,0.763671875,0.3974609375,0.3662109375,1.6227611303329468,1.0000004768371582,1.0,0.96875,0.484375,0.484375,2.4781708888809777
12319,O4R,A,1.354698896408081,1.6178104877471924,2.0,0.93359375,0.4580078125,0.4755859375,0.33383476734161377,1.0000004768371582,1.0,1.0,0.5,0.5,1.3952256992384071
12319,O4R,B,2.6183042526245117,1.6002756357192993,2.0,0.5146484375,0.2578125,0.2568359375,1.0694191455841064,1.0000004768371582,1.0,1.0,0.5,0.5,2.828281186207171
12319,O4R,C,1.7045177221298218,3.026498794555664,4.0,0.7578125,0.3896484375,0.3681640625,1.5781508684158325,1.0000007152557373,1.0,0.9375,0.46875,0.46875,2.3229164488927023
12319,O4M,A,1.2983083724975586,1.6454461812973022,2.0,0.9326171875,0.4580078125,0.474609375,0.49275755882263184,1.0000008344650269,1.0,0.96875,0.484375,0.484375,1.3886736988486887
12319,O4M,B,0.8095089793205261,2.4208598136901855,3.0,0.501953125,0.2490234375,0.2529296875,1.247446060180664,1.0000004768371582,1.0,1.0,0.5,0.5,1.4870865679780787
12319,O4M,C,2.4160525798797607,2.298234462738037,3.0,0.8388671875,0.4169921875,0.421875,1.4290037155151367,1.0000004768371582,1.0,0.96875,0.484375,0.484375,2.807020072550197
12319,O4D,A,1.2983083724975586,1.6454461812973022,2.0,0.9326171875,0.4580078125,0.474609375,0.49275755882263184,1.0000008344650269,1.0,0.96875,0.484375,0.484375,1.3886736988486887
12319,O4D,B,0.8095089793205261,2.4208598136901855,3.0,0.501953125,0.2490234375,0.2529296875,1.247446060180664,1.0000004768371582,1.0,1.0,0.5,0.5,1.4870865679780787
12319,O4D,C,2.671557903289795,2.1320884227752686,3.0,0.73046875,0.3623046875,0.3681640625,1.3547179698944092,1.0000007152557373,1.0,1.0,0.5,0.5,2.995410223756505
12372,O1,A,2.1538732051849365,1.9323184490203857,2.0,0.9267578125,0.46875,0.4580078125,0.9869866967201233,1.0005364418029785,1.0,1.0,0.5,0.5,2.3692430275335057
12372,O1,B,18.48684310913086,1.144760012626648,1.0,0.8935546875,0.455078125,0.4384765625,1.2063825130462646,1.0014550685882568,1.0,1.0,0.5,0.5,18.52616330785743
12372,O1,C,12.954476356506348,1.1951463222503662,1.0,0.8349609375,0.419921875,0.4150390625,1.2355791330337524,1.0017545223236084,1.0,1.0,0.5,0.5,13.013266825254542
12372,O3,A,1.1824958324432373,1.711648941040039,2.0,0.8349609375,0.419921875,0.4150390625,0.2957157790660858,1.0000004768371582,1.0,0.90625,0.453125,0.453125,1.2189110778618295
12372,O3,B,1.042963981628418,2.4273900985717773,3.0,0.736328125,0.357421875,0.37890625,1.1306483745574951,1.0000004768371582,1.0,0.96875,0.484375,0.484375,1.5382261257252487
12372,O3,C,4.595197677612305,1.6003206968307495,2.0,0.72265625,0.380859375,0.341796875,1.459550142288208,1.0000004768371582,1.0,1.0,0.5,0.5,4.821423888664742
12372,O4R,A,1.1754214763641357,1.7141326665878296,2.0,0.8359375,0.4189453125,0.4169921875,0.2961999177932739,1.0000015497207642,1.0,0.90625,0.453125,0.453125,1.2121674960164486
12372,O4R,B,0.9446826577186584,2.5030899047851562,3.0,0.734375,0.357421875,0.376953125,1.1536141633987427,1.0000005960464478,1.0,0.96875,0.484375,0.484375,1.4910569948156136
12372,O4R,C,5.083071708679199,1.5744966268539429,2.0,0.7568359375,0.392578125,0.3642578125,1.688755750656128,1.0000004768371582,1.0,1.0,0.5,0.5,5.356259327268333
12372,O4M,A,1.04740571975708,1.7535394430160522,2.0,0.873046875,0.4365234375,0.4365234375,0.45148271322250366,1.0000009536743164,1.0,0.96875,0.484375,0.484375,1.1405680085460053
12372,O4M,B,0.6519848108291626,2.376540422439575,4.0,0.513671875,0.25,0.263671875,1.2370415925979614,1.0000007152557373,1.0,1.0,0.5,0.5,1.398340479056957
12372,O4M,C,1.7278474569320679,2.064208507537842,3.0,0.873046875,0.4482421875,0.4248046875,0.77000892162323,1.0000008344650269,1.0,0.96875,0.484375,0.484375,1.8916581545844862
12372,O4D,A,1.04740571975708,1.7535394430160522,2.0,0.873046875,0.4365234375,0.4365234375,0.45148271322250366,1.0000009536743164,1.0,0.96875,0.484375,0.484375,1.1405680085460053
12372,O4D,B,0.6519848108291626,2.376540422439575,4.0,0.513671875,0.25,0.263671875,1.2370415925979614,1.0000007152557373,1.0,1.0,0.5,0.5,1.398340479056957
12372,O4D,C,2.553663969039917,2.6782655715942383,3.0,0.81640625,0.4423828125,0.3740234375,1.2258752584457397,1.0000008344650269,1.0,1.0,0.5,0.5,2.832661260377264
12425,O1,A,2.03806734085083,2.1440975666046143,3.0,0.9296875,0.4638671875,0.4658203125,0.9897279739379883,1.000115156173706,1.0,1.0,0.5,0.5,2.265674281144174
12425,O1,B,18.123010635375977,1.1963350772857666,1.0,0.90234375,0.4453125,0.45703125,1.2450121641159058,1.0004308223724365,1.0,1.0,0.5,0.5,18.165725137707753
12425,O1,C,12.94630241394043,1.253311276435852,1.0,0.9267578125,0.4697265625,0.45703125,1.1811766624450684,1.0003572702407837,1.0,0.96875,0.484375,0.484375,13.000074019062533
12425,O3,A,1.1007205247879028,1.5135347843170166,2.0,0.8935546875,0.4501953125,0.443359375,0.2955629825592041,1.0000017881393433,1.0,0.90625,0.453125,0.453125,1.1397118716362695
12425,O3,B,0.8782603144645691,2.0880064964294434,3.0,0.9052734375,0.451171875,0.4541015625,1.193594217300415,1.0000007152557373,1.0,0.96875,0.484375,0.484375,1.4818934966914439
12425,O3,C,6.005032539367676,1.2717151641845703,1.0,0.81640625,0.4150390625,0.4013671875,1.7175697088241577,1.0000007152557373,1.0,0.96875,0.484375,0.484375,6.245835532859867
12425,O4R,A,1.10957932472229,1.523894190788269,2.0,0.888671875,0.4462890625,0.4423828125,0.29350507259368896,1.0000015497207642,1.0,0.90625,0.453125,0.453125,1.1477419158893691
12425,O4R,B,0.776102602481842,2.014413833618164,3.0,0.90625,0.4541015625,0.4521484375,1.1063612699508667,1.0000004768371582,1.0,0.96875,0.484375,0.484375,1.3514327616372124
12425,O4R,C,6.075851917266846,1.2594314813613892,1.0,0.759765625,0.3896484375,0.3701171875,1.5769597291946411,1.0000007152557373,1.0,0.96875,0.484375,0.484375,6.277163253258341
12425,O4M,A,1.0024760961532593,1.5566452741622925,2.0,0.8994140625,0.451171875,0.4482421875,0.399612158536911,1.0000033378601074,1.0,0.90625,0.453125,0.453125,1.0791886770204773
12425,O4M,B,0.2776522934436798,2.577775001525879,3.0,0.6396484375,0.3212890625,0.318359375,1.235613226890564,1.0000011920928955,1.0,1.0,0.5,0.5,1.2664244322190912
12425,O4M,C,1.5791850090026855,1.7109365463256836,3.0,0.890625,0.4482421875,0.4423828125,1.3545056581497192,1.000001311302185,1.0,1.0,0.5,0.5,2.0805073589435863
12425,O4D,A,1.0024760961532593,1.5566452741622925,2.0,0.8994140625,0.451171875,0.4482421875,0.399612158536911,1.0000033378601074,1.0,0.90625,0.453125,0.453125,1.0791886770204773
12425,O4D,B,0.2776522934436798,2.577775001525879,3.0,0.6396484375,0.3212890625,0.318359375,1.235613226890564,1.0000011920928955,1.0,1.0,0.5,0.5,1.2664244322190912
12425,O4D,C,1.952526330947876,1.568244218826294,2.0,0.869140625,0.4345703125,0.4345703125,1.369063377380371,1.0000011920928955,1.0,1.0,0.5,0.5,2.3846789310783376
12478,O1,A,2.379305839538574,1.2484326362609863,1.0,0.9267578125,0.466796875,0.4599609375,0.971159040927887,1.000075101852417,1.0,1.0,0.5,0.5,2.5698727907891343
12478,O1,B,9.357405662536621,1.0818480253219604,1.0,0.85546875,0.427734375,0.427734375,0.39485660195350647,1.0006831884384155,1.0,1.0,0.5,0.5,9.365732884797575
12478,O1,C,9.248320579528809,1.0827529430389404,1.0,0.720703125,0.3603515625,0.3603515625,0.4637282192707062,1.0005998611450195,1.0,0.90625,0.453125,0.453125,9.259939384417375
12478,O3,A,1.326655626296997,1.7185025215148926,2.0,0.8544921875,0.4306640625,0.423828125,0.3575495183467865,1.0000008344650269,1.0,0.90625,0.453125,0.453125,1.3739930163052128
12478,O3,B,2.442176103591919,1.8818556070327759,2.0,0.6943359375,0.337890625,0.3564453125,1.1176639795303345,1.0000004768371582,1.0,1.0,0.5,0.5,2.6857767762967555
12478,O3,C,1.4837491512298584,2.58486270904541,3.0,0.75,0.380859375,0.369140625,1.7602139711380005,1.0000003576278687,1.0,0.9375,0.46875,0.46875,2.302143515935689
12478,O4R,A,1.325012445449829,1.7192645072937012,2.0,0.8544921875,0.4306640625,0.423828125,0.35823971033096313,1.0000003576278687,1.0,0.90625,0.453125,0.453125,1.3725864893167747
12478,O4R,B,2.4798057079315186,1.8624851703643799,2.0,0.65234375,0.3203125,0.33203125,1.1620138883590698,1.0000004768371582,1.0,0.96875,0.484375,0.484375,2.73856031991795
12478,O4R,C,1.6692224740982056,2.3379530906677246,3.0,0.7412109375,0.3740234375,0.3671875,1.6457823514938354,1.0000004768371582,1.0,0.9375,0.46875,0.46875,2.3441209901630744
12478,O4M,A,1.3819292783737183,1.711207389831543,2.0,0.87109375,0.4345703125,0.4365234375,0.5066400170326233,1.0000007152557373,1.0,0.96875,0.484375,0.484375,1.4718738523682398
12478,O4M,B,2.963033676147461,1.5062918663024902,2.0,0.884765625,0.4326171875,0.4521484375,1.5649323463439941,1.0000004768371582,1.0,1.0,0.5,0.5,3.3509076105762237
12478,O4M,C,5.447517395019531,1.3295844793319702,2.0,0.9033203125,0.44921875,0.4541015625,2.2908616065979004,1.000000238418579,1.0,1.0,0.5,0.5,5.909610196081015
12478,O4D,A,1.3819292783737183,1.711207389831543,2.0,0.87109375,0.4345703125,0.4365234375,0.5066400170326233,1.0000007152557373,1.0,0.96875,0.484375,0.484375,1.4718738523682398
12478,O4D,B,2.963033676147461,1.5062918663024902,2.0,0.884765625,0.4326171875,0.4521484375,1.5649323463439941,1.0000004768371582,1.0,1.0,0.5,0.5,3.3509076105762237
12478,O4D,C,5.4391679763793945,1.3348054885864258,2.0,0.91015625,0.4541015625,0.4560546875,1.572579026222229,1.0000009536743164,1.0,0.96875,0.484375,0.484375,5.661938984922495
12531,O1,A,2.2120110988616943,1.8520468473434448,3.0,0.923828125,0.4658203125,0.4580078125,0.9832658767700195,1.0000686645507812,1.0,0.96875,0.484375,0.484375,2.420703386602257
12531,O1,B,19.56717300415039,1.208928108215332,1.0,0.8134765625,0.4130859375,0.400390625,1.0650578737258911,1.0004324913024902,1.0,1.0,0.5,0.5,19.596137569652274
12531,O1,C,14.129341125488281,1.2653124332427979,1.0,0.9326171875,0.4619140625,0.470703125,0.8916682004928589,1.0007835626602173,1.0,0.96875,0.484375,0.484375,14.157448669170043
12531,O3,A,1.797520399093628,1.2337669134140015,1.0,0.9306640625,0.4677734375,0.462890625,0.37262049317359924,1.0000008344650269,1.0,0.9375,0.46875,0.46875,1.8357357154804859
12531,O3,B,1.3603593111038208,1.699737787246704,3.0,0.734375,0.3671875,0.3671875,1.2708234786987305,1.0000007152557373,1.0,1.0,0.5,0.5,1.861604085008089
12531,O3,C,2.0846827030181885,1.4574519395828247,1.0,0.7490234375,0.375,0.3740234375,0.25260278582572937,1.0000028610229492,1.0,1.0,0.5,0.5,2.099930984501667
12531,O4R,A,1.77962327003479,1.233895182609558,1.0,0.927734375,0.4658203125,0.4619140625,0.37407854199409485,1.0000011920928955,1.0,0.9375,0.46875,0.46875,1.818514156895609
12531,O4R,B,1.9167447090148926,1.5616182088851929,2.0,0.76171875,0.3837890625,0.3779296875,1.2668591737747192,1.0000005960464478,1.0,1.0,0.5,0.5,2.2975731643875346
12531,O4R,C,2.224466323852539,1.4849085807800293,2.0,0.69921875,0.3525390625,0.3466796875,0.2868572473526001,1.0000020265579224,1.0,0.9375,0.46875,0.46875,2.242885977109122
12531,O4M,A,1.744977593421936,1.2382938861846924,1.0,0.927734375,0.466796875,0.4609375,0.47927600145339966,1.0000004768371582,1.0,0.9375,0.46875,0.46875,1.8096000351220627
12531,O4M,B,3.230001211166382,1.4115116596221924,1.0,0.888671875,0.4443359375,0.4443359375,1.456239104270935,1.0000004768371582,1.0,1.0,0.5,0.5,3.5430975364706105
12531,O4M,C,6.436223983764648,1.2265690565109253,1.0,0.9033203125,0.453125,0.4501953125,2.195728302001953,1.0000004768371582,1.0,1.0,0.5,0.5,6.800456010106944
12531,O4D,A,1.744977593421936,1.2382938861846924,1.0,0.927734375,0.466796875,0.4609375,0.47927600145339966,1.0000004768371582,1.0,0.9375,0.46875,0.46875,1.8096000351220627
12531,O4D,B,3.230001211166382,1.4115116596221924,1.0,0.888671875,0.4443359375,0.4443359375,1.456239104270935,1.0000004768371582,1.0,1.0,0.5,0.5,3.5430975364706105
12531,O4D,C,6.228652477264404,1.2348580360412598,1.0,0.900390625,0.447265625,0.453125,1.640018105506897,1.0000007152557373,1.0,1.0,0.5,0.5,6.440944889449252
12584,O1,A,2.175999402999878,1.443884253501892,2.0,0.9443359375,0.4755859375,0.46875,0.9525447487831116,1.000251293182373,1.0,1.0,0.5,0.5,2.3753557418395475
12584,O1,B,6.0347676277160645,1.2048288583755493,1.0,0.7529296875,0.3759765625,0.376953125,0.09674327820539474,1.0052319765090942,1.0,0.875,0.4375,0.4375,6.035543022993681
12584,O1,C,6.458462238311768,1.1936506032943726,1.0,0.6806640625,0.3447265625,0.3359375,0.1472974717617035,1.0060795545578003,1.0,0.90625,0.453125,0.453125,6.460141718947537
12584,O3,A,1.3005757331848145,1.6148912906646729,2.0,0.9091796875,0.4423828125,0.466796875,0.26370882987976074,1.000001311302185,1.0,0.9375,0.46875,0.46875,1.3270416665296423
12584,O3,B,2.0276246070861816,1.831181526184082,2.0,0.5546875,0.271484375,0.283203125,1.0402790307998657,1.0000004768371582,1.0,1.0,0.5,0.5,2.2789124619395325
12584,O3,C,2.6620240211486816,2.5950024127960205,3.0,0.884765625,0.45703125,0.427734375,1.417646884918213,1.0000003576278687,1.0,0.9375,0.46875,0.46875,3.0159732391867986
12584,O4R,A,1.2578195333480835,1.6318707466125488,2.0,0.9501953125,0.4638671875,0.486328125,0.2630517780780792,1.000002145767212,1.0,0.9375,0.46875,0.46875,1.2850316013320566
12584,O4R,B,2.4063336849212646,1.7884531021118164,2.0,0.572265625,0.27734375,0.294921875,1.0640597343444824,1.0000004768371582,1.0,1.0,0.5,0.5,2.6310957643993125
12584,O4R,C,2.595015048980713,2.617140293121338,3.0,0.8642578125,0.4541015625,0.41015625,0.8659353852272034,1.0000008344650269,1.0,1.0,0.5,0.5,2.7356803899258693
12584,O4M,A,1.3550719022750854,1.5920381546020508,2.0,0.8623046875,0.419921875,0.4423828125,0.38550812005996704,1.0000033378601074,1.0,0.96875,0.484375,0.484375,1.4088422093930848
12584,O4M,B,2.6310203075408936,1.577629566192627,2.0,0.5556640625,0.2763671875,0.279296875,1.1506189107894897,1.000001311302185,1.0,1.0,0.5,0.5,2.8716183131744666
12584,O4M,C,2.5589067935943604,1.855197548866272,2.0,0.8759765625,0.4453125,0.4306640625,1.4684587717056274,1.0000011920928955,1.0,1.0,0.5,0.5,2.9503178036446465
12584,O4D,A,1.3550719022750854,1.5920381546020508,2.0,0.8623046875,0.419921875,0.4423828125,0.38550812005996704,1.0000033378601074,1.0,0.96875,0.484375,0.484375,1.4088422093930848
12584,O4D,B,2.6310203075408936,1.577629566192627,2.0,0.5556640625,0.2763671875,0.279296875,1.1506189107894897,1.000001311302185,1.0,1.0,0.5,0.5,2.8716183131744666
12584,O4D,C,2.512335777282715,1.8707232475280762,2.0,0.8583984375,0.435546875,0.4228515625,1.4301013946533203,1.0000011920928955,1.0,0.96875,0.484375,0.484375,2.890851268537369
12637,O1,A,2.3774707317352295,1.4824304580688477,2.0,0.9443359375,0.4775390625,0.466796875,1.0044071674346924,1.000349760055542,1.0,1.0,0.5,0.5,2.5809302273118173
12637,O1,B,19.14325523376465,1.0961108207702637,1.0,0.8515625,0.4296875,0.421875,1.15418541431427,1.0014722347259521,1.0,0.96875,0.484375,0.484375,19.178017752512208
12637,O1,C,15.572257995605469,1.1112991571426392,1.0,0.896484375,0.447265625,0.44921875,1.4514191150665283,1.001592993736267,1.0,1.0,0.5,0.5,15.639751805232683
12637,O3,A,1.6253840923309326,1.5252068042755127,2.0,0.9091796875,0.4521484375,0.45703125,0.3219951093196869,1.000000238418579,1.0,0.875,0.4375,0.4375,1.6569714234193198
12637,O3,B,2.5457515716552734,1.6300137042999268,2.0,0.619140625,0.302734375,0.31640625,1.165549874305725,1.0000007152557373,1.0,0.96875,0.484375,0.484375,2.799885278735432
12637,O3,C,2.5482234954833984,2.312363624572754,3.0,0.677734375,0.3330078125,0.3447265625,0.4013174772262573,1.0000015497207642,1.0,0.96875,0.484375,0.484375,2.5796315047814247
12637,O4R,A,1.607020378112793,1.526768684387207,2.0,0.912109375,0.453125,0.458984375,0.32205235958099365,1.0000015497207642,1.0,0.875,0.4375,0.4375,1.638972915572881
12637,O4R,B,2.5074243545532227,1.5977052450180054,2.0,0.5908203125,0.291015625,0.2998046875,1.2009527683258057,1.0000007152557373,1.0,0.96875,0.484375,0.484375,2.78019144045083
12637,O4R,C,2.9843642711639404,2.2636003494262695,3.0,0.8125,0.4169921875,0.3955078125,0.639107882976532,1.0000007152557373,1.0,0.9375,0.46875,0.46875,3.052030306055728
12637,O4M,A,1.6522507667541504,1.5154181718826294,2.0,0.9150390625,0.453125,0.4619140625,0.42554783821105957,1.0000020265579224,1.0,0.9375,0.46875,0.46875,1.7061721949574093
12637,O4M,B,3.6598398685455322,1.3865903615951538,2.0,0.8046875,0.3916015625,0.4130859375,1.2913013696670532,1.0000007152557373,1.0,1.0,0.5,0.5,3.880964711344254
12637,O4M,C,7.356954574584961,1.482007384300232,2.0,0.748046875,0.3662109375,0.3818359375,1.9073176383972168,1.0000007152557373,1.0,0.96875,0.484375,0.484375,7.600173760266782
12637,O4D,A,1.6522507667541504,1.5154181718826294,2.0,0.9150390625,0.453125,0.4619140625,0.42554783821105957,1.0000020265579224,1.0,0.9375,0.46875,0.46875,1.7061721949574093
12637,O4D,B,3.6598398685455322,1.3865903615951538,2.0,0.8046875,0.3916015625,0.4130859375,1.2913013696670532,1.0000007152557373,1.0,1.0,0.5,0.5,3.880964711344254
12637,O4D,C,7.024545669555664,1.291911244392395,1.0,0.8115234375,0.3994140625,0.412109375,1.5898233652114868,1.0000009536743164,1.0,1.0,0.5,0.5,7.2022066199356995
12690,O1,A,2.3497796058654785,1.6313761472702026,2.0,0.9423828125,0.4775390625,0.46484375,0.9721445441246033,1.0002094507217407,1.0,1.0,0.5,0.5,2.542937122858636
12690,O1,B,5.462606906890869,1.3161998987197876,2.0,0.6396484375,0.31640625,0.3232421875,0.09308372437953949,1.0062261819839478,1.0,0.96875,0.484375,0.484375,5.463399930350715
12690,O1,C,6.1486005783081055,1.2863150835037231,1.0,0.681640625,0.341796875,0.33984375,0.14255520701408386,1.0052937269210815,1.0,1.0,0.5,0.5,6.1502529263939705
12690,O3,A,1.1841504573822021,1.435133934020996,2.0,0.849609375,0.419921875,0.4296875,0.258154958486557,1.0000007152557373,1.0,0.96875,0.484375,0.484375,1.211963814769102
12690,O3,B,3.2034997940063477,1.4571081399917603,2.0,0.4765625,0.224609375,0.251953125,1.0571364164352417,1.0000007152557373,1.0,1.0,0.5,0.5,3.3734179007576657
12690,O3,C,2.0267720222473145,1.6853258609771729,2.0,0.6181640625,0.306640625,0.3115234375,1.474768042564392,1.0000004768371582,1.0,0.90625,0.453125,0.453125,2.5065405661057385
12690,O4R,A,1.188828945159912,1.4346102476119995,2.0,0.849609375,0.419921875,0.4296875,0.2605659067630768,1.0000011920928955,1.0,0.96875,0.484375,0.484375,1.2170492400134407
12690,O4R,B,3.338852882385254,1.4727041721343994,2.0,0.4765625,0.2333984375,0.2431640625,1.1092078685760498,1.0000004768371582,1.0,1.0,0.5,0.5,3.518278082517546
12690,O4R,C,2.1793744564056396,1.6184191703796387,2.0,0.6494140625,0.3271484375,0.322265625,1.3938311338424683,1.0000008344650269,1.0,1.0,0.5,0.5,2.5869747294672125
12690,O4M,A,1.1523921489715576,1.4577772617340088,2.0,0.8486328125,0.419921875,0.4287109375,0.42192280292510986,1.0000011920928955,1.0,0.96875,0.484375,0.484375,1.2272027202705613
12690,O4M,B,0.7798613905906677,1.8690509796142578,3.0,0.1337890625,0.056640625,0.0771484375,1.2363274097442627,1.0000004768371582,1.0,1.0,0.5,0.5,1.4617418556704764
12690,O4M,C,2.098195791244507,2.215146780014038,3.0,0.8349609375,0.43359375,0.4013671875,1.4074689149856567,1.0000007152557373,1.0,1.0,0.5,0.5,2.5265380117954024
12690,O4D,A,1.1523921489715576,1.4577772617340088,2.0,0.8486328125,0.419921875,0.4287109375,0.42192280292510986,1.0000011920928955,1.0,0.96875,0.484375,0.484375,1.2272027202705613
12690,O4D,B,0.7798613905906677,1.8690509796142578,3.0,0.1337890625,0.056640625,0.0771484375,1.2363274097442627,1.0000004768371582,1.0,1.0,0.5,0.5,1.4617418556704764
12690,O4D,C,2.663386821746826,2.0838944911956787,3.0,0.8271484375,0.419921875,0.4072265625,1.3632926940917969,1.0000004768371582,1.0,1.0,0.5,0.5,2.992022114226218
12743,O1,A,2.493748903274536,1.4194202423095703,2.0,0.947265625,0.4794921875,0.4677734375,0.9784185886383057,1.0001945495605469,1.0,0.96875,0.484375,0.484375,2.6788218543187834
12743,O1,B,7.99031925201416,1.167615532875061,1.0,0.642578125,0.3212890625,0.3212890625,0.43310365080833435,1.0017539262771606,1.0,0.90625,0.453125,0.453125,8.00204852031351
12743,O1,C,8.014676094055176,1.1684986352920532,1.0,0.7177734375,0.365234375,0.3525390625,0.41385117173194885,1.0019891262054443,1.0,0.96875,0.484375,0.484375,8.02535392895313
12743,O3,A,1.232317566871643,1.5164731740951538,2.0,0.900390625,0.4453125,0.455078125,0.36244750022888184,1.0000011920928955,1.0,0.78125,0.390625,0.390625,1.2845134394168913
12743,O3,B,1.554092526435852,2.2701034545898438,3.0,0.6103515625,0.2998046875,0.310546875,1.2249770164489746,1.0000007152557373,1.0,1.0,0.5,0.5,1.9788310366355186
12743,O3,C,1.681247591972351,2.5622923374176025,3.0,0.669921875,0.337890625,0.33203125,1.7732276916503906,1.0000005960464478,1.0,0.96875,0.484375,0.484375,2.4435486309768017
12743,O4R,A,1.2381293773651123,1.5147379636764526,2.0,0.900390625,0.4453125,0.455078125,0.36001256108283997,1.0000015497207642,1.0,0.78125,0.390625,0.390625,1.2894081585099213
12743,O4R,B,1.4036537408828735,2.3064911365509033,3.0,0.603515625,0.2958984375,0.3076171875,1.3154284954071045,1.0000004768371582,1.0,1.0,0.5,0.5,1.9236933099700388
12743,O4R,C,1.8579071760177612,2.49538516998291,3.0,0.830078125,0.416015625,0.4140625,1.798013687133789,1.0000003576278687,1.0,1.0,0.5,0.5,2.5854733210417655
12743,O4M,A,1.1990206241607666,1.5317364931106567,2.0,0.93359375,0.4638671875,0.4697265625,0.5607800483703613,1.0000008344650269,1.0,1.0,0.5,0.5,1.3236784805280848
12743,O4M,B,0.7662097215652466,2.534581184387207,3.0,0.578125,0.2900390625,0.2880859375,1.3352512121200562,1.0000007152557373,1.0,1.0,0.5,0.5,1.5394717070765451
12743,O4M,C,1.6926496028900146,2.242119073867798,3.0,0.7900390625,0.396484375,0.3935546875,0.6987326145172119,1.000001311302185,1.0,0.9375,0.46875,0.46875,1.8311990456402556
12743,O4D,A,1.1990206241607666,1.5317364931106567,2.0,0.93359375,0.4638671875,0.4697265625,0.5607800483703613,1.0000008344650269,1.0,1.0,0.5,0.5,1.3236784805280848
12743,O4D,B,0.7662097215652466,2.534581184387207,3.0,0.578125,0.2900390625,0.2880859375,1.3352512121200562,1.0000007152557373,1.0,1.0,0.5,0.5,1.5394717070765451
12743,O4D,C,3.5317728519439697,1.734968900680542,2.0,0.83203125,0.41796875,0.4140625,1.1392790079116821,1.0000007152557373,1.0,0.96875,0.484375,0.484375,3.710980481705161
12796,O1,A,2.468066453933716,1.5915011167526245,2.0,0.927734375,0.4580078125,0.4697265625,0.9815205335617065,1.0003373622894287,1.0,0.9375,0.46875,0.46875,2.65607503260661
12796,O1,B,7.562097549438477,1.243489146232605,1.0,0.81640625,0.40625,0.41015625,0.24301603436470032,1.0040686130523682,1.0,0.90625,0.453125,0.453125,7.566001330966164
12796,O1,C,7.694993019104004,1.2400044202804565,1.0,0.7578125,0.3759765625,0.3818359375,0.40888240933418274,1.0026153326034546,1.0,0.96875,0.484375,0.484375,7.705848583298421
12796,O3,A,1.398926854133606,1.372498869895935,2.0,0.9794921875,0.4951171875,0.484375,0.320773720741272,1.0000016689300537,1.0,0.875,0.4375,0.4375,1.4352324282618292
12796,O3,B,2.696672201156616,1.8628439903259277,2.0,0.6640625,0.3359375,0.328125,1.1800166368484497,1.0000008344650269,1.0,0.96875,0.484375,0.484375,2.9435489164832975
12796,O3,C,3.5380091667175293,2.117279291152954,3.0,0.75390625,0.3671875,0.38671875,1.5413479804992676,1.0000008344650269,1.0,0.96875,0.484375,0.484375,3.8591789879152323
12796,O4R,A,1.4042675495147705,1.3710085153579712,2.0,0.9775390625,0.494140625,0.4833984375,0.32120123505592346,1.0000011920928955,1.0,0.875,0.4375,0.4375,1.4405337844082897
12796,O4R,B,2.380476951599121,1.8766862154006958,2.0,0.6025390625,0.3056640625,0.296875,1.1929508447647095,1.0000003576278687,1.0,0.96875,0.484375,0.484375,2.6626682547999625
12796,O4R,C,1.7105690240859985,2.7122693061828613,3.0,0.80078125,0.3935546875,0.4072265625,0.39954501390457153,1.0000004768371582,1.0,0.96875,0.484375,0.484375,1.7566111135645617
12796,O4M,A,1.396949291229248,1.3732479810714722,2.0,0.962890625,0.48828125,0.474609375,0.41131120920181274,1.0000016689300537,1.0,1.0,0.5,0.5,1.4562431915998633
12796,O4M,B,2.3160276412963867,1.549944519996643,2.0,0.5029296875,0.2568359375,0.24609375,1.3052904605865479,1.000001072883606,1.0,0.96875,0.484375,0.484375,2.65852726556399
12796,O4M,C,1.8464406728744507,2.773893117904663,3.0,0.876953125,0.4443359375,0.4326171875,1.1832928657531738,1.0000016689300537,1.0,1.0,0.5,0.5,2.1930629641183157
12796,O4D,A,1.396949291229248,1.3732479810714722,2.0,0.962890625,0.48828125,0.474609375,0.41131120920181274,1.0000016689300537,1.0,1.0,0.5,0.5,1.4562431915998633
12796,O4D,B,2.3160276412963867,1.549944519996643,2.0,0.5029296875,0.2568359375,0.24609375,1.3052904605865479,1.000001072883606,1.0,0.96875,0.484375,0.484375,2.65852726556399
12796,O4D,C,1.8231879472732544,2.713444948196411,3.0,0.8818359375,0.443359375,0.4384765625,0.8303959965705872,1.0000016689300537,1.0,1.0,0.5,0.5,2.003390077394545
12849,O1,A,2.205655336380005,1.4752886295318604,2.0,0.9736328125,0.490234375,0.4833984375,0.9894793033599854,1.000135064125061,1.0,1.0,0.5,0.5,2.4174335057410277
12849,O1,B,8.745128631591797,1.162513017654419,1.0,0.884765625,0.4423828125,0.4423828125,0.05838209390640259,1.0188885927200317,1.0,0.9375,0.46875,0.46875,8.745323507565372
12849,O1,C,9.928954124450684,1.1458216905593872,1.0,0.8828125,0.4375,0.4453125,0.04788203164935112,1.0246766805648804,1.0,0.96875,0.484375,0.484375,9.929069578485242
12849,O3,A,1.5126243829727173,1.8154048919677734,2.0,0.830078125,0.4052734375,0.4248046875,0.3926559388637543,1.0000007152557373,1.0,0.90625,0.453125,0.453125,1.5627575660634538
12849,O3,B,1.787858009338379,2.3031675815582275,3.0,0.69140625,0.3408203125,0.3505859375,1.1592437028884888,1.0000004768371582,1.0,0.9375,0.46875,0.46875,2.1307938014369214
12849,O3,C,2.218071699142456,2.6992194652557373,3.0,0.8681640625,0.427734375,0.4404296875,1.6462504863739014,1.0000004768371582,1.0,0.96875,0.484375,0.484375,2.762242336657486
12849,O4R,A,1.5069583654403687,1.8173675537109375,2.0,0.8330078125,0.408203125,0.4248046875,0.39209017157554626,1.0000016689300537,1.0,0.90625,0.453125,0.453125,1.5571314067273991
12849,O4R,B,1.8916659355163574,2.2403297424316406,2.0,0.685546875,0.3369140625,0.3486328125,1.2321604490280151,1.0000004768371582,1.0,0.96875,0.484375,0.484375,2.257569353030355
12849,O4R,C,1.8552097082138062,2.8332786560058594,3.0,0.8564453125,0.4267578125,0.4296875,1.5818936824798584,1.0000004768371582,1.0,1.0,0.5,0.5,2.4380710990700094
12849,O4M,A,1.5132055282592773,1.8185443878173828,2.0,0.859375,0.419921875,0.439453125,0.4748644530773163,1.0000008344650269,1.0,1.0,0.5,0.5,1.585965705666695
12849,O4M,B,1.3318756818771362,1.7101376056671143,3.0,0.486328125,0.2431640625,0.2431640625,1.2525572776794434,1.0000004768371582,1.0,1.0,0.5,0.5,1.8283305406417694
12849,O4M,C,2.2768430709838867,2.226334571838379,3.0,0.931640625,0.46875,0.462890625,1.3968777656555176,1.0000007152557373,1.0,0.96875,0.484375,0.484375,2.6711948379087
12849,O4D,A,1.5132055282592773,1.8185443878173828,2.0,0.859375,0.419921875,0.439453125,0.4748644530773163,1.0000008344650269,1.0,1.0,0.5,0.5,1.585965705666695
12849,O4D,B,1.3318756818771362,1.7101376056671143,3.0,0.486328125,0.2431640625,0.2431640625,1.2525572776794434,1.0000004768371582,1.0,1.0,0.5,0.5,1.8283305406417694
12849,O4D,C,2.3335392475128174,2.181926727294922,3.0,0.92578125,0.46875,0.45703125,1.379258155822754,1.0000007152557373,1.0,1.0,0.5,0.5,2.7106749122840736
12902,O1,A,2.3535244464874268,1.8839638233184814,2.0,0.9658203125,0.482421875,0.4833984375,0.9415479898452759,1.0004512071609497,1.0,1.0,0.5,0.5,2.534874738008888
12902,O1,B,17.41165542602539,1.1573694944381714,1.0,0.86328125,0.431640625,0.431640625,1.1363214254379272,1.001120924949646,1.0,1.0,0.5,0.5,17.44869539697879
12902,O1,C,11.400501251220703,1.2211873531341553,1.0,0.8916015625,0.4482421875,0.443359375,1.3375059366226196,1.001584768295288,1.0,0.96875,0.484375,0.484375,11.478691167096777
12902,O3,A,1.1147799491882324,1.4927717447280884,2.0,0.908203125,0.4658203125,0.4423828125,0.274804949760437,1.0000008344650269,1.0,0.90625,0.453125,0.453125,1.1481515995394311
12902,O3,B,0.8092191219329834,2.463207721710205,3.0,0.7705078125,0.3916015625,0.37890625,1.1570403575897217,1.0000007152557373,1.0,1.0,0.5,0.5,1.4119412085470626
12902,O3,C,4.410854339599609,1.8809871673583984,3.0,0.8076171875,0.4111328125,0.396484375,1.6309350728988647,1.0000003576278687,1.0,1.0,0.5,0.5,4.702721043946402
12902,O4R,A,1.1055424213409424,1.4953784942626953,2.0,0.908203125,0.4658203125,0.4423828125,0.2739110291004181,1.0000011920928955,1.0,0.90625,0.453125,0.453125,1.1389694013656573
12902,O4R,B,0.6013318300247192,2.574458360671997,3.0,0.7197265625,0.365234375,0.3544921875,1.194922685623169,1.0000007152557373,1.0,1.0,0.5,0.5,1.3376995904977187
12902,O4R,C,2.927213191986084,2.538818120956421,3.0,0.8564453125,0.4462890625,0.41015625,1.4547439813613892,1.0000007152557373,1.0,1.0,0.5,0.5,3.268769970898005
12902,O4M,A,1.0661367177963257,1.5241941213607788,2.0,0.90625,0.4658203125,0.4404296875,0.42642709612846375,1.000002145767212,1.0,0.9375,0.46875,0.46875,1.1482541397034354
12902,O4M,B,0.47039949893951416,2.760716676712036,3.0,0.572265625,0.28515625,0.287109375,1.2002403736114502,1.0000011920928955,1.0,1.0,0.5,0.5,1.2891286371225719
12902,O4M,C,1.3577240705490112,2.598489999771118,4.0,0.77734375,0.396484375,0.380859375,1.3534966707229614,1.000001072883606,1.0,0.96875,0.484375,0.484375,1.917124901879457
12902,O4D,A,1.0661367177963257,1.5241941213607788,2.0,0.90625,0.4658203125,0.4404296875,0.42642709612846375,1.000002145767212,1.0,0.9375,0.46875,0.46875,1.1482541397034354
12902,O4D,B,0.47039949893951416,2.760716676712036,3.0,0.572265625,0.28515625,0.287109375,1.2002403736114502,1.0000011920928955,1.0,1.0,0.5,0.5,1.2891286371225719
12902,O4D,C,1.4360113143920898,2.3252170085906982,3.0,0.8173828125,0.41796875,0.3994140625,1.3315731287002563,1.000001072883606,1.0,1.0,0.5,0.5,1.958370621751329
12955,O1,A,2.217942476272583,1.9335277080535889,3.0,0.9580078125,0.486328125,0.4716796875,0.9764376282691956,1.0000929832458496,1.0,0.96875,0.484375,0.484375,2.4233652778634363
12955,O1,B,12.872699737548828,1.2265180349349976,1.0,0.8974609375,0.453125,0.4443359375,0.5883749127388,1.00093674659729,1.0,1.0,0.5,0.5,12.886139203463156
12955,O1,C,12.518169403076172,1.2322032451629639,1.0,0.908203125,0.455078125,0.453125,0.3002193570137024,1.002221703529358,1.0,0.96875,0.484375,0.484375,12.52176891922376
12955,O3,A,1.4806206226348877,1.3169938325881958,2.0,0.91015625,0.4443359375,0.4658203125,0.3238578736782074,1.0000011920928955,1.0,0.9375,0.46875,0.46875,1.5156257290357313
12955,O3,B,1.3517265319824219,2.2587032318115234,3.0,0.6328125,0.298828125,0.333984375,1.1586053371429443,1.0000004768371582,1.0,1.0,0.5,0.5,1.7803176527017142
12955,O3,C,2.0886242389678955,2.2847447395324707,3.0,0.7978515625,0.404296875,0.3935546875,0.763279914855957,1.0000011920928955,1.0,0.9375,0.46875,0.46875,2.2237237778165566
12955,O4R,A,1.4821748733520508,1.3260589838027954,2.0,0.90625,0.44140625,0.46484375,0.3293117582798004,1.0000020265579224,1.0,0.9375,0.46875,0.46875,1.5183176839309689
12955,O4R,B,1.525164246559143,2.3005387783050537,3.0,0.6552734375,0.314453125,0.3408203125,1.1848536729812622,1.0000007152557373,1.0,1.0,0.5,0.5,1.9313218803087968
12955,O4R,C,2.3888001441955566,2.9773776531219482,4.0,0.80078125,0.3984375,0.40234375,1.7326173782348633,1.0000004768371582,1.0,0.96875,0.484375,0.484375,2.950987819065027
12955,O4M,A,1.4996901750564575,1.3151251077651978,2.0,0.90625,0.44140625,0.46484375,0.43709519505500793,1.000001072883606,1.0,0.96875,0.484375,0.484375,1.5620892518358365
12955,O4M,B,3.238893747329712,1.3580687046051025,1.0,0.8330078125,0.4130859375,0.419921875,1.456903100013733,1.0000004768371582,1.0,0.96875,0.484375,0.484375,3.5514784737234617
12955,O4M,C,1.9099490642547607,1.6499210596084595,2.0,0.8583984375,0.4248046875,0.43359375,0.49795302748680115,1.0000004768371582,1.0,0.96875,0.484375,0.484375,1.9737939724375761
12955,O4D,A,1.4996901750564575,1.3151251077651978,2.0,0.90625,0.44140625,0.46484375,0.43709519505500793,1.000001072883606,1.0,0.96875,0.484375,0.484375,1.5620892518358365
12955,O4D,B,3.238893747329712,1.3580687046051025,1.0,0.8330078125,0.4130859375,0.419921875,1.456903100013733,1.0000004768371582,1.0,0.96875,0.484375,0.484375,3.5514784737234617
12955,O4D,C,1.8353052139282227,1.702012538909912,3.0,0.8994140625,0.4423828125,0.45703125,0.6511756777763367,1.0000008344650269,1.0,0.96875,0.484375,0.484375,1.9474021134833943
13008,O1,A,2.4832746982574463,1.9428995847702026,3.0,0.9140625,0.466796875,0.447265625,1.0118930339813232,1.000246286392212,1.0,0.96875,0.484375,0.484375,2.6815258229645185
13008,O1,B,18.97849464416504,1.1638998985290527,1.0,0.853515625,0.4306640625,0.4228515625,1.0989223718643188,1.0023831129074097,1.0,1.0,0.5,0.5,19.010283778470665
13008,O1,C,14.015096664428711,1.2148544788360596,1.0,0.9130859375,0.4609375,0.4521484375,1.2764363288879395,1.00232994556427,1.0,0.96875,0.484375,0.484375,14.07310286379609
13008,O3,A,1.3293718099594116,1.7597662210464478,3.0,0.9306640625,0.4560546875,0.474609375,0.32927843928337097,1.0000008344650269,1.0,0.90625,0.453125,0.453125,1.3695450703396566
13008,O3,B,0.49219974875450134,2.541804790496826,3.0,0.8623046875,0.4140625,0.4482421875,1.2703728675842285,1.0000007152557373,1.0,1.0,0.5,0.5,1.36239047830208
13008,O3,C,5.263876914978027,1.8842480182647705,2.0,0.8779296875,0.4599609375,0.41796875,1.5316922664642334,1.0000004768371582,1.0,0.9375,0.46875,0.46875,5.482196765456794
13008,O4R,A,1.3296838998794556,1.7597181797027588,3.0,0.9306640625,0.4560546875,0.474609375,0.32930678129196167,1.000001072883606,1.0,0.90625,0.453125,0.453125,1.3698548207030954
13008,O4R,B,0.44080650806427,2.662590980529785,3.0,0.8330078125,0.3984375,0.4345703125,1.2316274642944336,1.0000003576278687,1.0,0.96875,0.484375,0.484375,1.308134774538217
13008,O4R,C,5.170106887817383,1.6947569847106934,2.0,0.880859375,0.470703125,0.41015625,1.5712627172470093,1.0000003576278687,1.0,0.9375,0.46875,0.46875,5.403598038165607
13008,O4M,A,1.400720238685608,1.7326735258102417,3.0,0.9384765625,0.4599609375,0.478515625,0.42014065384864807,1.0000019073486328,1.0,0.96875,0.484375,0.484375,1.4623731931623458
13008,O4M,B,2.888636827468872,1.568071961402893,2.0,0.77734375,0.38671875,0.390625,1.610327124595642,1.0000008344650269,1.0,1.0,0.5,0.5,3.3071704173232286
13008,O4M,C,5.757640361785889,1.340256690979004,2.0,0.9296875,0.4677734375,0.4619140625,2.269209861755371,1.0000004768371582,1.0,1.0,0.5,0.5,6.188678044005341
13008,O4D,A,1.400720238685608,1.7326735258102417,3.0,0.9384765625,0.4599609375,0.478515625,0.42014065384864807,1.0000019073486328,1.0,0.96875,0.484375,0.484375,1.4623731931623458
13008,O4D,B,2.888636827468872,1.568071961402893,2.0,0.77734375,0.38671875,0.390625,1.610327124595642,1.0000008344650269,1.0,1.0,0.5,0.5,3.3071704173232286
13008,O4D,C,5.181055068969727,1.3685494661331177,2.0,0.921875,0.4609375,0.4609375,1.6589027643203735,1.0000004768371582,1.0,1.0,0.5,0.5,5.4401553295072995
13061,O1,A,2.2889609336853027,1.389337420463562,2.0,0.9287109375,0.474609375,0.4541015625,0.9908161759376526,1.000280499458313,1.0,1.0,0.5,0.5,2.494205053807166
13061,O1,B,19.323030471801758,1.0588427782058716,1.0,0.869140625,0.43359375,0.435546875,1.1648672819137573,1.00132417678833,1.0,0.96875,0.484375,0.484375,19.358109990354233
13061,O1,C,13.60018253326416,1.0798492431640625,1.0,0.8271484375,0.4169921875,0.41015625,1.3336549997329712,1.0023664236068726,1.0,1.0,0.5,0.5,13.665416224777651
13061,O3,A,1.0866622924804688,1.1281580924987793,1.0,0.873046875,0.4306640625,0.4423828125,0.31689882278442383,1.000001311302185,1.0,0.90625,0.453125,0.453125,1.1319274719614598
13061,O3,B,0.5744996666908264,2.1298439502716064,2.0,0.85546875,0.431640625,0.423828125,1.215994119644165,1.0000005960464478,1.0,1.0,0.5,0.5,1.3448760411417324
13061,O3,C,5.564748764038086,1.8646340370178223,3.0,0.8544921875,0.4287109375,0.42578125,1.6790636777877808,1.0000007152557373,1.0,1.0,0.5,0.5,5.8125453667846445
13061,O4R,A,1.0859990119934082,1.1269046068191528,1.0,0.8720703125,0.4306640625,0.44140625,0.3152698576450348,1.000001311302185,1.0,0.90625,0.453125,0.453125,1.130835504036807
13061,O4R,B,0.6554858684539795,2.049955368041992,2.0,0.9033203125,0.451171875,0.4521484375,1.2269010543823242,1.0000004768371582,1.0,1.0,0.5,0.5,1.3910240547838584
13061,O4R,C,4.116462707519531,2.4018735885620117,3.0,0.845703125,0.4287109375,0.4169921875,1.673348307609558,1.0000004768371582,1.0,1.0,0.5,0.5,4.443575112561821
13061,O4M,A,1.0638443231582642,1.1333308219909668,1.0,0.8779296875,0.431640625,0.4462890625,0.4068256914615631,1.0000025033950806,1.0,0.875,0.4375,0.4375,1.1389784401599725
13061,O4M,B,0.4650706946849823,1.9966456890106201,2.0,0.60546875,0.2998046875,0.3056640625,1.235041618347168,1.0000011920928955,1.0,1.0,0.5,0.5,1.3197039630554892
13061,O4M,C,2.090006113052368,1.5947315692901611,2.0,0.955078125,0.4814453125,0.4736328125,1.4274290800094604,1.0000011920928955,1.0,0.9375,0.46875,0.46875,2.5309443555821063
13061,O4D,A,1.0638443231582642,1.1333308219909668,1.0,0.8779296875,0.431640625,0.4462890625,0.4068256914615631,1.0000025033950806,1.0,0.875,0.4375,0.4375,1.1389784401599725
13061,O4D,B,0.4650706946849823,1.9966456890106201,2.0,0.60546875,0.2998046875,0.3056640625,1.235041618347168,1.0000011920928955,1.0,1.0,0.5,0.5,1.3197039630554892
13061,O4D,C,2.2965028285980225,1.74922513961792,2.0,0.955078125,0.478515625,0.4765625,1.4259577989578247,1.000001072883606,1.0,0.96875,0.484375,0.484375,2.703198269858754
13114,O1,A,2.374777317047119,1.4417041540145874,2.0,0.9619140625,0.4892578125,0.47265625,0.9669033885002136,1.0002071857452393,1.0,1.0,0.5,0.5,2.5640728281885266
13114,O1,B,18.137245178222656,1.082016944885254,1.0,0.884765625,0.4443359375,0.4404296875,1.2352609634399414,1.000327706336975,1.0,1.0,0.5,0.5,18.17926104941451
13114,O1,C,12.521905899047852,1.1117280721664429,1.0,0.8876953125,0.4453125,0.4423828125,1.0930883884429932,1.0003397464752197,1.0,0.96875,0.484375,0.484375,12.56952543135811
13114,O3,A,1.4885262250900269,1.4940545558929443,2.0,0.84765625,0.4150390625,0.4326171875,0.31115853786468506,1.000001311302185,1.0,0.9375,0.46875,0.46875,1.5207004828258766
13114,O3,B,1.1228725910186768,2.270031690597534,3.0,0.8271484375,0.4130859375,0.4140625,1.1194489002227783,1.0000007152557373,1.0,0.9375,0.46875,0.46875,1.585562580244307
13114,O3,C,6.566622734069824,1.6197885274887085,2.0,0.7294921875,0.3720703125,0.357421875,1.548324465751648,1.0000009536743164,1.0,1.0,0.5,0.5,6.746691247037156
13114,O4R,A,1.4887971878051758,1.4939706325531006,2.0,0.84765625,0.4150390625,0.4326171875,0.31131651997566223,1.0000007152557373,1.0,0.9375,0.46875,0.46875,1.5209980414275217
13114,O4R,B,0.9868534803390503,2.3893704414367676,3.0,0.82421875,0.408203125,0.416015625,1.1574276685714722,1.0000004768371582,1.0,0.9375,0.46875,0.46875,1.5210255091983467
13114,O4R,C,4.963993549346924,1.9800275564193726,3.0,0.7177734375,0.37109375,0.3466796875,1.5431506633758545,1.0000004768371582,1.0,1.0,0.5,0.5,5.198321452914894
13114,O4M,A,1.580467700958252,1.474055528640747,2.0,0.87890625,0.427734375,0.451171875,0.4440491795539856,1.0000016689300537,1.0,1.0,0.5,0.5,1.6416631285482506
13114,O4M,B,3.050959348678589,1.4513205289840698,2.0,0.6142578125,0.29296875,0.3212890625,1.1037232875823975,1.0000011920928955,1.0,0.96875,0.484375,0.484375,3.2444657561516927
13114,O4M,C,3.133894920349121,1.8491270542144775,2.0,0.7568359375,0.37890625,0.3779296875,1.3353140354156494,1.000001072883606,1.0,0.9375,0.46875,0.46875,3.406517421791359
13114,O4D,A,1.580467700958252,1.474055528640747,2.0,0.87890625,0.427734375,0.451171875,0.4440491795539856,1.0000016689300537,1.0,1.0,0.5,0.5,1.6416631285482506
13114,O4D,B,3.050959348678589,1.4513205289840698,2.0,0.6142578125,0.29296875,0.3212890625,1.1037232875823975,1.0000011920928955,1.0,0.96875,0.484375,0.484375,3.2444657561516927
13114,O4D,C,2.8434438705444336,1.9243415594100952,2.0,0.7236328125,0.3671875,0.3564453125,1.3278449773788452,1.0000009536743164,1.0,0.9375,0.46875,0.46875,3.138207343195624
13167,O1,A,2.221877098083496,1.631343960762024,2.0,0.9609375,0.4931640625,0.4677734375,0.9662787914276123,1.0005196332931519,1.0,1.0,0.5,0.5,2.4228975508161184
13167,O1,B,17.101106643676758,1.137763261795044,1.0,0.8974609375,0.451171875,0.4462890625,1.125960350036621,1.0013694763183594,1.0,0.96875,0.484375,0.484375,17.138133945918966
13167,O1,C,13.942835807800293,1.160886287689209,1.0,0.9130859375,0.4638671875,0.44921875,1.2877545356750488,1.0014326572418213,1.0,0.96875,0.484375,0.484375,14.002177763027783
13167,O3,A,1.3918596506118774,1.829034686088562,2.0,0.9765625,0.4775390625,0.4990234375,0.30776652693748474,1.0000011920928955,1.0,0.84375,0.421875,0.421875,1.4254801023180153
13167,O3,B,0.9689362049102783,2.7340915203094482,3.0,0.7607421875,0.3779296875,0.3828125,1.231032371520996,1.0000007152557373,1.0,1.0,0.5,0.5,1.5666135671947121
13167,O3,C,5.458800792694092,2.0605835914611816,3.0,0.8125,0.4013671875,0.4111328125,1.8815940618515015,1.0000007152557373,1.0,0.9375,0.46875,0.46875,5.773984959099952
13167,O4R,A,1.409769892692566,1.8078700304031372,2.0,0.9814453125,0.4794921875,0.501953125,0.31038856506347656,1.0000008344650269,1.0,0.84375,0.421875,0.421875,1.4435346243386658
13167,O4R,B,1.131462812423706,2.556612730026245,3.0,0.736328125,0.37109375,0.365234375,1.2160574197769165,1.0000004768371582,1.0,1.0,0.5,0.5,1.6610249077278325
13167,O4R,C,4.833409309387207,2.0806941986083984,4.0,0.86328125,0.4404296875,0.4228515625,1.6401891708374023,1.0000008344650269,1.0,0.90625,0.453125,0.453125,5.10412245819036
13167,O4M,A,1.4281604290008545,1.82770574092865,2.0,0.939453125,0.4609375,0.478515625,0.4612734615802765,1.0000008344650269,1.0,0.9375,0.46875,0.46875,1.500804923140298
13167,O4M,B,0.7573748826980591,2.496979236602783,3.0,0.6005859375,0.30078125,0.2998046875,1.2687987089157104,1.0000007152557373,1.0,1.0,0.5,0.5,1.4776558722138495
13167,O4M,C,2.92415189743042,2.5687408447265625,4.0,0.779296875,0.38671875,0.392578125,1.5537797212600708,1.0000008344650269,1.0,0.96875,0.484375,0.484375,3.3113283952886565
13167,O4D,A,1.4281604290008545,1.82770574092865,2.0,0.939453125,0.4609375,0.478515625,0.4612734615802765,1.0000008344650269,1.0,0.9375,0.46875,0.46875,1.500804923140298
13167,O4D,B,0.7573748826980591,2.496979236602783,3.0,0.6005859375,0.30078125,0.2998046875,1.2687987089157104,1.0000007152557373,1.0,1.0,0.5,0.5,1.4776558722138495
13167,O4D,C,3.0193920135498047,2.490504026412964,4.0,0.8125,0.4072265625,0.4052734375,1.4789458513259888,1.0000004768371582,1.0,0.9375,0.46875,0.46875,3.3621435071458055
13220,O1,A,2.419067621231079,1.6984772682189941,2.0,0.8828125,0.4501953125,0.4326171875,0.9745653867721558,1.0002686977386475,1.0,1.0,0.5,0.5,2.6080003545212476
13220,O1,B,18.702322006225586,1.132480502128601,1.0,0.8603515625,0.4296875,0.4306640625,1.1701618432998657,1.0008903741836548,1.0,1.0,0.5,0.5,18.738893434887363
13220,O1,C,14.707443237304688,1.160290241241455,1.0,0.9326171875,0.4658203125,0.466796875,1.2544777393341064,1.0010285377502441,1.0,0.9375,0.46875,0.46875,14.76084689226957
13220,O3,A,1.6759313344955444,1.4692771434783936,2.0,0.900390625,0.4462890625,0.4541015625,0.2666259706020355,1.0000008344650269,1.0,0.96875,0.484375,0.484375,1.6970077330829976
13220,O3,B,1.9113504886627197,2.2471675872802734,2.0,0.7060546875,0.34765625,0.3583984375,1.2147643566131592,1.0000004768371582,1.0,1.0,0.5,0.5,2.2647103860337197
13220,O3,C,3.3180437088012695,2.448261022567749,3.0,0.8232421875,0.4140625,0.4091796875,1.6860030889511108,1.0000007152557373,1.0,0.96875,0.484375,0.484375,3.721830258013975
13220,O4R,A,1.6220325231552124,1.4945155382156372,2.0,0.9013671875,0.447265625,0.4541015625,0.2780967950820923,1.000001311302185,1.0,0.96875,0.484375,0.484375,1.6456996486625972
13220,O4R,B,2.312769889831543,1.941969871520996,3.0,0.638671875,0.30859375,0.330078125,1.1379377841949463,1.0000004768371582,1.0,0.96875,0.484375,0.484375,2.5775583337744097
13220,O4R,C,2.0268285274505615,2.565995693206787,4.0,0.8251953125,0.4287109375,0.396484375,0.4544626474380493,1.0000019073486328,1.0,0.96875,0.484375,0.484375,2.0771543461196647
13220,O4M,A,1.751988410949707,1.4474667310714722,2.0,0.93359375,0.4638671875,0.4697265625,0.3955850601196289,1.0000016689300537,1.0,0.96875,0.484375,0.484375,1.7960932414248236
13220,O4M,B,3.3486084938049316,1.3176003694534302,1.0,0.91796875,0.453125,0.46484375,1.2077505588531494,1.0000011920928955,1.0,0.96875,0.484375,0.484375,3.559752836531299
13220,O4M,C,7.483467102050781,1.1886436939239502,1.0,0.9072265625,0.451171875,0.4560546875,2.235675811767578,1.0000007152557373,1.0,1.0,0.5,0.5,7.810283362516301
13220,O4D,A,1.751988410949707,1.4474667310714722,2.0,0.93359375,0.4638671875,0.4697265625,0.3955850601196289,1.0000016689300537,1.0,0.96875,0.484375,0.484375,1.7960932414248236
13220,O4D,B,3.3486084938049316,1.3176003694534302,1.0,0.91796875,0.453125,0.46484375,1.2077505588531494,1.0000011920928955,1.0,0.96875,0.484375,0.484375,3.559752836531299
13220,O4D,C,7.2855143547058105,1.1870718002319336,1.0,0.919921875,0.455078125,0.46484375,1.7059818506240845,1.0000008344650269,1.0,1.0,0.5,0.5,7.482586016029699
13273,O1,A,2.650609254837036,1.4579724073410034,2.0,0.9609375,0.4853515625,0.4755859375,0.9736475944519043,1.0004801750183105,1.0,1.0,0.5,0.5,2.823777445198139
13273,O1,B,8.097633361816406,1.181852102279663,1.0,0.8408203125,0.4189453125,0.421875,0.14851567149162292,1.0079894065856934,1.0,0.9375,0.46875,0.46875,8.09899518255695
13273,O1,C,7.996180057525635,1.1856131553649902,1.0,0.798828125,0.396484375,0.40234375,0.2837962806224823,1.0066605806350708,1.0,0.96875,0.484375,0.484375,8.001214647868522
13273,O3,A,1.5302631855010986,1.1236941814422607,1.0,0.9365234375,0.4765625,0.4599609375,0.2846682369709015,1.000001072883606,1.0,1.0,0.5,0.5,1.5565157956282007
13273,O3,B,1.4330540895462036,1.6691367626190186,2.0,0.5810546875,0.28515625,0.2958984375,1.252976655960083,1.0000004768371582,1.0,1.0,0.5,0.5,1.903574144588545
13273,O3,C,2.2171409130096436,2.4450936317443848,3.0,0.7021484375,0.349609375,0.3525390625,1.769681692123413,1.0000004768371582,1.0,0.96875,0.484375,0.484375,2.836809320271284
13273,O4R,A,1.5461505651474,1.1230857372283936,1.0,0.9375,0.4765625,0.4609375,0.282853901386261,1.0000004768371582,1.0,1.0,0.5,0.5,1.5718103892120872
13273,O4R,B,1.219396948814392,1.560675024986267,2.0,0.4970703125,0.2421875,0.2548828125,1.1786012649536133,1.0000004768371582,1.0,0.96875,0.484375,0.484375,1.6958861578915332
13273,O4R,C,1.8473358154296875,2.4908840656280518,3.0,0.787109375,0.4033203125,0.3837890625,1.741572618484497,1.0000003576278687,1.0,1.0,0.5,0.5,2.5388432012285076
13273,O4M,A,1.5844323635101318,1.1204450130462646,1.0,0.9423828125,0.478515625,0.4638671875,0.40442925691604614,1.0000011920928955,1.0,0.96875,0.484375,0.484375,1.635233603613859
13273,O4M,B,2.600501775741577,1.2578752040863037,1.0,0.8779296875,0.4404296875,0.4375,1.3706681728363037,1.0000003576278687,1.0,1.0,0.5,0.5,2.9396157445593984
13273,O4M,C,1.9712035655975342,1.3590166568756104,1.0,0.72265625,0.357421875,0.365234375,0.6370517015457153,1.0000004768371582,1.0,0.9375,0.46875,0.46875,2.0715883682495235
13273,O4D,A,1.5844323635101318,1.1204450130462646,1.0,0.9423828125,0.478515625,0.4638671875,0.40442925691604614,1.0000011920928955,1.0,0.96875,0.484375,0.484375,1.635233603613859
13273,O4D,B,2.600501775741577,1.2578752040863037,1.0,0.8779296875,0.4404296875,0.4375,1.3706681728363037,1.0000003576278687,1.0,1.0,0.5,0.5,2.9396157445593984
13273,O4D,C,1.9445677995681763,1.3417320251464844,1.0,0.73046875,0.36328125,0.3671875,0.7594671249389648,1.0000009536743164,1.0,0.96875,0.484375,0.484375,2.087614485718203
13326,O1,A,2.190617322921753,1.7481671571731567,3.0,0.9248046875,0.4716796875,0.453125,0.9683789014816284,1.0006238222122192,1.0,1.0,0.5,0.5,2.3951120959820718
13326,O1,B,15.662514686584473,1.1464377641677856,1.0,0.927734375,0.4638671875,0.4638671875,1.194412112236023,1.0014381408691406,1.0,1.0,0.5,0.5,15.707991170144272
13326,O1,C,10.998337745666504,1.1994493007659912,1.0,0.7783203125,0.3935546875,0.384765625,1.2247061729431152,1.001315712928772,1.0,0.96875,0.484375,0.484375,11.06631548338459
13326,O3,A,1.2849581241607666,1.9663110971450806,3.0,0.88671875,0.439453125,0.447265625,0.3248854875564575,1.000001072883606,1.0,0.875,0.4375,0.4375,1.3253935117056945
13326,O3,B,2.5552210807800293,2.315439462661743,3.0,0.693359375,0.3388671875,0.3544921875,1.1750922203063965,1.0000008344650269,1.0,1.0,0.5,0.5,2.8124715994810114
13326,O3,C,3.1066243648529053,2.5813872814178467,4.0,0.7490234375,0.373046875,0.3759765625,1.6150848865509033,1.0000007152557373,1.0,0.96875,0.484375,0.484375,3.501373178491956
13326,O4R,A,1.3078155517578125,1.955221176147461,3.0,0.88671875,0.4375,0.44921875,0.3276793360710144,1.000001072883606,1.0,0.875,0.4375,0.4375,1.3482415453870025
13326,O4R,B,2.819202423095703,2.2336978912353516,3.0,0.712890625,0.34765625,0.365234375,1.242069125175476,1.0000004768371582,1.0,1.0,0.5,0.5,3.080687912480402
13326,O4R,C,1.6472965478897095,3.4462685585021973,4.0,0.8564453125,0.4189453125,0.4375,1.6641546487808228,1.0000007152557373,1.0,0.96875,0.484375,0.484375,2.341579939218001
13326,O4M,A,1.380311369895935,1.9238685369491577,3.0,0.892578125,0.439453125,0.453125,0.46721965074539185,1.000001072883606,1.0,0.96875,0.484375,0.484375,1.4572418055719643
13326,O4M,B,3.3514223098754883,1.641836404800415,2.0,0.73828125,0.3642578125,0.3740234375,1.4762452840805054,1.0000007152557373,1.0,1.0,0.5,0.5,3.662148500252425
13326,O4M,C,5.659335136413574,1.4212316274642944,2.0,0.7490234375,0.3740234375,0.375,2.3349413871765137,1.0000007152557373,1.0,1.0,0.5,0.5,6.1220932259967284
13326,O4D,A,1.380311369895935,1.9238685369491577,3.0,0.892578125,0.439453125,0.453125,0.46721965074539185,1.000001072883606,1.0,0.96875,0.484375,0.484375,1.4572418055719643
13326,O4D,B,3.3514223098754883,1.641836404800415,2.0,0.73828125,0.3642578125,0.3740234375,1.4762452840805054,1.0000007152557373,1.0,1.0,0.5,0.5,3.662148500252425
13326,O4D,C,5.425442218780518,1.4343332052230835,2.0,0.7451171875,0.376953125,0.3681640625,1.6133307218551636,1.0000004768371582,1.0,1.0,0.5,0.5,5.660234914507327
13379,O1,A,2.420452833175659,1.3337469100952148,2.0,0.8896484375,0.4453125,0.4443359375,0.9960449934005737,1.0003330707550049,1.0,1.0,0.5,0.5,2.6173837216782765
13379,O1,B,18.10669708251953,1.0627853870391846,1.0,0.9501953125,0.4765625,0.4736328125,1.2115318775177002,1.0016112327575684,1.0,1.0,0.5,0.5,18.147184044042834
13379,O1,C,11.896512031555176,1.0901358127593994,1.0,0.8662109375,0.44140625,0.4248046875,1.2679640054702759,1.0021576881408691,1.0,0.96875,0.484375,0.484375,11.963892812797399
13379,O3,A,1.3482273817062378,1.9201613664627075,3.0,0.861328125,0.4404296875,0.4208984375,0.40589264035224915,1.0000004768371582,1.0,0.90625,0.453125,0.453125,1.4080006776541614
13379,O3,B,2.740375280380249,1.6535606384277344,3.0,0.53125,0.267578125,0.263671875,1.1043039560317993,1.0000007152557373,1.0,0.9375,0.46875,0.46875,2.954512464794591
13379,O3,C,2.278268814086914,2.5315961837768555,4.0,0.7734375,0.3779296875,0.3955078125,1.3330626487731934,1.0000004768371582,1.0,0.96875,0.484375,0.484375,2.639614520113722
13379,O4R,A,1.3739707469940186,1.8984625339508057,3.0,0.8134765625,0.41796875,0.3955078125,0.41006380319595337,1.0000011920928955,1.0,0.90625,0.453125,0.453125,1.4338577113112831
13379,O4R,B,2.4365665912628174,1.6923751831054688,3.0,0.5439453125,0.275390625,0.2685546875,1.1311581134796143,1.0000007152557373,1.0,0.96875,0.484375,0.484375,2.6863312214521993
13379,O4R,C,2.258338689804077,2.500084638595581,4.0,0.7529296875,0.37109375,0.3818359375,1.3549753427505493,1.0000004768371582,1.0,1.0,0.5,0.5,2.633638513032486
13379,O4M,A,1.3997565507888794,1.8947131633758545,3.0,0.8701171875,0.439453125,0.4306640625,0.5327607989311218,1.0000007152557373,1.0,0.84375,0.421875,0.421875,1.4977157508533145
13379,O4M,B,2.8198330402374268,2.015636920928955,2.0,0.74609375,0.369140625,0.376953125,1.2057464122772217,1.000001072883606,1.0,1.0,0.5,0.5,3.0668033496678655
13379,O4M,C,1.8090916872024536,2.313188076019287,3.0,0.833984375,0.4189453125,0.4150390625,1.5750538110733032,1.0000008344650269,1.0,0.9375,0.46875,0.46875,2.3986678053622925
13379,O4D,A,1.3997565507888794,1.8947131633758545,3.0,0.8701171875,0.439453125,0.4306640625,0.5327607989311218,1.0000007152557373,1.0,0.84375,0.421875,0.421875,1.4977157508533145
13379,O4D,B,2.8198330402374268,2.015636920928955,2.0,0.74609375,0.369140625,0.376953125,1.2057464122772217,1.000001072883606,1.0,1.0,0.5,0.5,3.0668033496678655
13379,O4D,C,1.784377932548523,2.2961466312408447,3.0,0.849609375,0.4296875,0.419921875,1.571274995803833,1.0000004768371582,1.0,0.96875,0.484375,0.484375,2.377584849927438
13432,O1,A,2.428112745285034,1.6818525791168213,2.0,0.9462890625,0.4775390625,0.46875,0.9863449931144714,1.0002068281173706,1.0,1.0,0.5,0.5,2.620802920720597
13432,O1,B,18.47581672668457,1.118693232536316,1.0,0.873046875,0.4326171875,0.4404296875,0.6830388903617859,1.0014718770980835,1.0,1.0,0.5,0.5,18.488438166697154
13432,O1,C,17.819677352905273,1.127209186553955,1.0,0.8408203125,0.4189453125,0.421875,0.21920599043369293,1.0047332048416138,1.0,0.9375,0.46875,0.46875,17.82102556610834
13432,O3,A,1.3740555047988892,1.6261882781982422,2.0,0.8974609375,0.451171875,0.4462890625,0.30328109860420227,1.000001311302185,1.0,0.96875,0.484375,0.484375,1.4071275546441062
13432,O3,B,1.4618598222732544,2.1270229816436768,3.0,0.7109375,0.345703125,0.365234375,1.139144778251648,1.0000003576278687,1.0,1.0,0.5,0.5,1.8532903080183598
13432,O3,C,3.5358726978302,1.880332589149475,3.0,0.658203125,0.3369140625,0.3212890625,1.6625300645828247,1.0000004768371582,1.0,1.0,0.5,0.5,3.90722432820318
13432,O4R,A,1.3763014078140259,1.6252646446228027,2.0,0.8974609375,0.451171875,0.4462890625,0.3027587831020355,1.0000008344650269,1.0,0.96875,0.484375,0.484375,1.4092084465742798
13432,O4R,B,1.2416833639144897,2.2324891090393066,3.0,0.70703125,0.349609375,0.357421875,1.1463358402252197,1.0000003576278687,1.0,1.0,0.5,0.5,1.689930008848551
13432,O4R,C,4.67822790145874,1.6479629278182983,3.0,0.6875,0.3505859375,0.3369140625,1.6464811563491821,1.0000004768371582,1.0,1.0,0.5,0.5,4.9595076868778
13432,O4M,A,1.4386857748031616,1.5996036529541016,2.0,0.89453125,0.4462890625,0.4482421875,0.470399409532547,1.0000007152557373,1.0,1.0,0.5,0.5,1.5136354789411954
13432,O4M,B,0.3676243722438812,2.837728500366211,3.0,0.373046875,0.1875,0.185546875,1.2280330657958984,1.0000004768371582,1.0,0.96875,0.484375,0.484375,1.2818786564085467
13432,O4M,C,2.974942684173584,2.6369285583496094,3.0,0.7978515625,0.40234375,0.3955078125,1.5008400678634644,1.0000003576278687,1.0,1.0,0.5,0.5,3.3320871662401537
13432,O4D,A,1.4386857748031616,1.5996036529541016,2.0,0.89453125,0.4462890625,0.4482421875,0.470399409532547,1.0000007152557373,1.0,1.0,0.5,0.5,1.5136354789411954
13432,O4D,B,0.3676243722438812,2.837728500366211,3.0,0.373046875,0.1875,0.185546875,1.2280330657958984,1.0000004768371582,1.0,0.96875,0.484375,0.484375,1.2818786564085467
13432,O4D,C,3.052022933959961,2.504295825958252,3.0,0.8095703125,0.40625,0.4033203125,1.4988536834716797,1.0000004768371582,1.0,1.0,0.5,0.5,3.4002068104564156
13485,O1,A,2.368379592895508,1.3127076625823975,1.0,0.9248046875,0.4658203125,0.458984375,0.988320529460907,1.0003204345703125,1.0,1.0,0.5,0.5,2.5663201992342612
13485,O1,B,19.027494430541992,1.0518105030059814,1.0,0.9072265625,0.455078125,0.4521484375,1.1415895223617554,1.0016639232635498,1.0,1.0,0.5,0.5,19.061709549299945
13485,O1,C,13.01720142364502,1.0719066858291626,1.0,0.927734375,0.4677734375,0.4599609375,1.2181670665740967,1.0018010139465332,1.0,0.96875,0.484375,0.484375,13.07407602493697
13485,O3,A,1.0573629140853882,1.3935881853103638,2.0,0.8017578125,0.404296875,0.3974609375,0.22252656519412994,1.0000004768371582,1.0,0.9375,0.46875,0.46875,1.0805250595429248
13485,O3,B,0.8786636590957642,2.1184170246124268,2.0,0.7412109375,0.3701171875,0.37109375,1.1065800189971924,1.0000004768371582,1.0,0.96875,0.484375,0.484375,1.4130000581243385
13485,O3,C,8.250314712524414,1.7098122835159302,2.0,0.796875,0.408203125,0.388671875,1.5016967058181763,1.0000007152557373,1.0,0.9375,0.46875,0.46875,8.385868222907034
13485,O4R,A,1.0465387105941772,1.379315733909607,2.0,0.8466796875,0.4228515625,0.423828125,0.22701750695705414,1.0000011920928955,1.0,0.90625,0.453125,0.453125,1.07087824762534
13485,O4R,B,0.7731395363807678,2.2352800369262695,3.0,0.701171875,0.353515625,0.34765625,1.114877462387085,1.0000011920928955,1.0,1.0,0.5,0.5,1.3567227052178845
13485,O4R,C,5.9101176261901855,2.139843225479126,2.0,0.7470703125,0.37890625,0.3681640625,1.5817315578460693,1.0000007152557373,1.0,0.96875,0.484375,0.484375,6.118117772361861
13485,O4M,A,1.0037682056427002,1.4283957481384277,2.0,0.767578125,0.3837890625,0.3837890625,0.37547001242637634,1.0000011920928955,1.0,0.9375,0.46875,0.46875,1.0716941452161757
13485,O4M,B,0.37900370359420776,2.592822313308716,4.0,0.513671875,0.2568359375,0.2568359375,1.1655821800231934,1.0000007152557373,1.0,0.96875,0.484375,0.484375,1.225653142502293
13485,O4M,C,2.9980416297912598,1.897593379020691,2.0,0.6748046875,0.3427734375,0.33203125,1.320271611213684,1.0000004768371582,1.0,1.0,0.5,0.5,3.27587709496834
13485,O4D,A,1.0037682056427002,1.4283957481384277,2.0,0.767578125,0.3837890625,0.3837890625,0.37547001242637634,1.0000011920928955,1.0,0.9375,0.46875,0.46875,1.0716941452161757
13485,O4D,B,0.37900370359420776,2.592822313308716,4.0,0.513671875,0.2568359375,0.2568359375,1.1655821800231934,1.0000007152557373,1.0,0.96875,0.484375,0.484375,1.225653142502293
13485,O4D,C,2.215545415878296,2.3726460933685303,3.0,0.7841796875,0.388671875,0.3955078125,1.3474940061569214,1.0000007152557373,1.0,1.0,0.5,0.5,2.593141258483263
13538,O1,A,2.3474950790405273,1.5472677946090698,2.0,0.9560546875,0.4794921875,0.4765625,0.988851010799408,1.0002467632293701,1.0,1.0,0.5,0.5,2.5472650956817398
13538,O1,B,19.9156551361084,1.1178510189056396,1.0,0.88671875,0.44140625,0.4453125,1.1246452331542969,1.0011751651763916,1.0,1.0,0.5,0.5,19.947384450119205
13538,O1,C,15.239567756652832,1.1448572874069214,1.0,0.890625,0.4541015625,0.4365234375,1.0229387283325195,1.0013703107833862,1.0,0.96875,0.484375,0.484375,15.273860973949422
13538,O3,A,1.4230116605758667,1.66554594039917,2.0,0.9267578125,0.4609375,0.4658203125,0.3366446793079376,1.0000008344650269,1.0,0.9375,0.46875,0.46875,1.462289925507671
13538,O3,B,2.655162811279297,2.158531427383423,3.0,0.6484375,0.3349609375,0.3134765625,1.18172025680542,1.0000007152557373,1.0,1.0,0.5,0.5,2.9062608829464787
13538,O3,C,2.290435552597046,2.4931352138519287,4.0,0.724609375,0.3740234375,0.3505859375,0.3721284866333008,1.0000014305114746,1.0,0.875,0.4375,0.4375,2.3204686231803535
13538,O4R,A,1.461527705192566,1.646147608757019,2.0,0.9248046875,0.458984375,0.4658203125,0.33656999468803406,1.0000011920928955,1.0,0.9375,0.46875,0.46875,1.4997808487808315
13538,O4R,B,2.702838182449341,2.1181037425994873,3.0,0.6845703125,0.3466796875,0.337890625,1.1552863121032715,1.0000003576278687,1.0,1.0,0.5,0.5,2.939391213064235
13538,O4R,C,2.9365363121032715,2.5745418071746826,4.0,0.8544921875,0.4306640625,0.423828125,1.5482275485992432,1.0000004768371582,1.0,0.96875,0.484375,0.484375,3.3196767997114875
13538,O4M,A,1.4572676420211792,1.6507030725479126,2.0,0.9130859375,0.4521484375,0.4609375,0.46566301584243774,1.0000003576278687,1.0,0.96875,0.484375,0.484375,1.5298598056048933
13538,O4M,B,2.5926835536956787,1.8011565208435059,3.0,0.7177734375,0.35546875,0.3623046875,1.295395016670227,1.0000007152557373,1.0,1.0,0.5,0.5,2.898285054789834
13538,O4M,C,2.067802667617798,2.449538469314575,4.0,0.8603515625,0.431640625,0.4287109375,1.369043231010437,1.000001072883606,1.0,0.96875,0.484375,0.484375,2.479936942864229
13538,O4D,A,1.4572676420211792,1.6507030725479126,2.0,0.9130859375,0.4521484375,0.4609375,0.46566301584243774,1.0000003576278687,1.0,0.96875,0.484375,0.484375,1.5298598056048933
13538,O4D,B,2.5926835536956787,1.8011565208435059,3.0,0.7177734375,0.35546875,0.3623046875,1.295395016670227,1.0000007152557373,1.0,1.0,0.5,0.5,2.898285054789834
13538,O4D,C,2.4355812072753906,2.3252780437469482,4.0,0.8642578125,0.4228515625,0.44140625,1.4030874967575073,1.0000004768371582,1.0,0.96875,0.484375,0.484375,2.8108202256263737
13591,O1,A,2.3128185272216797,1.7571789026260376,2.0,0.9541015625,0.4931640625,0.4609375,0.9555938243865967,1.000217318534851,1.0,0.96875,0.484375,0.484375,2.502456612424212
13591,O1,B,9.463892936706543,1.2428430318832397,1.0,0.87109375,0.4365234375,0.4345703125,0.4548277258872986,1.0016511678695679,1.0,0.96875,0.484375,0.484375,9.47481597592691
13591,O1,C,9.833949089050293,1.2365776300430298,1.0,0.7978515625,0.39453125,0.4033203125,0.43869537115097046,1.0020180940628052,1.0,0.96875,0.484375,0.484375,9.843729390566482
13591,O3,A,1.6024092435836792,1.767459511756897,2.0,0.9189453125,0.4599609375,0.458984375,0.3340721130371094,1.0000009536743164,1.0,0.96875,0.484375,0.484375,1.6368627189326226
13591,O3,B,3.0676259994506836,1.80597984790802,2.0,0.73046875,0.3681640625,0.3623046875,1.1173146963119507,1.0000007152557373,1.0,1.0,0.5,0.5,3.264769732017937
13591,O3,C,2.32822847366333,2.6777827739715576,4.0,0.7353515625,0.3583984375,0.376953125,0.3278582990169525,1.0000028610229492,1.0,0.84375,0.421875,0.421875,2.351199457683454
13591,O4R,A,1.604244351387024,1.7668930292129517,2.0,0.919921875,0.4609375,0.458984375,0.3340030610561371,1.0000011920928955,1.0,0.96875,0.484375,0.484375,1.638645167128028
13591,O4R,B,3.0160374641418457,1.796555519104004,2.0,0.71875,0.3603515625,0.3583984375,1.1278437376022339,1.0000004768371582,1.0,1.0,0.5,0.5,3.220017621311373
13591,O4R,C,2.1426358222961426,2.8949689865112305,4.0,0.7314453125,0.3623046875,0.369140625,0.2750898003578186,1.0000016689300537,1.0,0.84375,0.421875,0.421875,2.160222827684119
13591,O4M,A,1.637537956237793,1.7616502046585083,2.0,0.896484375,0.4482421875,0.4482421875,0.4887681305408478,1.0000007152557373,1.0,1.0,0.5,0.5,1.7089250549839343
13591,O4M,B,4.367049217224121,1.4733195304870605,2.0,0.9306640625,0.4619140625,0.46875,1.3110734224319458,1.0000004768371582,1.0,1.0,0.5,0.5,4.559608797327378
13591,O4M,C,6.816265106201172,1.3339180946350098,2.0,0.94140625,0.474609375,0.466796875,2.2445430755615234,1.0000004768371582,1.0,1.0,0.5,0.5,7.176311281993477
13591,O4D,A,1.637537956237793,1.7616502046585083,2.0,0.896484375,0.4482421875,0.4482421875,0.4887681305408478,1.0000007152557373,1.0,1.0,0.5,0.5,1.7089250549839343
13591,O4D,B,4.367049217224121,1.4733195304870605,2.0,0.9306640625,0.4619140625,0.46875,1.3110734224319458,1.0000004768371582,1.0,1.0,0.5,0.5,4.559608797327378
13591,O4D,C,6.875013828277588,1.332811951637268,2.0,0.951171875,0.4775390625,0.4736328125,1.5334008932113647,1.0000007152557373,1.0,1.0,0.5,0.5,7.043943032017612
13644,O1,A,2.3960001468658447,1.454298496246338,2.0,0.9453125,0.470703125,0.474609375,0.9836724996566772,1.000289797782898,1.0,1.0,0.5,0.5,2.5900633757423708
13644,O1,B,12.018804550170898,1.1563400030136108,1.0,0.900390625,0.4453125,0.455078125,0.27928629517555237,1.002994418144226,1.0,0.9375,0.46875,0.46875,12.022049062031046
13644,O1,C,10.37371826171875,1.1795015335083008,1.0,0.8505859375,0.42578125,0.4248046875,0.1514851450920105,1.0054762363433838,1.0,1.0,0.5,0.5,10.374824255027196
13644,O3,A,1.2907891273498535,2.037752866744995,3.0,0.90625,0.4619140625,0.4443359375,0.30894389748573303,1.0000011920928955,1.0,0.90625,0.453125,0.453125,1.327246361109448
13644,O3,B,2.9855332374572754,1.4621200561523438,1.0,0.5068359375,0.259765625,0.2470703125,1.1246038675308228,1.0000007152557373,1.0,0.96875,0.484375,0.484375,3.1903201361034923
13644,O3,C,5.402493476867676,2.3277697563171387,3.0,0.802734375,0.400390625,0.40234375,1.5081459283828735,1.0000009536743164,1.0,1.0,0.5,0.5,5.609049822286804
13644,O4R,A,1.2297961711883545,2.081024169921875,3.0,0.9296875,0.46484375,0.46484375,0.3186109662055969,1.0000011920928955,1.0,0.90625,0.453125,0.453125,1.2703981936605548
13644,O4R,B,1.3553630113601685,2.3504912853240967,3.0,0.759765625,0.37890625,0.380859375,1.1734386682510376,1.0000004768371582,1.0,1.0,0.5,0.5,1.7927540826086752
13644,O4R,C,7.630804538726807,2.289952039718628,3.0,0.876953125,0.4521484375,0.4248046875,1.5703470706939697,1.0000004768371582,1.0,1.0,0.5,0.5,7.790710354691077
13644,O4M,A,1.1857091188430786,2.129436492919922,3.0,0.9462890625,0.470703125,0.4755859375,0.48162099719047546,1.0000007152557373,1.0,0.96875,0.484375,0.484375,1.279790959275138
13644,O4M,B,2.287151575088501,1.9420888423919678,3.0,0.6845703125,0.34375,0.3408203125,1.2392109632492065,1.0000004768371582,1.0,1.0,0.5,0.5,2.601289322406648
13644,O4M,C,2.0347111225128174,2.6427247524261475,4.0,0.880859375,0.443359375,0.4375,1.3539081811904907,1.0000004768371582,1.0,0.96875,0.484375,0.484375,2.4439960546555537
13644,O4D,A,1.1857091188430786,2.129436492919922,3.0,0.9462890625,0.470703125,0.4755859375,0.48162099719047546,1.0000007152557373,1.0,0.96875,0.484375,0.484375,1.279790959275138
13644,O4D,B,2.287151575088501,1.9420888423919678,3.0,0.6845703125,0.34375,0.3408203125,1.2392109632492065,1.0000004768371582,1.0,1.0,0.5,0.5,2.601289322406648
13644,O4D,C,2.2993533611297607,2.4720253944396973,4.0,0.83984375,0.4208984375,0.4189453125,1.3461543321609497,1.0000004768371582,1.0,1.0,0.5,0.5,2.6644243966257366
13697,O1,A,2.2504796981811523,2.084947109222412,3.0,0.8857421875,0.4404296875,0.4453125,0.9832375049591064,1.0002187490463257,1.0,0.96875,0.484375,0.484375,2.455893903059279
13697,O1,B,10.597455978393555,1.2848045825958252,1.0,0.904296875,0.4560546875,0.4482421875,0.11127554625272751,1.0146212577819824,1.0,0.875,0.4375,0.4375,10.598040170766629
13697,O1,C,11.751296997070312,1.2637419700622559,1.0,0.87890625,0.44140625,0.4375,0.097956083714962,1.0159515142440796,1.0,0.9375,0.46875,0.46875,11.75170525956512
13697,O3,A,1.3908634185791016,1.4725162982940674,2.0,0.9267578125,0.466796875,0.4599609375,0.12843824923038483,1.0000255107879639,1.0,0.96875,0.484375,0.484375,1.3967810970251966
13697,O3,B,1.5007325410842896,2.421525001525879,3.0,0.7578125,0.3837890625,0.3740234375,1.1335736513137817,1.0000016689300537,1.0,0.96875,0.484375,0.484375,1.880741179115874
13697,O3,C,2.6382968425750732,2.4374921321868896,4.0,0.56640625,0.2763671875,0.2900390625,1.5022693872451782,1.000001311302185,1.0,1.0,0.5,0.5,3.0360210047685117
13697,O4R,A,1.3916124105453491,1.4723310470581055,2.0,0.9267578125,0.466796875,0.4599609375,0.12835408747196198,1.0000189542770386,1.0,0.96875,0.484375,0.484375,1.3975191851830147
13697,O4R,B,1.3447999954223633,2.451322555541992,3.0,0.7548828125,0.3798828125,0.375,1.1931830644607544,1.0000005960464478,1.0,0.96875,0.484375,0.484375,1.7978244778075376
13697,O4R,C,2.90254545211792,2.098184823989868,3.0,0.583984375,0.2939453125,0.2900390625,1.5078234672546387,1.0000003576278687,1.0,1.0,0.5,0.5,3.270825845258995
13697,O4M,A,1.287257194519043,1.518656849861145,2.0,0.9130859375,0.45703125,0.4560546875,0.16276544332504272,1.0000044107437134,1.0,0.90625,0.453125,0.453125,1.2975067145806356
13697,O4M,B,0.9717398285865784,2.4603402614593506,3.0,0.6357421875,0.326171875,0.3095703125,1.2340099811553955,1.0000007152557373,1.0,0.96875,0.484375,0.484375,1.5706874062182494
13697,O4M,C,5.08527135848999,2.0699684619903564,3.0,0.6962890625,0.3564453125,0.33984375,1.4178872108459473,1.0000008344650269,1.0,1.0,0.5,0.5,5.279241321644535
13697,O4D,A,1.287257194519043,1.518656849861145,2.0,0.9130859375,0.45703125,0.4560546875,0.16276544332504272,1.0000044107437134,1.0,0.90625,0.453125,0.453125,1.2975067145806356
13697,O4D,B,0.9717398285865784,2.4603402614593506,3.0,0.6357421875,0.326171875,0.3095703125,1.2340099811553955,1.0000007152557373,1.0,0.96875,0.484375,0.484375,1.5706874062182494
13697,O4D,C,4.15100622177124,2.265484571456909,3.0,0.7236328125,0.3701171875,0.353515625,1.4103913307189941,1.0000004768371582,1.0,1.0,0.5,0.5,4.384068471060966
13750,O1,A,2.3187754154205322,1.876870036125183,2.0,0.9013671875,0.4560546875,0.4453125,0.983123242855072,1.000342845916748,1.0,0.96875,0.484375,0.484375,2.518581096133403
13750,O1,B,9.283787727355957,1.2744338512420654,1.0,0.8173828125,0.40234375,0.4150390625,1.1469619274139404,1.0010415315628052,1.0,0.9375,0.46875,0.46875,9.354369900187942
13750,O1,C,8.45781135559082,1.3034101724624634,1.0,0.861328125,0.4287109375,0.4326171875,0.5261175036430359,1.0020520687103271,1.0,1.0,0.5,0.5,8.474159106035277
13750,O3,A,1.326816439628601,1.473073959350586,2.0,0.908203125,0.4580078125,0.4501953125,0.33535057306289673,1.0000011920928955,1.0,0.9375,0.46875,0.46875,1.3685400510479517
13750,O3,B,2.056128978729248,2.026657819747925,3.0,0.74609375,0.3720703125,0.3740234375,1.1804224252700806,1.0000004768371582,1.0,0.96875,0.484375,0.484375,2.3708782084389486
13750,O3,C,1.8559283018112183,2.4094316959381104,4.0,0.66015625,0.33984375,0.3203125,0.3708084225654602,1.0000011920928955,1.0,0.9375,0.46875,0.46875,1.8926089790839937
13750,O4R,A,1.338521122932434,1.4237868785858154,2.0,0.9296875,0.4716796875,0.4580078125,0.33647075295448303,1.0000009536743164,1.0,0.9375,0.46875,0.46875,1.380163528039363
13750,O4R,B,2.342087984085083,1.769225001335144,3.0,0.716796875,0.3583984375,0.3583984375,1.2142572402954102,1.0000003576278687,1.0,0.96875,0.484375,0.484375,2.638142674459733
13750,O4R,C,1.8258254528045654,2.539839029312134,4.0,0.7236328125,0.3828125,0.3408203125,0.42716148495674133,1.0000008344650269,1.0,0.96875,0.484375,0.484375,1.8751281338456434
13750,O4M,A,1.3285030126571655,1.489272117614746,2.0,0.908203125,0.4580078125,0.4501953125,0.47800037264823914,1.000001311302185,1.0,1.0,0.5,0.5,1.4118798146056981
13750,O4M,B,1.839280366897583,2.0316317081451416,3.0,0.697265625,0.3564453125,0.3408203125,1.1834654808044434,1.000001072883606,1.0,0.96875,0.484375,0.484375,2.187131183150796
13750,O4M,C,3.3366856575012207,2.9681475162506104,3.0,0.8427734375,0.4189453125,0.423828125,1.5629794597625732,1.0000007152557373,1.0,0.9375,0.46875,0.46875,3.6846134082986315
13750,O4D,A,1.3285030126571655,1.489272117614746,2.0,0.908203125,0.4580078125,0.4501953125,0.47800037264823914,1.000001311302185,1.0,1.0,0.5,0.5,1.4118798146056981
13750,O4D,B,1.839280366897583,2.0316317081451416,3.0,0.697265625,0.3564453125,0.3408203125,1.1834654808044434,1.000001072883606,1.0,0.96875,0.484375,0.484375,2.187131183150796
13750,O4D,C,3.090578556060791,2.6764273643493652,3.0,0.765625,0.3828125,0.3828125,1.3774551153182983,1.000001072883606,1.0,0.9375,0.46875,0.46875,3.3836457270079783
13803,O1,A,2.235142469406128,1.5991400480270386,2.0,0.9443359375,0.478515625,0.4658203125,0.9890382885932922,1.000365138053894,1.0,0.96875,0.484375,0.484375,2.4441887396120765
13803,O1,B,20.175464630126953,1.1023257970809937,1.0,0.8544921875,0.43359375,0.4208984375,1.0640983581542969,1.0013560056686401,1.0,1.0,0.5,0.5,20.203506585672955
13803,O1,C,14.982037544250488,1.1291874647140503,1.0,0.9287109375,0.466796875,0.4619140625,1.140127182006836,1.0026681423187256,1.0,0.96875,0.484375,0.484375,15.025356533822485
13803,O3,A,1.554640531539917,1.842359185218811,2.0,0.9287109375,0.462890625,0.4658203125,0.34864604473114014,1.0000004768371582,1.0,0.96875,0.484375,0.484375,1.593254922105494
13803,O3,B,1.4382221698760986,2.460977792739868,3.0,0.7705078125,0.3662109375,0.404296875,1.1922798156738281,1.0000004768371582,1.0,1.0,0.5,0.5,1.8681579614118105
13803,O3,C,2.951838254928589,2.6919872760772705,4.0,0.8505859375,0.4326171875,0.41796875,1.8124115467071533,1.0000005960464478,1.0,0.96875,0.484375,0.484375,3.4638395889384475
13803,O4R,A,1.5504777431488037,1.8442457914352417,2.0,0.9267578125,0.4609375,0.4658203125,0.34894508123397827,1.0000007152557373,1.0,0.96875,0.484375,0.484375,1.5892589158841286
13803,O4R,B,1.7682526111602783,2.280485153198242,3.0,0.7900390625,0.3828125,0.4072265625,1.2195271253585815,1.0000004768371582,1.0,1.0,0.5,0.5,2.148013898083648
13803,O4R,C,1.4791679382324219,3.149693012237549,4.0,0.89453125,0.4443359375,0.4501953125,1.6011614799499512,1.0000004768371582,1.0,1.0,0.5,0.5,2.1798293223026137
13803,O4M,A,1.4521472454071045,1.8927254676818848,2.0,0.939453125,0.466796875,0.47265625,0.4982042908668518,1.0000007152557373,1.0,0.9375,0.46875,0.46875,1.5352326005467654
13803,O4M,B,2.7423336505889893,1.7360751628875732,3.0,0.71484375,0.3408203125,0.3740234375,1.1758028268814087,1.0000003576278687,1.0,1.0,0.5,0.5,2.9837738082594405
13803,O4M,C,4.043228626251221,2.0728585720062256,3.0,0.8115234375,0.4130859375,0.3984375,1.3518837690353394,1.0000007152557373,1.0,0.9375,0.46875,0.46875,4.263248462043765
13803,O4D,A,1.4521472454071045,1.8927254676818848,2.0,0.939453125,0.466796875,0.47265625,0.4982042908668518,1.0000007152557373,1.0,0.9375,0.46875,0.46875,1.5352326005467654
13803,O4D,B,2.7423336505889893,1.7360751628875732,3.0,0.71484375,0.3408203125,0.3740234375,1.1758028268814087,1.0000003576278687,1.0,1.0,0.5,0.5,2.9837738082594405
13803,O4D,C,2.482809066772461,2.257978916168213,3.0,0.7734375,0.3837890625,0.3896484375,1.2803654670715332,1.0000007152557373,1.0,1.0,0.5,0.5,2.7935061466402473
13856,O1,A,2.1855967044830322,2.3786330223083496,3.0,0.947265625,0.4765625,0.470703125,1.0038681030273438,1.0002641677856445,1.0,1.0,0.5,0.5,2.405116238962851
13856,O1,B,17.13027000427246,1.2708097696304321,1.0,0.9267578125,0.4619140625,0.46484375,1.1069577932357788,1.0013599395751953,1.0,1.0,0.5,0.5,17.16599854291274
13856,O1,C,12.130020141601562,1.3600594997406006,1.0,0.912109375,0.46484375,0.447265625,1.2819076776504517,1.0011999607086182,1.0,0.96875,0.484375,0.484375,12.197568443328315
13856,O3,A,1.400753378868103,2.009868860244751,3.0,0.9033203125,0.4443359375,0.458984375,0.3548928201198578,1.0000015497207642,1.0,0.84375,0.421875,0.421875,1.4450117446522825
13856,O3,B,2.5703530311584473,2.099780559539795,3.0,0.7685546875,0.3984375,0.3701171875,1.075757622718811,1.0000005960464478,1.0,1.0,0.5,0.5,2.78638998843002
13856,O3,C,2.9353580474853516,2.681112766265869,3.0,0.7392578125,0.37890625,0.3603515625,0.7567391395568848,1.0000004768371582,1.0,0.84375,0.421875,0.421875,3.03133320376931
13856,O4R,A,1.3962950706481934,2.0135018825531006,3.0,0.900390625,0.44140625,0.458984375,0.35509079694747925,1.0000005960464478,1.0,0.84375,0.421875,0.421875,1.4407391847219395
13856,O4R,B,2.4932825565338135,2.0794930458068848,3.0,0.7529296875,0.3916015625,0.361328125,1.1431137323379517,1.0000005960464478,1.0,1.0,0.5,0.5,2.7428392063289806
13856,O4R,C,2.976329803466797,2.6787662506103516,3.0,0.736328125,0.3896484375,0.3466796875,0.7931547164916992,1.0000005960464478,1.0,0.8125,0.40625,0.40625,3.080200237532899
13856,O4M,A,1.3728564977645874,2.0316033363342285,3.0,0.9033203125,0.443359375,0.4599609375,0.4894542098045349,1.0000008344650269,1.0,0.96875,0.484375,0.484375,1.4574979886606465
13856,O4M,B,2.542433261871338,1.8892358541488647,3.0,0.7890625,0.400390625,0.388671875,1.1567070484161377,1.0000004768371582,1.0,1.0,0.5,0.5,2.793194960421722
13856,O4M,C,2.8054988384246826,2.6372499465942383,3.0,0.884765625,0.4453125,0.439453125,0.6275803446769714,1.000001072883606,1.0,0.875,0.4375,0.4375,2.8748357903412693
13856,O4D,A,1.3728564977645874,2.0316033363342285,3.0,0.9033203125,0.443359375,0.4599609375,0.4894542098045349,1.0000008344650269,1.0,0.96875,0.484375,0.484375,1.4574979886606465
13856,O4D,B,2.542433261871338,1.8892358541488647,3.0,0.7890625,0.400390625,0.388671875,1.1567070484161377,1.0000004768371582,1.0,1.0,0.5,0.5,2.793194960421722
13856,O4D,C,3.166090965270996,2.608941078186035,3.0,0.853515625,0.4287109375,0.4248046875,1.104711651802063,1.0000007152557373,1.0,1.0,0.5,0.5,3.3532849318239975
13909,O1,A,2.398688316345215,1.7762144804000854,2.0,0.923828125,0.46484375,0.458984375,0.9870790839195251,1.0001269578933716,1.0,1.0,0.5,0.5,2.5938447827274573
13909,O1,B,8.405895233154297,1.2678147554397583,2.0,0.857421875,0.431640625,0.42578125,0.0629916787147522,1.008880615234375,1.0,0.875,0.4375,0.4375,8.406131251791958
13909,O1,C,8.255960464477539,1.2730785608291626,2.0,0.8369140625,0.41796875,0.4189453125,0.03018461912870407,1.0391052961349487,1.0,1.0,0.5,0.5,8.256015643289935
13909,O3,A,1.1286327838897705,2.1026735305786133,3.0,0.8427734375,0.4189453125,0.423828125,0.393954336643219,1.0000008344650269,1.0,0.84375,0.421875,0.421875,1.1954128911094994
13909,O3,B,1.96388578414917,2.1475112438201904,3.0,0.80859375,0.4052734375,0.4033203125,1.201011300086975,1.0000003576278687,1.0,0.9375,0.46875,0.46875,2.3020155334227885
13909,O3,C,3.4782564640045166,2.083986520767212,3.0,0.8720703125,0.4453125,0.4267578125,1.7101325988769531,1.0000007152557373,1.0,0.90625,0.453125,0.453125,3.8759284739441267
13909,O4R,A,1.131894826889038,2.1006174087524414,3.0,0.841796875,0.4189453125,0.4228515625,0.3923003375530243,1.0000003576278687,1.0,0.84375,0.421875,0.421875,1.1979505223432152
13909,O4R,B,2.1522841453552246,2.125805377960205,3.0,0.818359375,0.41015625,0.408203125,1.2316991090774536,1.0000004768371582,1.0,0.96875,0.484375,0.484375,2.479800342295658
13909,O4R,C,2.1546947956085205,2.337283134460449,3.0,0.6728515625,0.3466796875,0.326171875,1.7844626903533936,1.0000004768371582,1.0,0.96875,0.484375,0.484375,2.797680602836163
13909,O4M,A,1.0981475114822388,2.1315715312957764,3.0,0.841796875,0.41796875,0.423828125,0.4938261806964874,1.0000008344650269,1.0,0.90625,0.453125,0.453125,1.2040731928400008
13909,O4M,B,1.6616544723510742,1.8881465196609497,3.0,0.6572265625,0.3291015625,0.328125,1.260421633720398,1.0000007152557373,1.0,0.96875,0.484375,0.484375,2.0856074127780433
13909,O4M,C,1.096981167793274,3.3418521881103516,4.0,0.7802734375,0.3828125,0.3974609375,1.4200750589370728,1.0000004768371582,1.0,1.0,0.5,0.5,1.7944305100806288
13909,O4D,A,1.0981475114822388,2.1315715312957764,3.0,0.841796875,0.41796875,0.423828125,0.4938261806964874,1.0000008344650269,1.0,0.90625,0.453125,0.453125,1.2040731928400008
13909,O4D,B,1.6616544723510742,1.8881465196609497,3.0,0.6572265625,0.3291015625,0.328125,1.260421633720398,1.0000007152557373,1.0,0.96875,0.484375,0.484375,2.0856074127780433
13909,O4D,C,0.7855377197265625,2.8517236709594727,4.0,0.6845703125,0.33984375,0.3447265625,1.3770651817321777,1.0000007152557373,1.0,0.96875,0.484375,0.484375,1.5853636881965865
13962,O1,A,2.1220219135284424,2.2200992107391357,3.0,0.96875,0.490234375,0.478515625,0.9823464751243591,1.0002098083496094,1.0,1.0,0.5,0.5,2.338371569850302
13962,O1,B,19.38185691833496,1.1947576999664307,1.0,0.8935546875,0.4453125,0.4482421875,1.0910344123840332,1.002039909362793,1.0,1.0,0.5,0.5,19.41254062949554
13962,O1,C,13.527840614318848,1.2593815326690674,1.0,0.92578125,0.466796875,0.458984375,1.228954792022705,1.0019952058792114,1.0,0.96875,0.484375,0.484375,13.583548931234802
13962,O3,A,1.3825716972351074,1.5241992473602295,2.0,0.9072265625,0.4501953125,0.45703125,0.3700374960899353,1.0000008344650269,1.0,0.90625,0.453125,0.453125,1.4312345183470367
13962,O3,B,2.428983688354492,1.9008091688156128,3.0,0.6796875,0.3427734375,0.3369140625,1.1115858554840088,1.0000007152557373,1.0,0.9375,0.46875,0.46875,2.6712515554332033
13962,O3,C,2.0678038597106934,2.2628908157348633,3.0,0.654296875,0.3330078125,0.3212890625,0.3086552321910858,1.0000026226043701,1.0,0.96875,0.484375,0.484375,2.090713001488577
13962,O4R,A,1.3672538995742798,1.5295796394348145,2.0,0.904296875,0.44921875,0.455078125,0.36782947182655334,1.0000009536743164,1.0,0.90625,0.453125,0.453125,1.4158678420831783
13962,O4R,B,2.6187961101531982,1.7856329679489136,3.0,0.693359375,0.3505859375,0.3427734375,1.0862494707107544,1.0000004768371582,1.0,0.9375,0.46875,0.46875,2.8351421444387785
13962,O4R,C,1.8292485475540161,2.6013851165771484,4.0,0.8408203125,0.4287109375,0.412109375,0.3894965350627899,1.0000011920928955,1.0,0.96875,0.484375,0.484375,1.8702560786037823
13962,O4M,A,1.4212876558303833,1.511846899986267,2.0,0.9130859375,0.455078125,0.4580078125,0.4565996527671814,1.0000008344650269,1.0,0.9375,0.46875,0.46875,1.4928301455701305
13962,O4M,B,1.0237795114517212,2.3869833946228027,3.0,0.638671875,0.3291015625,0.3095703125,1.2523128986358643,1.0000004768371582,1.0,0.96875,0.484375,0.484375,1.6175327150194168
13962,O4M,C,2.327824592590332,2.7705800533294678,4.0,0.875,0.4306640625,0.4443359375,1.378319501876831,1.0000004768371582,1.0,1.0,0.5,0.5,2.7052785407647657
13962,O4D,A,1.4212876558303833,1.511846899986267,2.0,0.9130859375,0.455078125,0.4580078125,0.4565996527671814,1.0000008344650269,1.0,0.9375,0.46875,0.46875,1.4928301455701305
13962,O4D,B,1.0237795114517212,2.3869833946228027,3.0,0.638671875,0.3291015625,0.3095703125,1.2523128986358643,1.0000004768371582,1.0,0.96875,0.484375,0.484375,1.6175327150194168
13962,O4D,C,2.1186509132385254,2.8686470985412598,4.0,0.8447265625,0.416015625,0.4287109375,1.3570443391799927,1.0000004768371582,1.0,1.0,0.5,0.5,2.515999012453483
14015,O1,A,2.3055429458618164,2.337322473526001,3.0,0.935546875,0.47265625,0.462890625,0.9790209531784058,1.0004403591156006,1.0,1.0,0.5,0.5,2.5047974572758447
14015,O1,B,16.786293029785156,1.258588194847107,1.0,0.9365234375,0.4697265625,0.466796875,1.203686237335205,1.0016294717788696,1.0,0.96875,0.484375,0.484375,16.82939375734503
14015,O1,C,12.987545013427734,1.3265759944915771,1.0,0.8564453125,0.4296875,0.4267578125,1.4703339338302612,1.0005176067352295,1.0,0.90625,0.453125,0.453125,13.070509070146594
14015,O3,A,1.2845849990844727,1.5037546157836914,2.0,0.96484375,0.4833984375,0.4814453125,0.31016990542411804,1.0000015497207642,1.0,0.96875,0.484375,0.484375,1.3215006583818492
14015,O3,B,1.0526589155197144,2.305569887161255,3.0,0.7392578125,0.359375,0.3798828125,1.2030390501022339,1.0000007152557373,1.0,0.9375,0.46875,0.46875,1.5985598983128615
14015,O3,C,4.724937915802002,1.8022185564041138,2.0,0.7841796875,0.40234375,0.3818359375,2.1544487476348877,1.0000003576278687,1.0,1.0,0.5,0.5,5.192945957197023
14015,O4R,A,1.3005539178848267,1.4904476404190063,2.0,0.966796875,0.484375,0.482421875,0.2960714101791382,1.0000007152557373,1.0,0.9375,0.46875,0.46875,1.3338286146469627
14015,O4R,B,0.9724023938179016,2.2117764949798584,3.0,0.7431640625,0.3671875,0.3759765625,1.1127853393554688,1.0000004768371582,1.0,0.9375,0.46875,0.46875,1.4777880859538863
14015,O4R,C,5.524498462677002,1.8122785091400146,2.0,0.7958984375,0.4033203125,0.392578125,1.7680994272232056,1.0000004768371582,1.0,1.0,0.5,0.5,5.800539530825351
14015,O4M,A,1.2141036987304688,1.5357489585876465,2.0,0.966796875,0.484375,0.482421875,0.428272545337677,1.0000004768371582,1.0,0.84375,0.421875,0.421875,1.2874257898461634
14015,O4M,B,0.5585089921951294,2.6050944328308105,3.0,0.337890625,0.1572265625,0.1806640625,1.334564447402954,1.0000004768371582,1.0,0.96875,0.484375,0.484375,1.4467185485210214
14015,O4M,C,2.5707414150238037,1.97301185131073,2.0,0.826171875,0.408203125,0.41796875,1.4745396375656128,1.0000007152557373,1.0,0.96875,0.484375,0.484375,2.9636090439986713
14015,O4D,A,1.2141036987304688,1.5357489585876465,2.0,0.966796875,0.484375,0.482421875,0.428272545337677,1.0000004768371582,1.0,0.84375,0.421875,0.421875,1.2874257898461634
14015,O4D,B,0.5585089921951294,2.6050944328308105,3.0,0.337890625,0.1572265625,0.1806640625,1.334564447402954,1.0000004768371582,1.0,0.96875,0.484375,0.484375,1.4467185485210214
14015,O4D,C,2.5669102668762207,1.9239928722381592,2.0,0.8349609375,0.41796875,0.4169921875,1.476230263710022,1.0000008344650269,1.0,1.0,0.5,0.5,2.961128857325853
14068,O1,A,2.342508316040039,2.2279469966888428,3.0,0.923828125,0.4638671875,0.4599609375,0.9675454497337341,1.0005016326904297,1.0,0.96875,0.484375,0.484375,2.534460378072065
14068,O1,B,17.743379592895508,1.203984260559082,1.0,0.8974609375,0.4453125,0.4521484375,1.161937952041626,1.0013834238052368,1.0,1.0,0.5,0.5,17.781384062608158
14068,O1,C,11.709396362304688,1.2906768321990967,1.0,0.8662109375,0.435546875,0.4306640625,1.2050338983535767,1.0013924837112427,1.0,1.0,0.5,0.5,11.771239096447555
14068,O3,A,1.4909772872924805,1.3233733177185059,1.0,0.9384765625,0.4609375,0.4775390625,0.26191332936286926,1.0000011920928955,1.0,0.875,0.4375,0.4375,1.5138070759908564
14068,O3,B,0.47026562690734863,2.553389310836792,4.0,0.75,0.36328125,0.38671875,1.0811219215393066,1.0000004768371582,1.0,1.0,0.5,0.5,1.178971742275193
14068,O3,C,1.7159854173660278,1.4793829917907715,2.0,0.87109375,0.4375,0.43359375,0.9932584166526794,1.0000008344650269,1.0,0.96875,0.484375,0.484375,1.9827173865340084
14068,O4R,A,1.4941887855529785,1.3230253458023071,1.0,0.9384765625,0.4609375,0.4775390625,0.2673283815383911,1.0000017881393433,1.0,0.84375,0.421875,0.421875,1.5179145530787366
14068,O4R,B,1.34771728515625,1.5709033012390137,2.0,0.8173828125,0.4072265625,0.41015625,1.1796637773513794,1.0000007152557373,1.0,0.90625,0.453125,0.453125,1.7910746797115573
14068,O4R,C,1.6368671655654907,1.4998576641082764,2.0,0.7353515625,0.36328125,0.3720703125,0.2561964988708496,1.000002145767212,1.0,1.0,0.5,0.5,1.6567953294659195
14068,O4M,A,1.462319016456604,1.3305121660232544,1.0,0.9384765625,0.4609375,0.4775390625,0.37551918625831604,1.0000033378601074,1.0,0.90625,0.453125,0.453125,1.5097654006959882
14068,O4M,B,1.9816843271255493,1.674965739250183,2.0,0.677734375,0.31640625,0.361328125,1.151978850364685,1.000001311302185,1.0,1.0,0.5,0.5,2.292188483537639
14068,O4M,C,1.9053360223770142,1.803585410118103,3.0,0.6298828125,0.3134765625,0.31640625,0.6819290518760681,1.0000025033950806,1.0,0.90625,0.453125,0.453125,2.023692810176499
14068,O4D,A,1.462319016456604,1.3305121660232544,1.0,0.9384765625,0.4609375,0.4775390625,0.37551918625831604,1.0000033378601074,1.0,0.90625,0.453125,0.453125,1.5097654006959882
14068,O4D,B,1.9816843271255493,1.674965739250183,2.0,0.677734375,0.31640625,0.361328125,1.151978850364685,1.000001311302185,1.0,1.0,0.5,0.5,2.292188483537639
14068,O4D,C,1.6560888290405273,1.9107006788253784,3.0,0.6396484375,0.3251953125,0.314453125,0.7103381156921387,1.0000020265579224,1.0,0.96875,0.484375,0.484375,1.8020017891994122
