seed,observer,phase,accuracy,balanced_accuracy,macro_f1,reward,tp,tn,fp,fn,active_hidden_units,active_embedding_units,retrieval_label_precision,combo00_accuracy,combo01_accuracy,combo10_accuracy,combo11_accuracy,retrieved_nodes,retrieved_edges,path_style_diversity,path_phase_diversity,retrieved_dream_fraction,mean_similarity,memory_p1,pathway_reuse_jaccard,pathway_union_active_units,I_param,I_external_memory,I_short_term,durable_no_short_accuracy,stripped_no_durable_accuracy,I_durable_joint,C_att,D_cue,N_sup,A_util,T_gain,I_ret_legacy,R_ret_legacy,U_adapt,Q_proc_legacy,P_chain_legacy,OWGE_legacy,memory_records,memory_edges_directed,memory_dream_records,memory_dream_fraction,resource_cost,base_zero_lora_accuracy,dream_candidates,dream_valid,dream_00,dream_01,dream_10,dream_11,dream_validation_rate
12001,O1,A,1.0,1.0,1.0,1.0,189,211,0,0,32.0,23.59,0.0,1.0,1.0,1.0,1.0,0.0,0.0,0.0,0.0,0.0,0.0,0.5,0.0,0.0,0.0,0.0,0.0,1.0,1.0,0.0,0.9999999999999999,0.0,0.97,0.0,0.0,0.0,0.5,1.0,0.2633046061055618,0.007937013196843614,0.0020898521334495536,0.0,0.0,0.0,0.0,0.2277,1.0,0.0,0.0,0.0,0.0,0.0,0.0,0.0
12001,O1,B,0.616,0.616,0.6159016708277318,0.232,158,150,100,92,19.108,29.76,0.0,0.9357142857142857,0.18627450980392157,0.22413793103448276,0.9295774647887324,0.0,0.0,0.0,0.0,0.0,0.0,0.5,0.0,0.0,0.0,0.0,0.0,0.616,0.616,0.0,0.15686339710014963,0.0,0.97,0.0,0.0,0.0,0.5,0.616,0.13108200269893489,0.006753321573290601,0.0008852389166968537,0.0,0.0,0.0,0.0,0.2277,0.616,0.0,0.0,0.0,0.0,0.0,0.0,0.0
12001,O1,C,0.4925,0.49257696515080485,0.4925,-0.015,197,197,198,208,21.40625,30.50625,0.0,0.0,1.0,0.0,1.0,0.0,0.0,0.0,0.0,0.0,0.0,0.5,0.0,0.0,0.0,0.0,0.0,0.49257696515080485,0.49257696515080485,0.0,0.00031799960689793405,0.0,0.97,0.0,0.0,0.0,0.5,0.4925,0.1065321967283576,0.006267956828303459,0.0006677392099176764,0.0,0.0,0.0,0.0,0.2277,0.4925,0.0,0.0,0.0,0.0,0.0,0.0,0.0
12001,O1,C_style_shift,0.50125,0.5010255191690793,0.5010246814577207,0.0025,209,192,199,200,23.16,30.49,0.0,0.0,1.0,0.0,1.0,0.0,0.0,0.0,0.0,0.0,0.0,0.5,0.0,0.0,,,,,,,,,,,,,,,,,,0.0,0.0,0.0,0.0,0.2277,,0.0,0.0,0.0,0.0,0.0,0.0,0.0
12001,O1,A_after_C,1.0,1.0,1.0,1.0,189,211,0,0,22.6225,30.5275,0.0,1.0,1.0,1.0,1.0,0.0,0.0,0.0,0.0,0.0,0.0,0.5,0.0,0.0,,,,,,,,,,,,,,,,,,0.0,0.0,0.0,0.0,0.2277,,0.0,0.0,0.0,0.0,0.0,0.0,0.0
12001,O1,B_after_C,0.616,0.616,0.6159016708277318,0.232,158,150,100,92,23.288,30.484,0.0,0.9357142857142857,0.18627450980392157,0.22413793103448276,0.9295774647887324,0.0,0.0,0.0,0.0,0.0,0.0,0.5,0.0,0.0,,,,,,,,,,,,,,,,,,0.0,0.0,0.0,0.0,0.2277,,0.0,0.0,0.0,0.0,0.0,0.0,0.0
12001,O3,A,1.0,1.0,1.0,1.0,189,211,0,0,32.0,6.68,0.0,1.0,1.0,1.0,1.0,0.0,0.0,0.0,0.0,0.0,0.0,0.5,0.0,0.0,1.0,0.0,0.0,1.0,1.0,0.0,0.8888888955701417,0.3333333333333333,0.95,0.0,1.0,0.0,0.5,1.0,0.43459681775334724,0.007937013196843614,0.0034494006778145563,0.0,0.0,0.0,0.0,0.29700000000000004,0.765,0.0,0.0,0.0,0.0,0.0,0.0,0.0
12001,O3,B,0.744,0.744,0.7309794031105505,0.488,241,131,119,9,31.592,11.236,0.0,0.9357142857142857,0.8137254901960784,0.22413793103448276,0.9295774647887324,0.0,0.0,0.0,0.0,0.0,0.0,0.5,0.0,0.0,0.0,0.0,0.488,0.5,0.616,0.0,0.6579020871542437,0.3333333333333333,0.95,0.3279569892473118,0.0,0.0,0.744,0.744,0.2986689761697444,0.00821074087224858,0.002452293569909558,0.0,0.0,0.0,0.0,0.29700000000000004,0.744,0.0,0.0,0.0,0.0,0.0,0.0,0.0
12001,O3,C,0.4925,0.49257696515080485,0.4925,-0.015,197,197,198,208,28.69,30.5,0.0,0.0,1.0,0.0,1.0,0.0,0.0,0.0,0.0,0.0,0.0,0.5,0.0,0.0,0.19965491742666996,0.0,0.0,0.49257696515080485,0.49257696515080485,0.0,0.5557675468651682,0.3333333333333333,0.95,0.0,0.19762845849802368,0.0,0.5,0.4925,0.26367765824933204,0.006267956828303459,0.0016527201784949665,0.0,0.0,0.0,0.0,0.29700000000000004,0.3675,0.0,0.0,0.0,0.0,0.0,0.0,0.0
12001,O3,C_style_shift,0.50125,0.5010255191690793,0.5010246814577207,0.0025,209,192,199,200,30.1225,27.30375,0.0,0.0,1.0,0.0,1.0,0.0,0.0,0.0,0.0,0.0,0.0,0.5,0.0,0.0,,,,,,,,,,,,,,,,,,0.0,0.0,0.0,0.0,0.29700000000000004,,0.0,0.0,0.0,0.0,0.0,0.0,0.0
12001,O3,A_after_C,1.0,1.0,1.0,1.0,189,211,0,0,30.0225,27.12,0.0,1.0,1.0,1.0,1.0,0.0,0.0,0.0,0.0,0.0,0.0,0.5,0.0,0.0,,,,,,,,,,,,,,,,,,0.0,0.0,0.0,0.0,0.29700000000000004,,0.0,0.0,0.0,0.0,0.0,0.0,0.0
12001,O3,B_after_C,0.616,0.616,0.6159016708277318,0.232,158,150,100,92,30.19,27.66,0.0,0.9357142857142857,0.18627450980392157,0.22413793103448276,0.9295774647887324,0.0,0.0,0.0,0.0,0.0,0.0,0.5,0.0,0.0,,,,,,,,,,,,,,,,,,0.0,0.0,0.0,0.0,0.29700000000000004,,0.0,0.0,0.0,0.0,0.0,0.0,0.0
12001,O4R,A,1.0,1.0,1.0,1.0,189,211,0,0,32.0,6.675,0.0,1.0,1.0,1.0,1.0,0.0,0.0,0.0,0.0,0.0,0.0,0.5,0.0,0.0,1.0,0.0,0.0,1.0,1.0,0.0,0.8888888955701417,0.3333333333333333,0.95,0.0,1.0,0.0,0.5,1.0,0.43459681775334724,0.007937013196843614,0.0034494006778145563,0.0,0.0,0.0,0.0,0.29700000000000004,0.765,0.0,0.0,0.0,0.0,0.0,0.0,0.0
12001,O4R,B,0.744,0.744,0.7309794031105505,0.488,241,131,119,9,31.592,10.888,0.0,0.9357142857142857,0.8137254901960784,0.22413793103448276,0.9295774647887324,0.0,0.0,0.0,0.0,0.0,0.0,0.5,0.0,0.0,0.0,0.0,0.488,0.5,0.616,0.0,0.6579020871542437,0.3333333333333333,0.95,0.3279569892473118,0.0,0.0,0.744,0.744,0.2986689761697444,0.00821074087224858,0.002452293569909558,0.0,0.0,0.0,0.0,0.29700000000000004,0.744,0.0,0.0,0.0,0.0,0.0,0.0,0.0
12001,O4R,C,0.4925,0.49257696515080485,0.4925,-0.015,197,197,198,208,31.75375,28.46875,0.0,0.0,1.0,0.0,1.0,0.0,0.0,0.0,0.0,0.0,0.0,0.5,0.0,0.0,0.19965491742666996,0.0,0.0,0.49257696515080485,0.49257696515080485,0.0,0.5557675468651682,0.3333333333333333,0.95,0.0,0.19762845849802368,0.0,0.5,0.4925,0.26367765824933204,0.006267956828303459,0.0016527201784949665,0.0,0.0,0.0,0.0,0.29700000000000004,0.3675,0.0,0.0,0.0,0.0,0.0,0.0,0.0
12001,O4R,C_style_shift,0.50125,0.5010255191690793,0.5010246814577207,0.0025,209,192,199,200,31.8725,25.32375,0.0,0.0,1.0,0.0,1.0,0.0,0.0,0.0,0.0,0.0,0.0,0.5,0.0,0.0,,,,,,,,,,,,,,,,,,0.0,0.0,0.0,0.0,0.29700000000000004,,0.0,0.0,0.0,0.0,0.0,0.0,0.0
12001,O4R,A_after_C,1.0,1.0,1.0,1.0,189,211,0,0,31.895,25.0225,0.0,1.0,1.0,1.0,1.0,0.0,0.0,0.0,0.0,0.0,0.0,0.5,0.0,0.0,,,,,,,,,,,,,,,,,,0.0,0.0,0.0,0.0,0.29700000000000004,,0.0,0.0,0.0,0.0,0.0,0.0,0.0
12001,O4R,B_after_C,0.616,0.616,0.6159016708277318,0.232,158,150,100,92,31.9,25.58,0.0,0.9357142857142857,0.18627450980392157,0.22413793103448276,0.9295774647887324,0.0,0.0,0.0,0.0,0.0,0.0,0.5,0.0,0.0,,,,,,,,,,,,,,,,,,0.0,0.0,0.0,0.0,0.29700000000000004,,0.0,0.0,0.0,0.0,0.0,0.0,0.0
12001,O4M,A,1.0,1.0,1.0,1.0,189,211,0,0,29.03,7.41,1.0,1.0,1.0,1.0,1.0,6.57,6.0,1.0,1.0,0.0,0.9549472407996654,0.4736,0.48713054187192123,14.0625,1.0,0.0,0.0,1.0,1.0,0.0,0.8888888955701417,0.3333333333333333,0.95,0.0,1.0,0.0,0.5,1.0,0.352812350402761,0.007937013196843614,0.0028002762811561274,256.0,2048.0,0.0,0.0,0.6970000000000001,0.765,0.0,0.0,0.0,0.0,0.0,0.0,0.0
12001,O4M,B,0.744,0.744,0.7309794031105505,0.488,241,131,119,9,31.492,9.684,0.7028,0.9357142857142857,0.8137254901960784,0.22413793103448276,0.9295774647887324,6.342,6.0,1.0,1.612,0.0,0.9605331280231476,0.5782747895103127,0.4990467980295566,15.26,0.0,0.488,0.0,0.744,0.616,0.3333333333333333,0.6579020871542437,0.3333333333333333,0.95,0.0,0.0,0.3333333333333333,0.5,0.744,0.20238840837147862,0.498664149744273,0.10092384357866008,256.0,2048.0,0.0,0.0,0.6970000000000001,0.744,0.0,0.0,0.0,0.0,0.0,0.0,0.0
12001,O4M,C,0.74,0.7432098765432099,0.7230341080832762,0.48,197,395,0,208,31.69375,22.6725,0.7939021013708514,0.0,1.0,1.0,1.0,7.0725,6.0,1.305,1.26,0.0,0.99785229973495,0.35856508411255006,0.71296875,14.7,0.5949716539314766,0.49393286110255624,0.0,0.7432098765432099,0.49257696515080485,0.49393286110255624,0.5557675468651682,0.3333333333333333,0.95,0.0,0.5889328063241106,0.48768472906403937,0.5,0.74,0.26187411012746603,0.5650858193022262,0.14798134607542057,256.0,2048.0,0.0,0.0,0.6970000000000001,0.3675,0.0,0.0,0.0,0.0,0.0,0.0,0.0
12001,O4M,C_style_shift,0.61,0.6185819070904646,0.5491036266809257,0.22,97,391,0,312,31.76,21.445,0.64125,0.0,1.0,1.0,0.46411483253588515,6.25375,6.0,1.25,1.1125,0.0,0.9561854155361652,0.1978604029312524,0.48178725369458136,15.01375,,,,,,,,,,,,,,,,,,256.0,2048.0,0.0,0.0,0.6970000000000001,,0.0,0.0,0.0,0.0,0.0,0.0,0.0
12001,O4M,A_after_C,0.645,0.6243386243386243,0.5732660175501864,0.29,47,211,0,142,31.765,20.81,0.5648333333333333,1.0,1.0,0.0,0.47959183673469385,6.1925,6.0,1.2925,1.13,0.0,0.9549572849273682,0.20447124943119085,0.4871305418719213,14.0625,,,,,,,,,,,,,,,,,,256.0,2048.0,0.0,0.0,0.6970000000000001,,0.0,0.0,0.0,0.0,0.0,0.0,0.0
12001,O4M,B_after_C,0.628,0.628,0.5753889984659215,0.256,69,245,5,181,31.796,21.694,0.5905333333333334,0.9357142857142857,0.18627450980392157,0.7758620689655172,0.5211267605633803,6.284,6.0,1.28,1.104,0.0,0.9605152485370636,0.2276976276384924,0.4990467980295566,15.26,,,,,,,,,,,,,,,,,,256.0,2048.0,0.0,0.0,0.6970000000000001,,0.0,0.0,0.0,0.0,0.0,0.0,0.0
12001,O4D,A,1.0,1.0,1.0,1.0,189,211,0,0,29.03,7.41,1.0,1.0,1.0,1.0,1.0,6.57,6.0,1.0,1.0,0.0,0.9549472407996654,0.4736,0.48713054187192123,14.0625,1.0,0.0,0.0,1.0,1.0,0.0,0.8888888955701417,0.3333333333333333,0.95,0.0,1.0,0.0,0.5,1.0,0.352812350402761,0.007937013196843614,0.0028002762811561274,256.0,2048.0,0.0,0.0,0.6970000000000001,0.765,0.0,0.0,0.0,0.0,0.0,0.0,0.0
12001,O4D,B,0.744,0.744,0.7309794031105505,0.488,241,131,119,9,31.492,9.684,0.7028,0.9357142857142857,0.8137254901960784,0.22413793103448276,0.9295774647887324,6.342,6.0,1.0,1.612,0.0,0.9605331280231476,0.5782747895103127,0.4990467980295566,15.26,0.0,0.488,0.0,0.744,0.616,0.3333333333333333,0.6579020871542437,0.3333333333333333,0.95,0.0,0.0,0.3333333333333333,0.5,0.744,0.20238840837147862,0.498664149744273,0.10092384357866008,256.0,2048.0,0.0,0.0,0.6970000000000001,0.744,0.0,0.0,0.0,0.0,0.0,0.0,0.0
12001,O4D,C,0.74,0.7432098765432099,0.7230341080832762,0.48,197,395,0,208,31.875,21.41125,0.7939021013708514,0.0,1.0,1.0,1.0,7.0725,6.0,1.305,1.26,0.0,0.99785229973495,0.35856508411255006,0.71296875,14.7,0.5949716539314766,0.49393286110255624,0.0049052261854296885,0.7419440537583998,0.49257696515080485,0.4914382506929474,0.5557675468651682,0.3333333333333333,0.95,0.0016891891891891533,0.5889328063241106,0.48522167487684725,0.50125,0.74,0.24557567464310223,0.5646026108579102,0.13865266706668822,256.0,2048.0,0.0,0.0,0.8398571428571429,0.3675,640.0,640.0,78.0,102.0,215.0,245.0,1.0
12001,O4D,C_style_shift,0.61,0.6185819070904646,0.5491036266809257,0.22,97,391,0,312,31.8875,19.6325,0.64125,0.0,1.0,1.0,0.46411483253588515,6.25375,6.0,1.25,1.1125,0.0,0.9561854155361652,0.1978604029312524,0.48178725369458136,15.01375,,,,,,,,,,,,,,,,,,256.0,2048.0,0.0,0.0,0.8398571428571429,,640.0,640.0,78.0,102.0,215.0,245.0,1.0
12001,O4D,A_after_C,0.645,0.6243386243386243,0.5732660175501864,0.29,47,211,0,142,31.87,18.9325,0.5648333333333333,1.0,1.0,0.0,0.47959183673469385,6.1925,6.0,1.2925,1.13,0.0,0.9549572849273682,0.20447124943119085,0.4871305418719213,14.0625,,,,,,,,,,,,,,,,,,256.0,2048.0,0.0,0.0,0.8398571428571429,,640.0,640.0,78.0,102.0,215.0,245.0,1.0
12001,O4D,B_after_C,0.628,0.628,0.5753889984659215,0.256,69,245,5,181,31.896,20.06,0.5905333333333334,0.9357142857142857,0.18627450980392157,0.7758620689655172,0.5211267605633803,6.284,6.0,1.28,1.104,0.0,0.9605152485370636,0.2276976276384924,0.4990467980295566,15.26,,,,,,,,,,,,,,,,,,256.0,2048.0,0.0,0.0,0.8398571428571429,,640.0,640.0,78.0,102.0,215.0,245.0,1.0
12054,O1,A,1.0,1.0,1.0,1.0,196,204,0,0,32.0,23.7875,0.0,1.0,1.0,1.0,1.0,0.0,0.0,0.0,0.0,0.0,0.0,0.5,0.0,0.0,0.0,0.0,0.0,1.0,1.0,0.0,0.9999999999999999,0.0,0.97,0.0,0.0,0.0,0.5,1.0,0.2633046061055618,0.007937013196843614,0.0020898521334495536,0.0,0.0,0.0,0.0,0.2277,1.0,0.0,0.0,0.0,0.0,0.0,0.0,0.0
12054,O1,B,0.664,0.6634153490417026,0.6611318197221281,0.328,143,189,94,74,18.142,28.602,0.0,0.936046511627907,0.3076923076923077,0.19811320754716982,0.9312977099236641,0.0,0.0,0.0,0.0,0.0,0.0,0.5,0.0,0.0,0.0,0.0,0.0,0.6634153490417026,0.6634153490417026,0.0,0.3070745230288694,0.0,0.97,0.0,0.0,0.0,0.5,0.664,0.15463845376822286,0.006924363664943699,0.0010707728904757585,0.0,0.0,0.0,0.0,0.2277,0.664,0.0,0.0,0.0,0.0,0.0,0.0,0.0
12054,O1,C,0.47625,0.4759211326217888,0.47573802541544474,-0.0475,178,203,218,201,23.4325,30.99,0.0,0.0,1.0,0.0,1.0,0.0,0.0,0.0,0.0,0.0,0.0,0.5,0.0,0.0,0.0,0.0,0.0,0.4759211326217888,0.4759211326217888,0.0,0.003342234607704886,0.0,0.97,0.0,0.0,0.0,0.5,0.47625,0.10700646415281154,0.006198247651238937,0.0006632525651025477,0.0,0.0,0.0,0.0,0.2277,0.47625,0.0,0.0,0.0,0.0,0.0,0.0,0.0
12054,O1,C_style_shift,0.47625,0.476243156078902,0.47624263466204997,-0.0475,192,189,209,210,25.65875,30.31125,0.0,0.0,1.0,0.0,1.0,0.0,0.0,0.0,0.0,0.0,0.0,0.5,0.0,0.0,,,,,,,,,,,,,,,,,,0.0,0.0,0.0,0.0,0.2277,,0.0,0.0,0.0,0.0,0.0,0.0,0.0
12054,O1,A_after_C,1.0,1.0,1.0,1.0,196,204,0,0,25.6125,30.2425,0.0,1.0,1.0,1.0,1.0,0.0,0.0,0.0,0.0,0.0,0.0,0.5,0.0,0.0,,,,,,,,,,,,,,,,,,0.0,0.0,0.0,0.0,0.2277,,0.0,0.0,0.0,0.0,0.0,0.0,0.0
12054,O1,B_after_C,0.664,0.6634153490417026,0.6611318197221281,0.328,143,189,94,74,25.524,30.182,0.0,0.936046511627907,0.3076923076923077,0.19811320754716982,0.9312977099236641,0.0,0.0,0.0,0.0,0.0,0.0,0.5,0.0,0.0,,,,,,,,,,,,,,,,,,0.0,0.0,0.0,0.0,0.2277,,0.0,0.0,0.0,0.0,0.0,0.0,0.0
12054,O3,A,1.0,1.0,1.0,1.0,196,204,0,0,32.0,7.81,0.0,1.0,1.0,1.0,1.0,0.0,0.0,0.0,0.0,0.0,0.0,0.5,0.0,0.0,1.0,0.0,0.0,1.0,1.0,0.0,0.8888888955574796,0.3333333333333333,0.95,0.0,1.0,0.0,0.5,1.0,0.4345968177514413,0.007937013196843614,0.0034494006777994286,0.0,0.0,0.0,0.0,0.29700000000000004,0.75,0.0,0.0,0.0,0.0,0.0,0.0,0.0
12054,O3,B,0.734,0.7591066746999724,0.7318278052223006,0.468,206,161,122,11,31.292,8.484,0.0,0.936046511627907,0.6923076923076923,0.19811320754716982,0.9312977099236641,0.0,0.0,0.0,0.0,0.0,0.0,0.5,0.0,0.0,0.0,0.0,0.6368891288873617,0.33658465095829737,0.6634153490417026,0.0,0.7509110478743735,0.3333333333333333,0.95,0.5422343324250681,0.0,0.0,0.8979999999999999,0.734,0.34492300139728227,0.008702776372019615,0.003001787746726357,0.0,0.0,0.0,0.0,0.29700000000000004,0.734,0.0,0.0,0.0,0.0,0.0,0.0,0.0
12054,O3,C,0.47625,0.4759211326217888,0.47573802541544474,-0.0475,178,203,218,201,32.0,16.2775,0.0,0.0,1.0,0.0,1.0,0.0,0.0,0.0,0.0,0.0,0.0,0.5,0.0,0.0,0.18172566479927585,0.0,0.0,0.4759211326217888,0.4759211326217888,0.0,0.5577827795241482,0.3333333333333333,0.95,0.0,0.1895551257253385,0.0,0.5,0.47625,0.26276576757299597,0.006198247651238937,0.0016286873016853188,0.0,0.0,0.0,0.0,0.29700000000000004,0.35375,0.0,0.0,0.0,0.0,0.0,0.0,0.0
12054,O3,C_style_shift,0.6025,0.6031275781894547,0.5964441398739839,0.205,192,290,108,210,30.62,11.88875,0.0,0.0,1.0,0.48325358851674644,1.0,0.0,0.0,0.0,0.0,0.0,0.0,0.5,0.0,0.0,,,,,,,,,,,,,,,,,,0.0,0.0,0.0,0.0,0.29700000000000004,,0.0,0.0,0.0,0.0,0.0,0.0,0.0
12054,O3,A_after_C,0.885,0.8826530612244898,0.8828652186091518,0.77,150,204,0,46,30.5675,11.8075,0.0,1.0,1.0,0.5306122448979592,1.0,0.0,0.0,0.0,0.0,0.0,0.0,0.5,0.0,0.0,,,,,,,,,,,,,,,,,,0.0,0.0,0.0,0.0,0.29700000000000004,,0.0,0.0,0.0,0.0,0.0,0.0,0.0
12054,O3,B_after_C,0.732,0.714888212209539,0.7178424634458594,0.464,127,239,44,90,31.094,12.564,0.0,0.936046511627907,0.3076923076923077,0.5188679245283019,0.9312977099236641,0.0,0.0,0.0,0.0,0.0,0.0,0.5,0.0,0.0,,,,,,,,,,,,,,,,,,0.0,0.0,0.0,0.0,0.29700000000000004,,0.0,0.0,0.0,0.0,0.0,0.0,0.0
12054,O4R,A,1.0,1.0,1.0,1.0,196,204,0,0,32.0,8.2025,0.0,1.0,1.0,1.0,1.0,0.0,0.0,0.0,0.0,0.0,0.0,0.5,0.0,0.0,1.0,0.0,0.0,1.0,1.0,0.0,0.8888888955574796,0.3333333333333333,0.95,0.0,1.0,0.0,0.5,1.0,0.4345968177514413,0.007937013196843614,0.0034494006777994286,0.0,0.0,0.0,0.0,0.29700000000000004,0.75,0.0,0.0,0.0,0.0,0.0,0.0,0.0
12054,O4R,B,0.734,0.7591066746999724,0.7318278052223006,0.468,206,161,122,11,31.136,6.812,0.0,0.936046511627907,0.6923076923076923,0.19811320754716982,0.9312977099236641,0.0,0.0,0.0,0.0,0.0,0.0,0.5,0.0,0.0,0.0,0.0,0.5182133493999448,0.5,0.6634153490417026,0.0,0.7509110478743735,0.3333333333333333,0.95,0.4087193460490463,0.0,0.0,0.8,0.734,0.32482576481447945,0.008373924876919361,0.002720066552644327,0.0,0.0,0.0,0.0,0.29700000000000004,0.734,0.0,0.0,0.0,0.0,0.0,0.0,0.0
12054,O4R,C,0.47625,0.4759211326217888,0.47573802541544474,-0.0475,178,203,218,201,31.23,27.52,0.0,0.0,1.0,0.0,1.0,0.0,0.0,0.0,0.0,0.0,0.0,0.5,0.0,0.0,0.18172566479927585,0.0,0.0,0.4759211326217888,0.4759211326217888,0.0,0.5577827795241482,0.3333333333333333,0.95,0.0,0.1895551257253385,0.0,0.5,0.47625,0.26276576757299597,0.006198247651238937,0.0016286873016853188,0.0,0.0,0.0,0.0,0.29700000000000004,0.35375,0.0,0.0,0.0,0.0,0.0,0.0,0.0
12054,O4R,C_style_shift,0.47625,0.476243156078902,0.47624263466204997,-0.0475,192,189,209,210,31.5275,23.525,0.0,0.0,1.0,0.0,1.0,0.0,0.0,0.0,0.0,0.0,0.0,0.5,0.0,0.0,,,,,,,,,,,,,,,,,,0.0,0.0,0.0,0.0,0.29700000000000004,,0.0,0.0,0.0,0.0,0.0,0.0,0.0
12054,O4R,A_after_C,1.0,1.0,1.0,1.0,196,204,0,0,31.5,23.4275,0.0,1.0,1.0,1.0,1.0,0.0,0.0,0.0,0.0,0.0,0.0,0.5,0.0,0.0,,,,,,,,,,,,,,,,,,0.0,0.0,0.0,0.0,0.29700000000000004,,0.0,0.0,0.0,0.0,0.0,0.0,0.0
12054,O4R,B_after_C,0.664,0.6634153490417026,0.6611318197221281,0.328,143,189,94,74,31.636,24.65,0.0,0.936046511627907,0.3076923076923077,0.19811320754716982,0.9312977099236641,0.0,0.0,0.0,0.0,0.0,0.0,0.5,0.0,0.0,,,,,,,,,,,,,,,,,,0.0,0.0,0.0,0.0,0.29700000000000004,,0.0,0.0,0.0,0.0,0.0,0.0,0.0
12054,O4M,A,1.0,1.0,1.0,1.0,196,204,0,0,32.0,7.6975,1.0,1.0,1.0,1.0,1.0,6.5475,6.0,1.0,1.0,0.0,0.9573617883026599,0.4904,0.49925492610837435,14.4825,1.0,0.0,0.0,1.0,1.0,0.0,0.8888888955574796,0.3333333333333333,0.95,0.0,1.0,0.0,0.5,1.0,0.3528123504012138,0.007937013196843614,0.0028002762811438473,256.0,2048.0,0.0,0.0,0.6970000000000001,0.75,0.0,0.0,0.0,0.0,0.0,0.0,0.0
12054,O4M,B,0.698,0.6880770545993389,0.689442271225901,0.396,133,216,67,84,29.702,7.074,0.715,0.936046511627907,0.6923076923076923,0.5188679245283019,0.5343511450381679,6.77,6.0,1.0,1.91,0.0,0.9589847317934036,0.33735624460999086,0.5038669950738917,14.176,0.0,0.0,0.0,0.7383937731025386,0.6634153490417026,0.222762457668118,0.7509110478743735,0.3333333333333333,0.95,0.0,0.0,0.2797619047619047,0.43999999999999995,0.698,0.21375390345242,0.44126547138920175,0.09432221696821404,256.0,2048.0,0.0,0.0,0.6970000000000001,0.734,0.0,0.0,0.0,0.0,0.0,0.0,0.0
12054,O4M,C,0.745,0.7312655506740453,0.7197802197802198,0.49,178,418,3,201,31.63,22.17,0.7444779942279943,0.0,1.0,0.9862385321100917,1.0,6.89625,6.0,1.255,1.51625,0.0,0.9999794089794158,0.23738727285377323,0.7461647335423197,14.715568181818183,0.5804095212466667,0.48722517534366155,0.0,0.7312655506740453,0.4759211326217888,0.48722517534366155,0.5577827795241482,0.3333333333333333,0.95,0.0,0.6054158607350096,0.513126491646778,0.5,0.745,0.26413456104607363,0.5760378277411567,0.1521514987763442,256.0,2048.0,0.0,0.0,0.6970000000000001,0.35375,0.0,0.0,0.0,0.0,0.0,0.0,0.0
12054,O4M,C_style_shift,0.64,0.6417910447761194,0.5880889041448554,0.28,114,398,0,288,31.61875,15.90875,0.64,0.0,1.0,1.0,0.59375,6.13,6.0,1.2625,1.74875,0.0,0.9586351454257965,0.1568,0.5107050492610837,14.83,,,,,,,,,,,,,,,,,,256.0,2048.0,0.0,0.0,0.6970000000000001,,0.0,0.0,0.0,0.0,0.0,0.0,0.0
12054,O4M,A_after_C,0.6225,0.6147959183673469,0.5516593798944469,0.245,45,204,0,151,31.625,15.53,0.6225,1.0,1.0,0.0,0.45918367346938777,6.11,6.0,1.26,1.7675,0.0,0.9573511025309562,0.128,0.49925492610837435,14.4825,,,,,,,,,,,,,,,,,,256.0,2048.0,0.0,0.0,0.6970000000000001,,0.0,0.0,0.0,0.0,0.0,0.0,0.0
12054,O4M,B_after_C,0.688,0.642702447444269,0.6180290297937356,0.376,65,279,4,152,31.712,16.47,0.688,0.936046511627907,0.3076923076923077,0.8018867924528302,0.5343511450381679,6.026,6.0,1.344,1.758,0.0,0.9589947645664215,0.15247999999999998,0.5038669950738917,14.176,,,,,,,,,,,,,,,,,,256.0,2048.0,0.0,0.0,0.6970000000000001,,0.0,0.0,0.0,0.0,0.0,0.0,0.0
12054,O4D,A,1.0,1.0,1.0,1.0,196,204,0,0,32.0,7.6975,1.0,1.0,1.0,1.0,1.0,6.5475,6.0,1.0,1.0,0.0,0.9573617883026599,0.4904,0.49925492610837435,14.4825,1.0,0.0,0.0,1.0,1.0,0.0,0.8888888955574796,0.3333333333333333,0.95,0.0,1.0,0.0,0.5,1.0,0.3528123504012138,0.007937013196843614,0.0028002762811438473,256.0,2048.0,0.0,0.0,0.6970000000000001,0.75,0.0,0.0,0.0,0.0,0.0,0.0,0.0
12054,O4D,B,0.698,0.6880770545993389,0.689442271225901,0.396,133,216,67,84,29.702,7.074,0.715,0.936046511627907,0.6923076923076923,0.5188679245283019,0.5343511450381679,6.77,6.0,1.0,1.91,0.0,0.9589847317934036,0.33735624460999086,0.5038669950738917,14.176,0.0,0.0,0.0,0.7383937731025386,0.6634153490417026,0.222762457668118,0.7509110478743735,0.3333333333333333,0.95,0.0,0.0,0.2797619047619047,0.43999999999999995,0.698,0.21375390345242,0.44126547138920175,0.09432221696821404,256.0,2048.0,0.0,0.0,0.6970000000000001,0.734,0.0,0.0,0.0,0.0,0.0,0.0,0.0
12054,O4D,C,0.745,0.7312655506740453,0.7197802197802198,0.49,178,418,3,201,31.63,22.92125,0.7444779942279943,0.0,1.0,0.9862385321100917,1.0,6.89625,6.0,1.255,1.51625,0.0,0.9999794089794158,0.23738727285377323,0.7461647335423197,14.715568181818183,0.5804095212466667,0.48722517534366155,0.0,0.7348284960422163,0.4759211326217888,0.49402366616241034,0.5577827795241482,0.3333333333333333,0.95,0.0,0.6054158607350096,0.5202863961813844,0.49624999999999997,0.745,0.2475003547959273,0.5772543114838505,0.14287064689973175,256.0,2048.0,0.0,0.0,0.8398571428571429,0.35375,640.0,640.0,84.0,98.0,202.0,256.0,1.0
12054,O4D,C_style_shift,0.64,0.6417910447761194,0.5880889041448554,0.28,114,398,0,288,31.745,18.96875,0.64,0.0,1.0,1.0,0.59375,6.13,6.0,1.2625,1.74875,0.0,0.9586351454257965,0.1568,0.5107050492610837,14.83,,,,,,,,,,,,,,,,,,256.0,2048.0,0.0,0.0,0.8398571428571429,,640.0,640.0,84.0,98.0,202.0,256.0,1.0
12054,O4D,A_after_C,0.6225,0.6147959183673469,0.5516593798944469,0.245,45,204,0,151,31.74,18.635,0.6225,1.0,1.0,0.0,0.45918367346938777,6.11,6.0,1.26,1.7675,0.0,0.9573511025309562,0.128,0.49925492610837435,14.4825,,,,,,,,,,,,,,,,,,256.0,2048.0,0.0,0.0,0.8398571428571429,,640.0,640.0,84.0,98.0,202.0,256.0,1.0
12054,O4D,B_after_C,0.688,0.642702447444269,0.6180290297937356,0.376,65,279,4,152,31.844,19.278,0.688,0.936046511627907,0.3076923076923077,0.8018867924528302,0.5343511450381679,6.026,6.0,1.344,1.758,0.0,0.9589947645664215,0.15247999999999998,0.5038669950738917,14.176,,,,,,,,,,,,,,,,,,256.0,2048.0,0.0,0.0,0.8398571428571429,,640.0,640.0,84.0,98.0,202.0,256.0,1.0
12107,O1,A,1.0,1.0,1.0,1.0,194,206,0,0,32.0,23.78,0.0,1.0,1.0,1.0,1.0,0.0,0.0,0.0,0.0,0.0,0.0,0.5,0.0,0.0,0.0,0.0,0.0,1.0,1.0,0.0,0.9999999999999999,0.0,0.97,0.0,0.0,0.0,0.5,1.0,0.2633046061055618,0.007937013196843614,0.0020898521334495536,0.0,0.0,0.0,0.0,0.2277,1.0,0.0,0.0,0.0,0.0,0.0,0.0,0.0
12107,O1,B,0.662,0.6622633659246931,0.6619337390128466,0.324,162,169,78,91,18.56,28.22,0.0,0.9299363057324841,0.22330097087378642,0.26506024096385544,0.89171974522293,0.0,0.0,0.0,0.0,0.0,0.0,0.5,0.0,0.0,0.0,0.0,0.0,0.6622633659246931,0.6622633659246931,0.0,0.32578059677195026,0.0,0.97,0.0,0.0,0.0,0.5,0.662,0.15757198288001767,0.006917404511284099,0.001089989145226215,0.0,0.0,0.0,0.0,0.2277,0.662,0.0,0.0,0.0,0.0,0.0,0.0,0.0
12107,O1,C,0.5225,0.5224913711561712,0.5222013758599124,0.045,219,199,182,200,21.51625,31.0,0.0,0.0,1.0,0.0,1.0,0.0,0.0,0.0,0.0,0.0,0.0,0.5,0.0,0.0,0.0,0.0,0.0,0.5224913711561712,0.5224913711561712,0.0,0.0029162401206771493,0.0,0.97,0.0,0.0,0.0,0.5,0.5225,0.10693965872659951,0.006392724663248785,0.0006836357938209408,0.0,0.0,0.0,0.0,0.2277,0.5225,0.0,0.0,0.0,0.0,0.0,0.0,0.0
12107,O1,C_style_shift,0.53625,0.53765664160401,0.5362492753894927,0.0725,214,215,165,206,23.3125,30.75,0.0,0.0,1.0,0.0,1.0,0.0,0.0,0.0,0.0,0.0,0.0,0.5,0.0,0.0,,,,,,,,,,,,,,,,,,0.0,0.0,0.0,0.0,0.2277,,0.0,0.0,0.0,0.0,0.0,0.0,0.0
12107,O1,A_after_C,1.0,1.0,1.0,1.0,194,206,0,0,23.415,30.75,0.0,1.0,1.0,1.0,1.0,0.0,0.0,0.0,0.0,0.0,0.0,0.5,0.0,0.0,,,,,,,,,,,,,,,,,,0.0,0.0,0.0,0.0,0.2277,,0.0,0.0,0.0,0.0,0.0,0.0,0.0
12107,O1,B_after_C,0.662,0.6622633659246931,0.6619337390128466,0.324,162,169,78,91,23.416,30.74,0.0,0.9299363057324841,0.22330097087378642,0.26506024096385544,0.89171974522293,0.0,0.0,0.0,0.0,0.0,0.0,0.5,0.0,0.0,,,,,,,,,,,,,,,,,,0.0,0.0,0.0,0.0,0.2277,,0.0,0.0,0.0,0.0,0.0,0.0,0.0
12107,O3,A,1.0,1.0,1.0,1.0,194,206,0,0,32.0,7.86,0.0,1.0,1.0,1.0,1.0,0.0,0.0,0.0,0.0,0.0,0.0,0.5,0.0,0.0,1.0,0.0,0.0,1.0,1.0,0.0,0.8888888955598869,0.3333333333333333,0.95,0.0,1.0,0.0,0.5,1.0,0.43459681775180375,0.007937013196843614,0.0034494006778023056,0.0,0.0,0.0,0.0,0.29700000000000004,0.7525,0.0,0.0,0.0,0.0,0.0,0.0,0.0
12107,O3,B,0.776,0.7738074282696709,0.7674264070702372,0.552,242,146,101,11,31.058,10.272,0.0,0.9299363057324841,0.7766990291262136,0.26506024096385544,0.89171974522293,0.0,0.0,0.0,0.0,0.0,0.0,0.5,0.0,0.0,0.0,0.0,0.6584552560679465,0.33773663407530685,0.6622633659246931,0.0,0.762075247506068,0.3333333333333333,0.95,0.5644329896907216,0.0,0.0,0.938,0.776,0.349944918759097,0.008995428600241757,0.003147904530714859,0.0,0.0,0.0,0.0,0.29700000000000004,0.776,0.0,0.0,0.0,0.0,0.0,0.0,0.0
12107,O3,C,0.5225,0.5224913711561712,0.5222013758599124,0.045,219,199,182,200,32.0,12.28875,0.0,0.0,1.0,0.0,1.0,0.0,0.0,0.0,0.0,0.0,0.0,0.5,0.0,0.0,0.20875847250910842,0.0,0.0,0.5224913711561712,0.5224913711561712,0.0,0.5574990058960396,0.3333333333333333,0.95,0.0,0.20083682008368192,0.0,0.5,0.5225,0.2644212207983886,0.006392724663248785,0.0016903720596842112,0.0,0.0,0.0,0.0,0.29700000000000004,0.4025,0.0,0.0,0.0,0.0,0.0,0.0,0.0
12107,O3,C_style_shift,0.6425,0.6494987468671679,0.6383203394224507,0.285,214,300,80,206,31.36875,9.26875,0.0,0.0,1.0,0.5151515151515151,1.0,0.0,0.0,0.0,0.0,0.0,0.0,0.5,0.0,0.0,,,,,,,,,,,,,,,,,,0.0,0.0,0.0,0.0,0.29700000000000004,,0.0,0.0,0.0,0.0,0.0,0.0,0.0
12107,O3,A_after_C,0.8875,0.884020618556701,0.8851681966941201,0.775,149,206,0,45,31.3875,9.4225,0.0,1.0,1.0,0.47058823529411764,1.0,0.0,0.0,0.0,0.0,0.0,0.0,0.5,0.0,0.0,,,,,,,,,,,,,,,,,,0.0,0.0,0.0,0.0,0.29700000000000004,,0.0,0.0,0.0,0.0,0.0,0.0,0.0
12107,O3,B_after_C,0.694,0.6952761197612456,0.6910326778379557,0.388,149,198,49,104,31.308,9.404,0.0,0.9299363057324841,0.22330097087378642,0.4578313253012048,0.89171974522293,0.0,0.0,0.0,0.0,0.0,0.0,0.5,0.0,0.0,,,,,,,,,,,,,,,,,,0.0,0.0,0.0,0.0,0.29700000000000004,,0.0,0.0,0.0,0.0,0.0,0.0,0.0
12107,O4R,A,1.0,1.0,1.0,1.0,194,206,0,0,32.0,7.86,0.0,1.0,1.0,1.0,1.0,0.0,0.0,0.0,0.0,0.0,0.0,0.5,0.0,0.0,1.0,0.0,0.0,1.0,1.0,0.0,0.8888888955598869,0.3333333333333333,0.95,0.0,1.0,0.0,0.5,1.0,0.43459681775180375,0.007937013196843614,0.0034494006778023056,0.0,0.0,0.0,0.0,0.29700000000000004,0.7525,0.0,0.0,0.0,0.0,0.0,0.0,0.0
12107,O4R,B,0.776,0.7738074282696709,0.7674264070702372,0.552,242,146,101,11,31.254,11.612,0.0,0.9299363057324841,0.7766990291262136,0.26506024096385544,0.89171974522293,0.0,0.0,0.0,0.0,0.0,0.0,0.5,0.0,0.0,0.0,0.0,0.6584552560679465,0.33773663407530685,0.6622633659246931,0.0,0.762075247506068,0.3333333333333333,0.95,0.5644329896907216,0.0,0.0,0.938,0.776,0.349944918759097,0.008995428600241757,0.003147904530714859,0.0,0.0,0.0,0.0,0.29700000000000004,0.776,0.0,0.0,0.0,0.0,0.0,0.0,0.0
12107,O4R,C,0.5225,0.5224913711561712,0.5222013758599124,0.045,219,199,182,200,32.0,13.43375,0.0,0.0,1.0,0.0,1.0,0.0,0.0,0.0,0.0,0.0,0.0,0.5,0.0,0.0,0.20875847250910842,0.0,0.0,0.5224913711561712,0.5224913711561712,0.0,0.5574990058960396,0.3333333333333333,0.95,0.0,0.20083682008368192,0.0,0.5,0.5225,0.2644212207983886,0.006392724663248785,0.0016903720596842112,0.0,0.0,0.0,0.0,0.29700000000000004,0.4025,0.0,0.0,0.0,0.0,0.0,0.0,0.0
12107,O4R,C_style_shift,0.53625,0.53765664160401,0.5362492753894927,0.0725,214,215,165,206,31.61375,10.5525,0.0,0.0,1.0,0.0,1.0,0.0,0.0,0.0,0.0,0.0,0.0,0.5,0.0,0.0,,,,,,,,,,,,,,,,,,0.0,0.0,0.0,0.0,0.29700000000000004,,0.0,0.0,0.0,0.0,0.0,0.0,0.0
12107,O4R,A_after_C,1.0,1.0,1.0,1.0,194,206,0,0,31.6775,10.6825,0.0,1.0,1.0,1.0,1.0,0.0,0.0,0.0,0.0,0.0,0.0,0.5,0.0,0.0,,,,,,,,,,,,,,,,,,0.0,0.0,0.0,0.0,0.29700000000000004,,0.0,0.0,0.0,0.0,0.0,0.0,0.0
12107,O4R,B_after_C,0.662,0.6622633659246931,0.6619337390128466,0.324,162,169,78,91,31.7,10.786,0.0,0.9299363057324841,0.22330097087378642,0.26506024096385544,0.89171974522293,0.0,0.0,0.0,0.0,0.0,0.0,0.5,0.0,0.0,,,,,,,,,,,,,,,,,,0.0,0.0,0.0,0.0,0.29700000000000004,,0.0,0.0,0.0,0.0,0.0,0.0,0.0
12107,O4M,A,1.0,1.0,1.0,1.0,194,206,0,0,32.0,6.645,1.0,1.0,1.0,1.0,1.0,7.53,6.0,1.0,1.0,0.0,0.959125147908926,0.4856,0.48183805418719217,14.355,1.0,0.0,0.0,1.0,1.0,0.0,0.8888888955598869,0.3333333333333333,0.95,0.0,1.0,0.0,0.5,1.0,0.352812350401508,0.007937013196843614,0.0028002762811461823,256.0,2048.0,0.0,0.0,0.6970000000000001,0.7525,0.0,0.0,0.0,0.0,0.0,0.0,0.0
12107,O4M,B,0.718,0.7199036661279223,0.7115089514066496,0.436,142,217,30,111,28.718,11.784,0.6673333333333332,0.9299363057324841,0.7766990291262136,0.7349397590361446,0.4585987261146497,7.908,6.0,1.0,1.516,0.0,0.9603333452939987,0.2628372481990185,0.5260098522167488,14.314,0.0,0.5010475905417539,0.0,0.7199036661279223,0.6622633659246931,0.17066641396792281,0.762075247506068,0.3333333333333333,0.95,0.0,0.0,0.2539682539682539,0.5,0.718,0.21511814465041046,0.45008273624313766,0.09682096315980382,256.0,2048.0,0.0,0.0,0.6970000000000001,0.776,0.0,0.0,0.0,0.0,0.0,0.0,0.0
12107,O4M,C,0.74,0.7508378278490845,0.7299946128732857,0.48,219,373,8,200,31.50125,16.65875,0.7392368777056276,0.0,1.0,0.9560439560439561,1.0,7.0325,6.0,1.13,1.46375,0.0,0.9999732384085656,0.283256663343807,0.7508515572390573,14.92121717171717,0.5871332039318671,0.5871332039318671,0.0,0.7508378278490845,0.5224913711561712,0.4782038331868448,0.5574990058960396,0.3333333333333333,0.95,0.0,0.5648535564853556,0.4554973821989529,0.5,0.74,0.2591432581264293,0.5523699017138788,0.14314293602111008,256.0,2048.0,0.0,0.0,0.6970000000000001,0.4025,0.0,0.0,0.0,0.0,0.0,0.0,0.0
12107,O4M,C_style_shift,0.59875,0.6178571428571429,0.542277809564041,0.1975,99,380,0,321,28.54375,10.5325,0.5820833333333334,0.0,1.0,1.0,0.46261682242990654,5.96875,6.0,1.0,1.8475,0.0,0.9571672237664461,0.15346646130892375,0.47184113300492614,14.04375,,,,,,,,,,,,,,,,,,256.0,2048.0,0.0,0.0,0.6970000000000001,,0.0,0.0,0.0,0.0,0.0,0.0,0.0
12107,O4M,A_after_C,0.65,0.6391752577319587,0.5909303412809724,0.3,54,206,0,140,28.3,10.8325,0.6666666666666667,1.0,1.0,0.0,0.4954128440366973,6.025,6.0,1.0,1.8225,0.0,0.9591202719509602,0.1642664629876078,0.48183805418719217,14.355,,,,,,,,,,,,,,,,,,256.0,2048.0,0.0,0.0,0.6970000000000001,,0.0,0.0,0.0,0.0,0.0,0.0,0.0
12107,O4M,B_after_C,0.604,0.6083596037829447,0.5465288847358875,0.208,62,240,7,191,29.354,11.052,0.5963333333333334,0.9299363057324841,0.22330097087378642,0.7349397590361446,0.4585987261146497,6.032,6.0,1.0,1.846,0.0,0.9603713936805726,0.1645064958495553,0.5260098522167488,14.314,,,,,,,,,,,,,,,,,,256.0,2048.0,0.0,0.0,0.6970000000000001,,0.0,0.0,0.0,0.0,0.0,0.0,0.0
12107,O4D,A,1.0,1.0,1.0,1.0,194,206,0,0,32.0,6.645,1.0,1.0,1.0,1.0,1.0,7.53,6.0,1.0,1.0,0.0,0.959125147908926,0.4856,0.48183805418719217,14.355,1.0,0.0,0.0,1.0,1.0,0.0,0.8888888955598869,0.3333333333333333,0.95,0.0,1.0,0.0,0.5,1.0,0.352812350401508,0.007937013196843614,0.0028002762811461823,256.0,2048.0,0.0,0.0,0.6970000000000001,0.7525,0.0,0.0,0.0,0.0,0.0,0.0,0.0
12107,O4D,B,0.718,0.7199036661279223,0.7115089514066496,0.436,142,217,30,111,28.718,11.784,0.6673333333333332,0.9299363057324841,0.7766990291262136,0.7349397590361446,0.4585987261146497,7.908,6.0,1.0,1.516,0.0,0.9603333452939987,0.2628372481990185,0.5260098522167488,14.314,0.0,0.5010475905417539,0.0,0.7199036661279223,0.6622633659246931,0.17066641396792281,0.762075247506068,0.3333333333333333,0.95,0.0,0.0,0.2539682539682539,0.5,0.718,0.21511814465041046,0.45008273624313766,0.09682096315980382,256.0,2048.0,0.0,0.0,0.6970000000000001,0.776,0.0,0.0,0.0,0.0,0.0,0.0,0.0
12107,O4D,C,0.74,0.7508378278490845,0.7299946128732857,0.48,219,373,8,200,28.87875,14.5275,0.7392368777056276,0.0,1.0,0.9560439560439561,1.0,7.0325,6.0,1.13,1.46375,0.0,0.9999732384085656,0.283256663343807,0.7508515572390573,14.92121717171717,0.5871332039318671,0.5871332039318671,0.0,0.7508378278490845,0.5224913711561712,0.4782038331868448,0.5574990058960396,0.3333333333333333,0.95,0.0,0.5648535564853556,0.4554973821989529,0.5,0.74,0.24282338545646087,0.5523699017138788,0.13412832955841658,256.0,2048.0,0.0,0.0,0.8398571428571429,0.4025,640.0,640.0,93.0,107.0,201.0,239.0,1.0
12107,O4D,C_style_shift,0.59875,0.6178571428571429,0.542277809564041,0.1975,99,380,0,321,30.25875,10.54,0.5820833333333334,0.0,1.0,1.0,0.46261682242990654,5.96875,6.0,1.0,1.8475,0.0,0.9571672237664461,0.15346646130892375,0.47184113300492614,14.04375,,,,,,,,,,,,,,,,,,256.0,2048.0,0.0,0.0,0.8398571428571429,,640.0,640.0,93.0,107.0,201.0,239.0,1.0
12107,O4D,A_after_C,0.65,0.6391752577319587,0.5909303412809724,0.3,54,206,0,140,30.11,10.7975,0.6666666666666667,1.0,1.0,0.0,0.4954128440366973,6.025,6.0,1.0,1.8225,0.0,0.9591202719509602,0.1642664629876078,0.48183805418719217,14.355,,,,,,,,,,,,,,,,,,256.0,2048.0,0.0,0.0,0.8398571428571429,,640.0,640.0,93.0,107.0,201.0,239.0,1.0
12107,O4D,B_after_C,0.604,0.6083596037829447,0.5465288847358875,0.208,62,240,7,191,30.666,11.05,0.5963333333333334,0.9299363057324841,0.22330097087378642,0.7349397590361446,0.4585987261146497,6.032,6.0,1.0,1.846,0.0,0.9603713936805726,0.1645064958495553,0.5260098522167488,14.314,,,,,,,,,,,,,,,,,,256.0,2048.0,0.0,0.0,0.8398571428571429,,640.0,640.0,93.0,107.0,201.0,239.0,1.0
12160,O1,A,1.0,1.0,1.0,1.0,191,209,0,0,32.0,25.09,0.0,1.0,1.0,1.0,1.0,0.0,0.0,0.0,0.0,0.0,0.0,0.5,0.0,0.0,0.0,0.0,0.0,1.0,1.0,0.0,0.9999999999999999,0.0,0.97,0.0,0.0,0.0,0.5,1.0,0.2633046061055618,0.007937013196843614,0.0020898521334495536,0.0,0.0,0.0,0.0,0.2277,1.0,0.0,0.0,0.0,0.0,0.0,0.0,0.0
12160,O1,B,0.642,0.6408784487037837,0.6407916230198387,0.284,146,175,82,97,17.408,30.226,0.0,0.8926553672316384,0.17894736842105263,0.2608695652173913,0.8970588235294118,0.0,0.0,0.0,0.0,0.0,0.0,0.5,0.0,0.0,0.0,0.0,0.0,0.6408784487037837,0.6408784487037837,0.0,0.2622997006017357,0.0,0.97,0.0,0.0,0.0,0.5,0.642,0.14761676408232477,0.006847029397297969,0.0010107363232056766,0.0,0.0,0.0,0.0,0.2277,0.642,0.0,0.0,0.0,0.0,0.0,0.0,0.0
12160,O1,C,0.49,0.490114411882778,0.4896140206030811,-0.02,185,207,217,191,19.05,29.5025,0.0,0.0,1.0,0.0,1.0,0.0,0.0,0.0,0.0,0.0,0.0,0.5,0.0,0.0,0.0,0.0,0.0,0.490114411882778,0.490114411882778,0.0,0.0005633497000624432,0.0,0.97,0.0,0.0,0.0,0.5,0.49,0.10657067308907152,0.006257333173906468,0.0006668482080857885,0.0,0.0,0.0,0.0,0.2277,0.49,0.0,0.0,0.0,0.0,0.0,0.0,0.0
12160,O1,C_style_shift,0.4625,0.46447262479871176,0.46241600250039067,-0.075,190,180,188,242,19.5,28.9625,0.0,0.0,1.0,0.0,1.0,0.0,0.0,0.0,0.0,0.0,0.0,0.5,0.0,0.0,,,,,,,,,,,,,,,,,,0.0,0.0,0.0,0.0,0.2277,,0.0,0.0,0.0,0.0,0.0,0.0,0.0
12160,O1,A_after_C,1.0,1.0,1.0,1.0,191,209,0,0,19.3625,29.0725,0.0,1.0,1.0,1.0,1.0,0.0,0.0,0.0,0.0,0.0,0.0,0.5,0.0,0.0,,,,,,,,,,,,,,,,,,0.0,0.0,0.0,0.0,0.2277,,0.0,0.0,0.0,0.0,0.0,0.0,0.0
12160,O1,B_after_C,0.642,0.6408784487037837,0.6407916230198387,0.284,146,175,82,97,19.09,28.992,0.0,0.8926553672316384,0.17894736842105263,0.2608695652173913,0.8970588235294118,0.0,0.0,0.0,0.0,0.0,0.0,0.5,0.0,0.0,,,,,,,,,,,,,,,,,,0.0,0.0,0.0,0.0,0.2277,,0.0,0.0,0.0,0.0,0.0,0.0,0.0
12160,O3,A,1.0,1.0,1.0,1.0,191,209,0,0,32.0,7.5575,0.0,1.0,1.0,1.0,1.0,0.0,0.0,0.0,0.0,0.0,0.0,0.5,0.0,0.0,1.0,0.0,0.0,1.0,1.0,0.0,0.8888888955653111,0.3333333333333333,0.95,0.0,1.0,0.0,0.5,1.0,0.4345968177526202,0.007937013196843614,0.0034494006778087857,0.0,0.0,0.0,0.0,0.29700000000000004,0.7825,0.0,0.0,0.0,0.0,0.0,0.0,0.0
12160,O3,B,0.764,0.7682983459031881,0.7598150168536582,0.528,224,158,99,19,28.918,6.104,0.0,0.8926553672316384,0.8210526315789474,0.2608695652173913,0.8970588235294118,0.0,0.0,0.0,0.0,0.0,0.0,0.5,0.0,0.0,0.0,0.0,0.5365966918063763,0.5,0.6408784487037837,0.0,0.7237851313353705,0.3333333333333333,0.95,0.36387434554973824,0.0,0.0,0.778,0.764,0.3139924000659961,0.008407974013391706,0.0026400399401573875,0.0,0.0,0.0,0.0,0.29700000000000004,0.764,0.0,0.0,0.0,0.0,0.0,0.0,0.0
12160,O3,C,0.49,0.490114411882778,0.4896140206030811,-0.02,185,207,217,191,25.75375,26.92625,0.0,0.0,1.0,0.0,1.0,0.0,0.0,0.0,0.0,0.0,0.0,0.5,0.0,0.0,0.2042758134617643,0.0,0.0,0.490114411882778,0.490114411882778,0.0,0.5559310955679048,0.3333333333333333,0.95,0.0,0.2138728323699422,0.0,0.5,0.49,0.26614744767721293,0.006257333173906468,0.0016653732535011603,0.0,0.0,0.0,0.0,0.29700000000000004,0.35125,0.0,0.0,0.0,0.0,0.0,0.0,0.0
12160,O3,C_style_shift,0.4625,0.46447262479871176,0.46241600250039067,-0.075,190,180,188,242,26.47625,23.02125,0.0,0.0,1.0,0.0,1.0,0.0,0.0,0.0,0.0,0.0,0.0,0.5,0.0,0.0,,,,,,,,,,,,,,,,,,0.0,0.0,0.0,0.0,0.29700000000000004,,0.0,0.0,0.0,0.0,0.0,0.0,0.0
12160,O3,A_after_C,1.0,1.0,1.0,1.0,191,209,0,0,26.525,24.1075,0.0,1.0,1.0,1.0,1.0,0.0,0.0,0.0,0.0,0.0,0.0,0.5,0.0,0.0,,,,,,,,,,,,,,,,,,0.0,0.0,0.0,0.0,0.29700000000000004,,0.0,0.0,0.0,0.0,0.0,0.0,0.0
12160,O3,B_after_C,0.642,0.6408784487037837,0.6407916230198387,0.284,146,175,82,97,26.454,23.634,0.0,0.8926553672316384,0.17894736842105263,0.2608695652173913,0.8970588235294118,0.0,0.0,0.0,0.0,0.0,0.0,0.5,0.0,0.0,,,,,,,,,,,,,,,,,,0.0,0.0,0.0,0.0,0.29700000000000004,,0.0,0.0,0.0,0.0,0.0,0.0,0.0
12160,O4R,A,1.0,1.0,1.0,1.0,191,209,0,0,32.0,7.5575,0.0,1.0,1.0,1.0,1.0,0.0,0.0,0.0,0.0,0.0,0.0,0.5,0.0,0.0,1.0,0.0,0.0,1.0,1.0,0.0,0.8888888955653111,0.3333333333333333,0.95,0.0,1.0,0.0,0.5,1.0,0.4345968177526202,0.007937013196843614,0.0034494006778087857,0.0,0.0,0.0,0.0,0.29700000000000004,0.7825,0.0,0.0,0.0,0.0,0.0,0.0,0.0
12160,O4R,B,0.798,0.7999151334646363,0.7975716616360218,0.596,211,188,69,32,31.406,6.44,0.0,0.8926553672316384,0.8210526315789474,0.44565217391304346,0.8970588235294118,0.0,0.0,0.0,0.0,0.0,0.0,0.5,0.0,0.0,0.13645473393227356,0.0,0.6877959198970605,0.35912155129621626,0.6408784487037837,0.0,0.7237851313353705,0.3333333333333333,0.95,0.5513784461152883,0.14406779661016964,0.0,0.9400000000000001,0.798,0.36390199480603624,0.00908609452118458,0.0033064479212552653,0.0,0.0,0.0,0.0,0.29700000000000004,0.764,0.0,0.0,0.0,0.0,0.0,0.0,0.0
12160,O4R,C,0.49,0.490114411882778,0.4896140206030811,-0.02,185,207,217,191,28.595,27.7025,0.0,0.0,1.0,0.0,1.0,0.0,0.0,0.0,0.0,0.0,0.0,0.5,0.0,0.0,0.2042758134617643,0.0,0.0,0.490114411882778,0.490114411882778,0.0,0.5559310955679048,0.3333333333333333,0.95,0.0,0.2138728323699422,0.0,0.5,0.49,0.26614744767721293,0.006257333173906468,0.0016653732535011603,0.0,0.0,0.0,0.0,0.29700000000000004,0.35125,0.0,0.0,0.0,0.0,0.0,0.0,0.0
12160,O4R,C_style_shift,0.4625,0.46447262479871176,0.46241600250039067,-0.075,190,180,188,242,29.83375,23.095,0.0,0.0,1.0,0.0,1.0,0.0,0.0,0.0,0.0,0.0,0.0,0.5,0.0,0.0,,,,,,,,,,,,,,,,,,0.0,0.0,0.0,0.0,0.29700000000000004,,0.0,0.0,0.0,0.0,0.0,0.0,0.0
12160,O4R,A_after_C,1.0,1.0,1.0,1.0,191,209,0,0,29.7675,24.1575,0.0,1.0,1.0,1.0,1.0,0.0,0.0,0.0,0.0,0.0,0.0,0.5,0.0,0.0,,,,,,,,,,,,,,,,,,0.0,0.0,0.0,0.0,0.29700000000000004,,0.0,0.0,0.0,0.0,0.0,0.0,0.0
12160,O4R,B_after_C,0.642,0.6408784487037837,0.6407916230198387,0.284,146,175,82,97,30.016,23.758,0.0,0.8926553672316384,0.17894736842105263,0.2608695652173913,0.8970588235294118,0.0,0.0,0.0,0.0,0.0,0.0,0.5,0.0,0.0,,,,,,,,,,,,,,,,,,0.0,0.0,0.0,0.0,0.29700000000000004,,0.0,0.0,0.0,0.0,0.0,0.0,0.0
12160,O4M,A,1.0,1.0,1.0,1.0,191,209,0,0,32.0,7.4325,1.0,1.0,1.0,1.0,1.0,6.5425,6.0,1.0,1.0,0.0,0.9667541229724884,0.47840000000000005,0.5486761083743842,14.1975,1.0,0.0,0.0,1.0,1.0,0.0,0.8888888955653111,0.3333333333333333,0.95,0.0,1.0,0.0,0.5,1.0,0.3528123504021708,0.007937013196843614,0.002800276281151443,256.0,2048.0,0.0,0.0,0.6970000000000001,0.7825,0.0,0.0,0.0,0.0,0.0,0.0,0.0
12160,O4M,B,0.764,0.7682983459031881,0.7598150168536582,0.528,224,158,99,19,30.346,8.488,0.7153999999999999,0.8926553672316384,0.8210526315789474,0.2608695652173913,0.8970588235294118,7.836,6.0,1.0,1.542,0.0,0.9628818660974503,0.43615513293301894,0.5169655172413793,13.706,0.0,0.5365966918063763,0.0,0.7682983459031881,0.6408784487037837,0.35480994315015063,0.7237851313353705,0.3333333333333333,0.95,0.0,0.0,0.34078212290502796,0.5,0.764,0.2104391747574316,0.506812859855361,0.106653279984416,256.0,2048.0,0.0,0.0,0.6970000000000001,0.764,0.0,0.0,0.0,0.0,0.0,0.0,0.0
12160,O4M,C,0.76125,0.7460106382978724,0.7378529677686106,0.5225,185,424,0,191,31.74125,17.46,0.7502384108946609,0.0,1.0,1.0,1.0,7.03125,6.0,1.25,1.74625,0.0,0.9906138867139817,0.25185069484610345,0.5421431818181819,14.897227272727273,0.6036258271662948,0.0,0.0,0.7460106382978724,0.490114411882778,0.5018698946954042,0.5559310955679048,0.3333333333333333,0.95,0.0,0.6319845857418112,0.5318627450980392,0.5,0.76125,0.267154930334156,0.5871734077767535,0.15686627084866755,256.0,2048.0,0.0,0.0,0.6970000000000001,0.35125,0.0,0.0,0.0,0.0,0.0,0.0,0.0
12160,O4M,C_style_shift,0.57375,0.6053240740740741,0.515686055202558,0.1475,91,368,0,341,31.52,14.675,0.55075,0.0,1.0,1.0,0.4789473684210526,5.41625,6.0,1.3025,1.72,0.0,0.9478261158615351,0.14979718153590632,0.35518216338259445,13.780416666666666,,,,,,,,,,,,,,,,,,256.0,2048.0,0.0,0.0,0.6970000000000001,,0.0,0.0,0.0,0.0,0.0,0.0,0.0
12160,O4M,A_after_C,0.6475,0.6308900523560209,0.5813508116895167,0.295,50,209,0,141,31.58,15.4625,0.629,1.0,1.0,0.0,0.5050505050505051,5.43,6.0,1.305,1.7025,0.0,0.9571674920618534,0.15656730412120087,0.38825944170771753,14.01,,,,,,,,,,,,,,,,,,256.0,2048.0,0.0,0.0,0.6970000000000001,,0.0,0.0,0.0,0.0,0.0,0.0,0.0
12160,O4M,B_after_C,0.608,0.5976045219452051,0.5385281874517338,0.216,55,249,8,188,31.578,15.038,0.6216,0.8926553672316384,0.17894736842105263,0.7391304347826086,0.4485294117647059,5.48,6.0,1.354,1.812,0.0,0.9523760503530503,0.15958716916487112,0.36363218390804597,13.422666666666666,,,,,,,,,,,,,,,,,,256.0,2048.0,0.0,0.0,0.6970000000000001,,0.0,0.0,0.0,0.0,0.0,0.0,0.0
12160,O4D,A,1.0,1.0,1.0,1.0,191,209,0,0,32.0,7.4325,1.0,1.0,1.0,1.0,1.0,6.5425,6.0,1.0,1.0,0.0,0.9667541229724884,0.47840000000000005,0.5486761083743842,14.1975,1.0,0.0,0.0,1.0,1.0,0.0,0.8888888955653111,0.3333333333333333,0.95,0.0,1.0,0.0,0.5,1.0,0.3528123504021708,0.007937013196843614,0.002800276281151443,256.0,2048.0,0.0,0.0,0.6970000000000001,0.7825,0.0,0.0,0.0,0.0,0.0,0.0,0.0
12160,O4D,B,0.764,0.7682983459031881,0.7598150168536582,0.528,224,158,99,19,30.346,8.488,0.7153999999999999,0.8926553672316384,0.8210526315789474,0.2608695652173913,0.8970588235294118,7.836,6.0,1.0,1.542,0.0,0.9628818660974503,0.43615513293301894,0.5169655172413793,13.706,0.0,0.5365966918063763,0.0,0.7682983459031881,0.6408784487037837,0.35480994315015063,0.7237851313353705,0.3333333333333333,0.95,0.0,0.0,0.34078212290502796,0.5,0.764,0.2104391747574316,0.506812859855361,0.106653279984416,256.0,2048.0,0.0,0.0,0.6970000000000001,0.764,0.0,0.0,0.0,0.0,0.0,0.0,0.0
12160,O4D,C,0.76125,0.7460106382978724,0.7378529677686106,0.5225,185,424,0,191,31.74125,18.3475,0.7502384108946609,0.0,1.0,1.0,1.0,7.03125,6.0,1.25,1.74625,0.0,0.9906138867139817,0.25185069484610345,0.5421431818181819,14.897227272727273,0.6036258271662948,0.0,0.0,0.7460106382978724,0.490114411882778,0.5018698946954042,0.5559310955679048,0.3333333333333333,0.95,0.0,0.6319845857418112,0.5318627450980392,0.5,0.76125,0.2503305125286169,0.5871734077767535,0.14698742011192928,256.0,2048.0,0.0,0.0,0.8398571428571429,0.35125,640.0,640.0,79.0,101.0,185.0,275.0,1.0
12160,O4D,C_style_shift,0.57375,0.6053240740740741,0.515686055202558,0.1475,91,368,0,341,31.52,16.37875,0.55075,0.0,1.0,1.0,0.4789473684210526,5.41625,6.0,1.3025,1.72,0.0,0.9478261158615351,0.14979718153590632,0.35518216338259445,13.780416666666666,,,,,,,,,,,,,,,,,,256.0,2048.0,0.0,0.0,0.8398571428571429,,640.0,640.0,79.0,101.0,185.0,275.0,1.0
12160,O4D,A_after_C,0.6475,0.6308900523560209,0.5813508116895167,0.295,50,209,0,141,31.58,17.0675,0.629,1.0,1.0,0.0,0.5050505050505051,5.43,6.0,1.305,1.7025,0.0,0.9571674920618534,0.15656730412120087,0.38825944170771753,14.01,,,,,,,,,,,,,,,,,,256.0,2048.0,0.0,0.0,0.8398571428571429,,640.0,640.0,79.0,101.0,185.0,275.0,1.0
12160,O4D,B_after_C,0.608,0.5976045219452051,0.5385281874517338,0.216,55,249,8,188,31.578,16.768,0.6216,0.8926553672316384,0.17894736842105263,0.7391304347826086,0.4485294117647059,5.48,6.0,1.354,1.812,0.0,0.9523760503530503,0.15958716916487112,0.36363218390804597,13.422666666666666,,,,,,,,,,,,,,,,,,256.0,2048.0,0.0,0.0,0.8398571428571429,,640.0,640.0,79.0,101.0,185.0,275.0,1.0
12213,O1,A,1.0,1.0,1.0,1.0,200,200,0,0,32.0,24.46,0.0,1.0,1.0,1.0,1.0,0.0,0.0,0.0,0.0,0.0,0.0,0.5,0.0,0.0,0.0,0.0,0.0,1.0,1.0,0.0,0.9999999999999999,0.0,0.97,0.0,0.0,0.0,0.5,1.0,0.2633046061055618,0.007937013196843614,0.0020898521334495536,0.0,0.0,0.0,0.0,0.2277,1.0,0.0,0.0,0.0,0.0,0.0,0.0,0.0
12213,O1,B,0.524,0.5,0.3438320209973753,0.048,0,262,0,238,20.036,26.538,0.0,0.9403973509933775,0.2702702702702703,0.7864077669902912,0.06666666666666667,0.0,0.0,0.0,0.0,0.0,0.0,0.5,0.0,0.0,0.0,0.0,0.0,0.5607960741548528,0.6391686445570595,0.0,0.22929168779583942,0.0,0.97,0.0,0.0,0.0,0.45000000000000007,0.524,0.1424403722954374,0.006178008927687997,0.0008799978917044144,0.0,0.0,0.0,0.0,0.2277,0.64,0.0,0.0,0.0,0.0,0.0,0.0,0.0
12213,O1,C,0.465,0.4649741243531088,0.46496990455713133,-0.07,189,183,215,213,22.1725,28.8175,0.0,0.0,1.0,0.0,1.0,0.0,0.0,0.0,0.0,0.0,0.0,0.5,0.0,0.0,0.0,0.0,0.0,0.4649741243531088,0.4649741243531088,0.0,0.00707360627490794,0.0,0.97,0.0,0.0,0.0,0.5,0.465,0.10759162636071287,0.006149053239598073,0.0006615866386269669,0.0,0.0,0.0,0.0,0.2277,0.465,0.0,0.0,0.0,0.0,0.0,0.0,0.0
12213,O1,C_style_shift,0.4725,0.4713468486551586,0.47130713672724084,-0.055,170,208,216,206,25.155,27.215,0.0,0.0,1.0,0.0,1.0,0.0,0.0,0.0,0.0,0.0,0.0,0.5,0.0,0.0,,,,,,,,,,,,,,,,,,0.0,0.0,0.0,0.0,0.2277,,0.0,0.0,0.0,0.0,0.0,0.0,0.0
12213,O1,A_after_C,1.0,1.0,1.0,1.0,200,200,0,0,25.03,27.2375,0.0,1.0,1.0,1.0,1.0,0.0,0.0,0.0,0.0,0.0,0.0,0.5,0.0,0.0,,,,,,,,,,,,,,,,,,0.0,0.0,0.0,0.0,0.2277,,0.0,0.0,0.0,0.0,0.0,0.0,0.0
12213,O1,B_after_C,0.64,0.6391686445570595,0.6391686445570595,0.28,148,172,90,90,25.432,27.026,0.0,0.9403973509933775,0.2702702702702703,0.21359223300970873,0.9333333333333333,0.0,0.0,0.0,0.0,0.0,0.0,0.5,0.0,0.0,,,,,,,,,,,,,,,,,,0.0,0.0,0.0,0.0,0.2277,,0.0,0.0,0.0,0.0,0.0,0.0,0.0
12213,O3,A,1.0,1.0,1.0,1.0,200,200,0,0,32.0,8.215,0.0,1.0,1.0,1.0,1.0,0.0,0.0,0.0,0.0,0.0,0.0,0.5,0.0,0.0,1.0,0.0,0.0,1.0,1.0,0.0,0.8888888955555554,0.3333333333333333,0.95,0.0,1.0,0.0,0.5,1.0,0.4345968177511517,0.007937013196843614,0.00344940067779713,0.0,0.0,0.0,0.0,0.29700000000000004,0.7325,0.0,0.0,0.0,0.0,0.0,0.0,0.0
12213,O3,B,0.676,0.673712232984797,0.6739130434782609,0.352,149,189,73,89,31.426,10.958,0.0,0.9403973509933775,0.7297297297297297,0.46601941747572817,0.4962962962962963,0.0,0.0,0.0,0.0,0.0,0.0,0.5,0.0,0.0,0.0,0.0,0.48951224407868327,0.36083135544294054,0.6391686445570595,0.0,0.7034472062189036,0.3333333333333333,0.95,0.4674556213017752,0.0,0.0,0.8160000000000001,0.676,0.3265225388697156,0.008201236636818621,0.002677888608525344,0.0,0.0,0.0,0.0,0.29700000000000004,0.742,0.0,0.0,0.0,0.0,0.0,0.0,0.0
12213,O3,C,0.465,0.4649741243531088,0.46496990455713133,-0.07,189,183,215,213,32.0,10.1275,0.0,0.0,1.0,0.0,1.0,0.0,0.0,0.0,0.0,0.0,0.0,0.5,0.0,0.0,0.17124600638977633,0.0,0.0,0.4649741243531088,0.4649741243531088,0.0,0.5602671086005652,0.3333333333333333,0.95,0.0,0.17054263565891478,0.0,0.5,0.465,0.2602778793537715,0.006149053239598073,0.001600462537236025,0.0,0.0,0.0,0.0,0.29700000000000004,0.355,0.0,0.0,0.0,0.0,0.0,0.0,0.0
12213,O3,C_style_shift,0.6425,0.6196808510638298,0.567030754441341,0.285,90,424,0,286,32.0,7.16625,0.0,0.0,1.0,1.0,0.5294117647058824,0.0,0.0,0.0,0.0,0.0,0.0,0.5,0.0,0.0,,,,,,,,,,,,,,,,,,0.0,0.0,0.0,0.0,0.29700000000000004,,0.0,0.0,0.0,0.0,0.0,0.0,0.0
12213,O3,A_after_C,0.625,0.625,0.5636363636363637,0.25,50,200,0,150,32.0,7.3275,0.0,1.0,1.0,0.0,0.5050505050505051,0.0,0.0,0.0,0.0,0.0,0.0,0.5,0.0,0.0,,,,,,,,,,,,,,,,,,0.0,0.0,0.0,0.0,0.29700000000000004,,0.0,0.0,0.0,0.0,0.0,0.0,0.0
12213,O3,B_after_C,0.64,0.6226185130540766,0.5746370235934665,0.28,62,258,4,176,32.0,7.068,0.0,0.9403973509933775,0.2702702702702703,0.7864077669902912,0.4962962962962963,0.0,0.0,0.0,0.0,0.0,0.0,0.5,0.0,0.0,,,,,,,,,,,,,,,,,,0.0,0.0,0.0,0.0,0.29700000000000004,,0.0,0.0,0.0,0.0,0.0,0.0,0.0
12213,O4R,A,1.0,1.0,1.0,1.0,200,200,0,0,32.0,8.215,0.0,1.0,1.0,1.0,1.0,0.0,0.0,0.0,0.0,0.0,0.0,0.5,0.0,0.0,1.0,0.0,0.0,1.0,1.0,0.0,0.8888888955555554,0.3333333333333333,0.95,0.0,1.0,0.0,0.5,1.0,0.4345968177511517,0.007937013196843614,0.00344940067779713,0.0,0.0,0.0,0.0,0.29700000000000004,0.7325,0.0,0.0,0.0,0.0,0.0,0.0,0.0
12213,O4R,B,0.794,0.7986240297645776,0.7933046769332033,0.588,213,184,78,25,31.282,9.414,0.0,0.9403973509933775,0.7297297297297297,0.46601941747572817,0.9333333333333333,0.0,0.0,0.0,0.0,0.0,0.0,0.5,0.0,0.0,0.18772236237790277,0.0,0.6849407868325973,0.36083135544294054,0.6391686445570595,0.0,0.7034472062189036,0.3333333333333333,0.95,0.5465994962216625,0.2015503875968994,0.0,0.934,0.794,0.3687738183279469,0.009051546709181051,0.003337973441718459,0.0,0.0,0.0,0.0,0.29700000000000004,0.742,0.0,0.0,0.0,0.0,0.0,0.0,0.0
12213,O4R,C,0.73375,0.7350746268656716,0.714246904760707,0.4675,189,398,0,213,28.32,8.80875,0.0,0.0,1.0,1.0,1.0,0.0,0.0,0.0,0.0,0.0,0.0,0.5,0.0,0.0,0.5896311356375254,0.0,0.5048363355996355,0.4649741243531088,0.4649741243531088,0.0,0.5602671086005652,0.3333333333333333,0.95,0.3662691652470187,0.5872093023255814,0.0,0.76875,0.73375,0.3781286695175698,0.00826249988823792,0.0031242880896284737,0.0,0.0,0.0,0.0,0.29700000000000004,0.355,0.0,0.0,0.0,0.0,0.0,0.0,0.0
12213,O4R,C_style_shift,0.6425,0.6196808510638298,0.567030754441341,0.285,90,424,0,286,29.06625,5.7175,0.0,0.0,1.0,1.0,0.5294117647058824,0.0,0.0,0.0,0.0,0.0,0.0,0.5,0.0,0.0,,,,,,,,,,,,,,,,,,0.0,0.0,0.0,0.0,0.29700000000000004,,0.0,0.0,0.0,0.0,0.0,0.0,0.0
12213,O4R,A_after_C,0.625,0.625,0.5636363636363637,0.25,50,200,0,150,28.7275,6.025,0.0,1.0,1.0,0.0,0.5050505050505051,0.0,0.0,0.0,0.0,0.0,0.0,0.5,0.0,0.0,,,,,,,,,,,,,,,,,,0.0,0.0,0.0,0.0,0.29700000000000004,,0.0,0.0,0.0,0.0,0.0,0.0,0.0
12213,O4R,B_after_C,0.64,0.6226185130540766,0.5746370235934665,0.28,62,258,4,176,28.552,5.822,0.0,0.9403973509933775,0.2702702702702703,0.7864077669902912,0.4962962962962963,0.0,0.0,0.0,0.0,0.0,0.0,0.5,0.0,0.0,,,,,,,,,,,,,,,,,,0.0,0.0,0.0,0.0,0.29700000000000004,,0.0,0.0,0.0,0.0,0.0,0.0,0.0
12213,O4M,A,1.0,1.0,1.0,1.0,200,200,0,0,32.0,8.215,1.0,1.0,1.0,1.0,1.0,7.17,6.0,1.0,1.0,0.0,0.9559344129264354,0.5,0.46635467980295564,14.71,1.0,0.0,0.0,1.0,1.0,0.0,0.8888888955555554,0.3333333333333333,0.95,0.0,1.0,0.0,0.5,1.0,0.35281235040097864,0.007937013196843614,0.0028002762811419808,256.0,2048.0,0.0,0.0,0.6970000000000001,0.7325,0.0,0.0,0.0,0.0,0.0,0.0,0.0
12213,O4M,B,0.748,0.7483802681377895,0.7478022769851563,0.496,180,194,68,58,28.596,6.892,0.6360190476190476,0.9403973509933775,0.4594594594594595,0.5339805825242718,0.9333333333333333,7.618,6.0,1.072,1.7,0.0,0.9577899537086487,0.47193725207921416,0.4645591133004926,14.176,0.0,0.19723714504988482,0.23556638246041423,0.6708416190903842,0.6391686445570595,0.08777777777777766,0.7034472062189036,0.3333333333333333,0.95,0.0989304812834224,0.023255813953488393,0.09444444444444453,0.574,0.748,0.22288482666713277,0.34355685151419085,0.0765736093000463,256.0,2048.0,0.0,0.0,0.6970000000000001,0.742,0.0,0.0,0.0,0.0,0.0,0.0,0.0
12213,O4M,C,0.73375,0.7350746268656716,0.714246904760707,0.4675,189,398,0,213,31.345,23.6175,0.7282767857142858,0.0,1.0,1.0,1.0,6.935,6.0,1.16375,1.10625,0.0,0.999981999322772,0.25182321677300373,0.77125,15.025,0.5896311356375254,0.5048363355996355,0.0,0.7350746268656716,0.4649741243531088,0.5048363355996355,0.5602671086005652,0.3333333333333333,0.95,0.0,0.5872093023255814,0.5023364485981309,0.5,0.73375,0.26221333841588573,0.5690778885840237,0.14921981298428033,256.0,2048.0,0.0,0.0,0.6970000000000001,0.355,0.0,0.0,0.0,0.0,0.0,0.0,0.0
12213,O4M,C_style_shift,0.6425,0.6196808510638298,0.567030754441341,0.285,90,424,0,286,31.345,21.0875,0.6425,0.0,1.0,1.0,0.5294117647058824,5.935,6.0,1.0,1.135,0.0,0.9585526736080646,0.128,0.4711299261083744,14.2625,,,,,,,,,,,,,,,,,,256.0,2048.0,0.0,0.0,0.6970000000000001,,0.0,0.0,0.0,0.0,0.0,0.0,0.0
12213,O4M,A_after_C,0.625,0.625,0.5636363636363637,0.25,50,200,0,150,31.3175,21.1025,0.625,1.0,1.0,0.0,0.5050505050505051,5.8875,6.0,1.0,1.1475,0.0,0.9559709504246712,0.14,0.46635467980295564,14.71,,,,,,,,,,,,,,,,,,256.0,2048.0,0.0,0.0,0.6970000000000001,,0.0,0.0,0.0,0.0,0.0,0.0,0.0
12213,O4M,B_after_C,0.64,0.6226185130540766,0.5746370235934665,0.28,62,258,4,176,31.446,21.582,0.64,0.9403973509933775,0.2702702702702703,0.7864077669902912,0.4962962962962963,5.8,6.0,1.0,1.11,0.0,0.9578728551864624,0.14672000000000002,0.4645591133004926,14.176,,,,,,,,,,,,,,,,,,256.0,2048.0,0.0,0.0,0.6970000000000001,,0.0,0.0,0.0,0.0,0.0,0.0,0.0
12213,O4D,A,1.0,1.0,1.0,1.0,200,200,0,0,32.0,8.215,1.0,1.0,1.0,1.0,1.0,7.17,6.0,1.0,1.0,0.0,0.9559344129264354,0.5,0.46635467980295564,14.71,1.0,0.0,0.0,1.0,1.0,0.0,0.8888888955555554,0.3333333333333333,0.95,0.0,1.0,0.0,0.5,1.0,0.35281235040097864,0.007937013196843614,0.0028002762811419808,256.0,2048.0,0.0,0.0,0.6970000000000001,0.7325,0.0,0.0,0.0,0.0,0.0,0.0,0.0
12213,O4D,B,0.748,0.7483802681377895,0.7478022769851563,0.496,180,194,68,58,28.596,6.892,0.6360190476190476,0.9403973509933775,0.4594594594594595,0.5339805825242718,0.9333333333333333,7.618,6.0,1.072,1.7,0.0,0.9577899537086487,0.47193725207921416,0.4645591133004926,14.176,0.0,0.19723714504988482,0.23556638246041423,0.6708416190903842,0.6391686445570595,0.08777777777777766,0.7034472062189036,0.3333333333333333,0.95,0.0989304812834224,0.023255813953488393,0.09444444444444453,0.574,0.748,0.22288482666713277,0.34355685151419085,0.0765736093000463,256.0,2048.0,0.0,0.0,0.6970000000000001,0.742,0.0,0.0,0.0,0.0,0.0,0.0,0.0
12213,O4D,C,0.73375,0.7350746268656716,0.714246904760707,0.4675,189,398,0,213,31.42375,23.65125,0.7282767857142858,0.0,1.0,1.0,1.0,6.935,6.0,1.16375,1.10625,0.0,0.999981999322772,0.25182321677300373,0.77125,15.025,0.5896311356375254,0.0,0.0,0.7350746268656716,0.4649741243531088,0.5048363355996355,0.5602671086005652,0.3333333333333333,0.95,0.0,0.5872093023255814,0.5023364485981309,0.5,0.73375,0.24570012357767895,0.5690778885840237,0.13982250755041925,256.0,2048.0,0.0,0.0,0.8398571428571429,0.355,640.0,640.0,88.0,81.0,236.0,235.0,1.0
12213,O4D,C_style_shift,0.6425,0.6196808510638298,0.567030754441341,0.285,90,424,0,286,31.345,20.22,0.6425,0.0,1.0,1.0,0.5294117647058824,5.935,6.0,1.0,1.135,0.0,0.9585526736080646,0.128,0.4711299261083744,14.2625,,,,,,,,,,,,,,,,,,256.0,2048.0,0.0,0.0,0.8398571428571429,,640.0,640.0,88.0,81.0,236.0,235.0,1.0
12213,O4D,A_after_C,0.625,0.625,0.5636363636363637,0.25,50,200,0,150,31.3175,20.1775,0.625,1.0,1.0,0.0,0.5050505050505051,5.8875,6.0,1.0,1.1475,0.0,0.9559709504246712,0.14,0.46635467980295564,14.71,,,,,,,,,,,,,,,,,,256.0,2048.0,0.0,0.0,0.8398571428571429,,640.0,640.0,88.0,81.0,236.0,235.0,1.0
12213,O4D,B_after_C,0.64,0.6226185130540766,0.5746370235934665,0.28,62,258,4,176,31.446,20.642,0.64,0.9403973509933775,0.2702702702702703,0.7864077669902912,0.4962962962962963,5.8,6.0,1.0,1.11,0.0,0.9578728551864624,0.14672000000000002,0.4645591133004926,14.176,,,,,,,,,,,,,,,,,,256.0,2048.0,0.0,0.0,0.8398571428571429,,640.0,640.0,88.0,81.0,236.0,235.0,1.0
12266,O1,A,1.0,1.0,1.0,1.0,193,207,0,0,32.0,25.435,0.0,1.0,1.0,1.0,1.0,0.0,0.0,0.0,0.0,0.0,0.0,0.5,0.0,0.0,0.0,0.0,0.0,1.0,1.0,0.0,0.9999999999999999,0.0,0.97,0.0,0.0,0.0,0.5,1.0,0.2633046061055618,0.007937013196843614,0.0020898521334495536,0.0,0.0,0.0,0.0,0.2277,1.0,0.0,0.0,0.0,0.0,0.0,0.0,0.0
12266,O1,B,0.656,0.6557859703020994,0.6556473829201102,0.312,172,156,92,80,19.628,28.758,0.0,0.9178082191780822,0.24444444444444444,0.22549019607843138,0.9197530864197531,0.0,0.0,0.0,0.0,0.0,0.0,0.5,0.0,0.0,0.0,0.0,0.0,0.6557859703020994,0.6557859703020994,0.0,0.29336239152065324,0.0,0.97,0.0,0.0,0.0,0.5,0.656,0.15248808605789616,0.006896442582671754,0.00105162533003979,0.0,0.0,0.0,0.0,0.2277,0.656,0.0,0.0,0.0,0.0,0.0,0.0,0.0
12266,O1,C,0.50125,0.501268781719543,0.5012492207019074,0.0025,201,200,202,197,19.8475,32.0,0.0,0.0,1.0,0.0,1.0,0.0,0.0,0.0,0.0,0.0,0.0,0.5,0.0,0.0,0.0,0.0,0.0,0.501268781719543,0.501268781719543,0.0,9.29029004004267e-06,0.0,0.97,0.0,0.0,0.0,0.5,0.50125,0.1064837842298011,0.006304858947838356,0.0006713652398009504,0.0,0.0,0.0,0.0,0.2277,0.50125,0.0,0.0,0.0,0.0,0.0,0.0,0.0
12266,O1,C_style_shift,0.535,0.5353961556493202,0.5347091932457786,0.07,204,224,171,201,20.405,30.80125,0.0,0.0,1.0,0.0,1.0,0.0,0.0,0.0,0.0,0.0,0.0,0.5,0.0,0.0,,,,,,,,,,,,,,,,,,0.0,0.0,0.0,0.0,0.2277,,0.0,0.0,0.0,0.0,0.0,0.0,0.0
12266,O1,A_after_C,1.0,1.0,1.0,1.0,193,207,0,0,20.6575,30.7725,0.0,1.0,1.0,1.0,1.0,0.0,0.0,0.0,0.0,0.0,0.0,0.5,0.0,0.0,,,,,,,,,,,,,,,,,,0.0,0.0,0.0,0.0,0.2277,,0.0,0.0,0.0,0.0,0.0,0.0,0.0
12266,O1,B_after_C,0.656,0.6557859703020994,0.6556473829201102,0.312,172,156,92,80,21.47,30.748,0.0,0.9178082191780822,0.24444444444444444,0.22549019607843138,0.9197530864197531,0.0,0.0,0.0,0.0,0.0,0.0,0.5,0.0,0.0,,,,,,,,,,,,,,,,,,0.0,0.0,0.0,0.0,0.2277,,0.0,0.0,0.0,0.0,0.0,0.0,0.0
12266,O3,A,1.0,1.0,1.0,1.0,193,207,0,0,30.7975,7.5925,0.0,1.0,1.0,1.0,1.0,0.0,0.0,0.0,0.0,0.0,0.0,0.5,0.0,0.0,1.0,0.0,0.0,1.0,1.0,0.0,0.8888888955614528,0.3333333333333333,0.95,0.0,1.0,0.0,0.5,1.0,0.4345968177520394,0.007937013196843614,0.0034494006778041757,0.0,0.0,0.0,0.0,0.29700000000000004,0.7375,0.0,0.0,0.0,0.0,0.0,0.0,0.0
12266,O3,B,0.748,0.7463517665130568,0.7361411268030357,0.496,240,134,114,12,30.526,11.042,0.0,0.9178082191780822,0.7555555555555555,0.22549019607843138,0.9197530864197531,0.0,0.0,0.0,0.0,0.0,0.0,0.5,0.0,0.0,0.0,0.0,0.4927035330261136,0.5,0.6557859703020994,0.0,0.7426628785444791,0.3333333333333333,0.95,0.3262032085561497,0.0,0.0,0.744,0.748,0.3111635400934698,0.00822542915016937,0.002559453653154722,0.0,0.0,0.0,0.0,0.29700000000000004,0.748,0.0,0.0,0.0,0.0,0.0,0.0,0.0
12266,O3,C,0.50125,0.501268781719543,0.5012492207019074,0.0025,201,200,202,197,32.0,9.9425,0.0,0.0,1.0,0.0,1.0,0.0,0.0,0.0,0.0,0.0,0.0,0.5,0.0,0.0,0.21063825577714473,0.0,0.0,0.501268781719543,0.501268781719543,0.0,0.5555617490750565,0.3333333333333333,0.95,0.0,0.21146245059288532,0.0,0.5,0.50125,0.2657290313016994,0.006304858947838356,0.0016753840607029382,0.0,0.0,0.0,0.0,0.29700000000000004,0.3675,0.0,0.0,0.0,0.0,0.0,0.0,0.0
12266,O3,C_style_shift,0.51,0.5133614627285513,0.4737372042288974,0.02,99,309,86,306,31.985,5.8525,0.0,0.0,1.0,0.49707602339181284,0.4852941176470588,0.0,0.0,0.0,0.0,0.0,0.0,0.5,0.0,0.0,,,,,,,,,,,,,,,,,,0.0,0.0,0.0,0.0,0.29700000000000004,,0.0,0.0,0.0,0.0,0.0,0.0,0.0
12266,O3,A_after_C,0.7725,0.7642487046632125,0.7556637019634167,0.545,102,207,0,91,31.985,5.96,0.0,1.0,1.0,0.47058823529411764,0.5934065934065934,0.0,0.0,0.0,0.0,0.0,0.0,0.5,0.0,0.0,,,,,,,,,,,,,,,,,,0.0,0.0,0.0,0.0,0.29700000000000004,,0.0,0.0,0.0,0.0,0.0,0.0,0.0
12266,O3,B_after_C,0.574,0.5757168458781362,0.5543466889842034,0.148,91,196,52,161,31.992,6.37,0.0,0.9178082191780822,0.24444444444444444,0.43137254901960786,0.5370370370370371,0.0,0.0,0.0,0.0,0.0,0.0,0.5,0.0,0.0,,,,,,,,,,,,,,,,,,0.0,0.0,0.0,0.0,0.29700000000000004,,0.0,0.0,0.0,0.0,0.0,0.0,0.0
12266,O4R,A,1.0,1.0,1.0,1.0,193,207,0,0,29.995,7.705,0.0,1.0,1.0,1.0,1.0,0.0,0.0,0.0,0.0,0.0,0.0,0.5,0.0,0.0,1.0,0.0,0.0,1.0,1.0,0.0,0.8888888955614528,0.3333333333333333,0.95,0.0,1.0,0.0,0.5,1.0,0.4345968177520394,0.007937013196843614,0.0034494006778041757,0.0,0.0,0.0,0.0,0.29700000000000004,0.7375,0.0,0.0,0.0,0.0,0.0,0.0,0.0
12266,O4R,B,0.748,0.7463517665130568,0.7361411268030357,0.496,240,134,114,12,30.234,11.244,0.0,0.9178082191780822,0.7555555555555555,0.22549019607843138,0.9197530864197531,0.0,0.0,0.0,0.0,0.0,0.0,0.5,0.0,0.0,0.0,0.0,0.4927035330261136,0.5,0.6557859703020994,0.0,0.7426628785444791,0.3333333333333333,0.95,0.3262032085561497,0.0,0.0,0.744,0.748,0.3111635400934698,0.00822542915016937,0.002559453653154722,0.0,0.0,0.0,0.0,0.29700000000000004,0.748,0.0,0.0,0.0,0.0,0.0,0.0,0.0
12266,O4R,C,0.75375,0.7525125628140703,0.7371576670408055,0.5075,201,402,0,197,31.60875,7.5125,0.0,0.0,1.0,1.0,1.0,0.0,0.0,0.0,0.0,0.0,0.0,0.5,0.0,0.0,0.6082917853751186,0.0,0.5050251256281406,0.5,0.501268781719543,0.0,0.5555617490750565,0.3333333333333333,0.95,0.3333333333333334,0.6106719367588933,0.0025062656641603475,0.7512500000000001,0.75375,0.37599445355961386,0.11239261413286634,0.042258999535023614,0.0,0.0,0.0,0.0,0.29700000000000004,0.3675,0.0,0.0,0.0,0.0,0.0,0.0,0.0
12266,O4R,C_style_shift,0.6175,0.6222222222222222,0.556830031282586,0.235,99,395,0,306,31.87625,7.1475,0.0,0.0,1.0,1.0,0.4852941176470588,0.0,0.0,0.0,0.0,0.0,0.0,0.5,0.0,0.0,,,,,,,,,,,,,,,,,,0.0,0.0,0.0,0.0,0.29700000000000004,,0.0,0.0,0.0,0.0,0.0,0.0,0.0
12266,O4R,A_after_C,0.6525,0.6398963730569949,0.5929453624323711,0.305,54,207,0,139,31.865,7.2825,0.0,1.0,1.0,0.0,0.5934065934065934,0.0,0.0,0.0,0.0,0.0,0.0,0.5,0.0,0.0,,,,,,,,,,,,,,,,,,0.0,0.0,0.0,0.0,0.29700000000000004,,0.0,0.0,0.0,0.0,0.0,0.0,0.0
12266,O4R,B_after_C,0.644,0.6466013824884793,0.6033868092691622,0.288,81,241,7,171,31.824,7.646,0.0,0.9178082191780822,0.24444444444444444,0.7745098039215687,0.5370370370370371,0.0,0.0,0.0,0.0,0.0,0.0,0.5,0.0,0.0,,,,,,,,,,,,,,,,,,0.0,0.0,0.0,0.0,0.29700000000000004,,0.0,0.0,0.0,0.0,0.0,0.0,0.0
12266,O4M,A,0.9325,0.9347826086956521,0.9324286277380482,0.865,193,180,27,0,29.67,7.8325,1.0,1.0,0.7428571428571429,1.0,1.0,5.8975,6.0,1.0,1.0,0.0,0.9570245423913002,0.4832,0.44585591133004926,14.29,0.6142857142857139,0.49999999999999956,0.0,1.0,1.0,0.0,0.8888888955614528,0.3333333333333333,0.95,0.0,0.7428571428571428,0.0,0.4325,0.9325,0.321390045977177,0.007388316204346069,0.002374531284608705,256.0,2048.0,0.0,0.0,0.6970000000000001,0.7375,0.0,0.0,0.0,0.0,0.0,0.0,0.0
12266,O4M,B,0.818,0.8172363031233999,0.8160865646182887,0.636,230,179,69,22,29.994,11.568,0.7280952380952381,0.9178082191780822,0.7555555555555555,0.5686274509803921,0.9197530864197531,7.104,6.0,1.0,1.708,0.0,0.9606047638654709,0.4018504291681289,0.5570073891625615,15.656,0.27946000504668195,0.27946000504668195,0.304638986971874,0.7371671786994367,0.6557859703020994,0.23642618073633292,0.7426628785444791,0.3333333333333333,0.95,0.10024449877750607,0.27777777777777757,0.23255813953488363,0.582,0.818,0.25893950454063946,0.480179548709642,0.12433745443342256,256.0,2048.0,0.0,0.0,0.6970000000000001,0.748,0.0,0.0,0.0,0.0,0.0,0.0,0.0
12266,O4M,C,0.75375,0.7525125628140703,0.7371576670408055,0.5075,201,402,0,197,31.63375,17.70375,0.7274179743867244,0.0,1.0,1.0,1.0,6.99875,6.0,1.28625,1.37,0.0,0.994987614005804,0.28494842345223054,0.6515000000000001,14.98875,0.6082917853751186,0.503765900119055,0.07871102838529524,0.7313682842071052,0.501268781719543,0.46136976001002566,0.5555617490750565,0.3333333333333333,0.95,0.02819237147595355,0.6106719367588933,0.46365914786967427,0.52125,0.75375,0.2679504842875849,0.566880507715017,0.1518959065754308,256.0,2048.0,0.0,0.0,0.6970000000000001,0.3675,0.0,0.0,0.0,0.0,0.0,0.0,0.0
12266,O4M,C_style_shift,0.6175,0.6222222222222222,0.556830031282586,0.235,99,395,0,306,31.57125,14.01875,0.551875,0.0,1.0,1.0,0.4852941176470588,7.555,6.0,1.3825,1.3825,0.0,0.9527071942389012,0.19660039232116233,0.41450184729064043,13.783499999999998,,,,,,,,,,,,,,,,,,256.0,2048.0,0.0,0.0,0.6970000000000001,,0.0,0.0,0.0,0.0,0.0,0.0,0.0
12266,O4M,A_after_C,0.6525,0.6398963730569949,0.5929453624323711,0.305,54,207,0,139,31.61,14.135,0.585,1.0,1.0,0.0,0.5934065934065934,7.6075,6.0,1.39,1.39,0.0,0.9510109160840511,0.20905474854501763,0.4058559113300493,14.165999999999999,,,,,,,,,,,,,,,,,,256.0,2048.0,0.0,0.0,0.6970000000000001,,0.0,0.0,0.0,0.0,0.0,0.0,0.0
12266,O4M,B_after_C,0.644,0.6466013824884793,0.6033868092691622,0.288,81,241,7,171,31.752,16.072,0.672,0.9178082191780822,0.24444444444444444,0.7745098039215687,0.5370370370370371,7.754,6.0,1.404,1.404,0.0,0.9542499330043793,0.23828178851758403,0.49140738916256155,15.553600000000001,,,,,,,,,,,,,,,,,,256.0,2048.0,0.0,0.0,0.6970000000000001,,0.0,0.0,0.0,0.0,0.0,0.0,0.0
12266,O4D,A,0.9325,0.9347826086956521,0.9324286277380482,0.865,193,180,27,0,29.67,7.8325,1.0,1.0,0.7428571428571429,1.0,1.0,5.8975,6.0,1.0,1.0,0.0,0.9570245423913002,0.4832,0.44585591133004926,14.29,0.6142857142857139,0.49999999999999956,0.0,1.0,1.0,0.0,0.8888888955614528,0.3333333333333333,0.95,0.0,0.7428571428571428,0.0,0.4325,0.9325,0.321390045977177,0.007388316204346069,0.002374531284608705,256.0,2048.0,0.0,0.0,0.6970000000000001,0.7375,0.0,0.0,0.0,0.0,0.0,0.0,0.0
12266,O4D,B,0.818,0.8172363031233999,0.8160865646182887,0.636,230,179,69,22,29.994,11.568,0.7280952380952381,0.9178082191780822,0.7555555555555555,0.5686274509803921,0.9197530864197531,7.104,6.0,1.0,1.708,0.0,0.9606047638654709,0.4018504291681289,0.5570073891625615,15.656,0.27946000504668195,0.27946000504668195,0.304638986971874,0.7371671786994367,0.6557859703020994,0.23642618073633292,0.7426628785444791,0.3333333333333333,0.95,0.10024449877750607,0.27777777777777757,0.23255813953488363,0.582,0.818,0.25893950454063946,0.480179548709642,0.12433745443342256,256.0,2048.0,0.0,0.0,0.6970000000000001,0.748,0.0,0.0,0.0,0.0,0.0,0.0,0.0
12266,O4D,C,0.75375,0.7525125628140703,0.7371576670408055,0.5075,201,402,0,197,31.63375,20.28875,0.7274179743867244,0.0,1.0,1.0,1.0,6.99875,6.0,1.28625,1.37,0.0,0.994987614005804,0.28494842345223054,0.6515000000000001,14.98875,0.6082917853751186,0.503765900119055,0.07871102838529524,0.7313682842071052,0.501268781719543,0.46136976001002566,0.5555617490750565,0.3333333333333333,0.95,0.02819237147595355,0.6106719367588933,0.46365914786967427,0.52125,0.75375,0.25107596547106087,0.566880507715017,0.14233007078127305,256.0,2048.0,0.0,0.0,0.8398571428571429,0.3675,640.0,640.0,69.0,106.0,168.0,297.0,1.0
12266,O4D,C_style_shift,0.6175,0.6222222222222222,0.556830031282586,0.235,99,395,0,306,31.7025,16.81125,0.551875,0.0,1.0,1.0,0.4852941176470588,7.555,6.0,1.3825,1.3825,0.0,0.9527071942389012,0.19660039232116233,0.41450184729064043,13.783499999999998,,,,,,,,,,,,,,,,,,256.0,2048.0,0.0,0.0,0.8398571428571429,,640.0,640.0,69.0,106.0,168.0,297.0,1.0
12266,O4D,A_after_C,0.6525,0.6398963730569949,0.5929453624323711,0.305,54,207,0,139,31.745,17.0225,0.585,1.0,1.0,0.0,0.5934065934065934,7.6075,6.0,1.39,1.39,0.0,0.9510109160840511,0.20905474854501763,0.4058559113300493,14.165999999999999,,,,,,,,,,,,,,,,,,256.0,2048.0,0.0,0.0,0.8398571428571429,,640.0,640.0,69.0,106.0,168.0,297.0,1.0
12266,O4D,B_after_C,0.644,0.6466013824884793,0.6033868092691622,0.288,81,241,7,171,31.864,19.184,0.672,0.9178082191780822,0.24444444444444444,0.7745098039215687,0.5370370370370371,7.754,6.0,1.404,1.404,0.0,0.9542499330043793,0.23828178851758403,0.49140738916256155,15.553600000000001,,,,,,,,,,,,,,,,,,256.0,2048.0,0.0,0.0,0.8398571428571429,,640.0,640.0,69.0,106.0,168.0,297.0,1.0
12319,O1,A,1.0,1.0,1.0,1.0,201,199,0,0,32.0,22.98,0.0,1.0,1.0,1.0,1.0,0.0,0.0,0.0,0.0,0.0,0.0,0.5,0.0,0.0,0.0,0.0,0.0,1.0,1.0,0.0,0.9999999999999999,0.0,0.97,0.0,0.0,0.0,0.5,1.0,0.2633046061055618,0.007937013196843614,0.0020898521334495536,0.0,0.0,0.0,0.0,0.2277,1.0,0.0,0.0,0.0,0.0,0.0,0.0,0.0
12319,O1,B,0.62,0.6186532170998565,0.6182347173329475,0.24,172,138,91,99,19.542,30.214,0.0,0.9015151515151515,0.18095238095238095,0.2857142857142857,0.8727272727272727,0.0,0.0,0.0,0.0,0.0,0.0,0.5,0.0,0.0,0.0,0.0,0.0,0.6186532170998565,0.6186532170998565,0.0,0.20392626029201766,0.0,0.97,0.0,0.0,0.0,0.5,0.62,0.1384625081515464,0.006767907602693059,0.0009371014616068005,0.0,0.0,0.0,0.0,0.2277,0.62,0.0,0.0,0.0,0.0,0.0,0.0,0.0
12319,O1,C,0.4825,0.4822539402692074,0.48223788292823244,-0.035,202,184,209,205,26.45875,30.27375,0.0,0.0,1.0,0.0,1.0,0.0,0.0,0.0,0.0,0.0,0.0,0.5,0.0,0.0,0.0,0.0,0.0,0.4822539402692074,0.4822539402692074,0.0,0.001818167616149724,0.0,0.97,0.0,0.0,0.0,0.5,0.4825,0.10676745649415166,0.0062252437876041625,0.0006646534452585154,0.0,0.0,0.0,0.0,0.2277,0.4825,0.0,0.0,0.0,0.0,0.0,0.0,0.0
12319,O1,C_style_shift,0.49875,0.4993107769423559,0.4986552145014917,-0.0025,194,205,215,186,28.53875,29.22,0.0,0.0,1.0,0.0,1.0,0.0,0.0,0.0,0.0,0.0,0.0,0.5,0.0,0.0,,,,,,,,,,,,,,,,,,0.0,0.0,0.0,0.0,0.2277,,0.0,0.0,0.0,0.0,0.0,0.0,0.0
12319,O1,A_after_C,1.0,1.0,1.0,1.0,201,199,0,0,28.5175,29.255,0.0,1.0,1.0,1.0,1.0,0.0,0.0,0.0,0.0,0.0,0.0,0.5,0.0,0.0,,,,,,,,,,,,,,,,,,0.0,0.0,0.0,0.0,0.2277,,0.0,0.0,0.0,0.0,0.0,0.0,0.0
12319,O1,B_after_C,0.62,0.6186532170998565,0.6182347173329475,0.24,172,138,91,99,28.47,29.266,0.0,0.9015151515151515,0.18095238095238095,0.2857142857142857,0.8727272727272727,0.0,0.0,0.0,0.0,0.0,0.0,0.5,0.0,0.0,,,,,,,,,,,,,,,,,,0.0,0.0,0.0,0.0,0.2277,,0.0,0.0,0.0,0.0,0.0,0.0,0.0
12319,O3,A,1.0,1.0,1.0,1.0,201,199,0,0,32.0,8.19,0.0,1.0,1.0,1.0,1.0,0.0,0.0,0.0,0.0,0.0,0.0,0.5,0.0,0.0,1.0,0.0,0.0,1.0,1.0,0.0,0.8888888955556756,0.3333333333333333,0.95,0.0,1.0,0.0,0.5,1.0,0.4345968177511698,0.007937013196843614,0.003449400677797274,0.0,0.0,0.0,0.0,0.29700000000000004,0.7675,0.0,0.0,0.0,0.0,0.0,0.0,0.0
12319,O3,B,0.754,0.7358400876585185,0.7333957577412769,0.508,258,119,110,13,31.266,12.94,0.0,0.9015151515151515,0.819047619047619,0.2857142857142857,0.8727272727272727,0.0,0.0,0.0,0.0,0.0,0.0,0.5,0.0,0.0,0.0,0.0,0.471680175317037,0.5,0.6186532170998565,0.0,0.6876349126230146,0.3333333333333333,0.95,0.28116710875331563,0.0,0.0,0.712,0.754,0.29610147659870445,0.008127385163577699,0.00240653074782176,0.0,0.0,0.0,0.0,0.29700000000000004,0.754,0.0,0.0,0.0,0.0,0.0,0.0,0.0
12319,O3,C,0.4825,0.4822539402692074,0.48223788292823244,-0.035,202,184,209,205,31.17125,20.445,0.0,0.0,1.0,0.0,1.0,0.0,0.0,0.0,0.0,0.0,0.0,0.5,0.0,0.0,0.17945415182486088,0.0,0.0,0.4822539402692074,0.4822539402692074,0.0,0.556767391571148,0.3333333333333333,0.95,0.0,0.17693836978131208,0.0,0.5,0.4825,0.2607138000114087,0.0062252437876041625,0.001623006963863696,0.0,0.0,0.0,0.0,0.29700000000000004,0.37125,0.0,0.0,0.0,0.0,0.0,0.0,0.0
12319,O3,C_style_shift,0.50625,0.4934210526315789,0.4638388123011665,0.0125,90,315,105,290,31.35875,16.31375,0.0,0.0,1.0,0.5116279069767442,0.4639175257731959,0.0,0.0,0.0,0.0,0.0,0.0,0.5,0.0,0.0,,,,,,,,,,,,,,,,,,0.0,0.0,0.0,0.0,0.29700000000000004,,0.0,0.0,0.0,0.0,0.0,0.0,0.0
12319,O3,A_after_C,0.75,0.7512437810945274,0.7340354796670123,0.5,101,199,0,100,31.425,16.895,0.0,1.0,1.0,0.5060240963855421,0.5,0.0,0.0,0.0,0.0,0.0,0.0,0.5,0.0,0.0,,,,,,,,,,,,,,,,,,0.0,0.0,0.0,0.0,0.29700000000000004,,0.0,0.0,0.0,0.0,0.0,0.0,0.0
12319,O3,B_after_C,0.554,0.5743486037480462,0.5365578928555099,0.108,90,187,42,181,31.476,17.4,0.0,0.9015151515151515,0.18095238095238095,0.5,0.5454545454545454,0.0,0.0,0.0,0.0,0.0,0.0,0.5,0.0,0.0,,,,,,,,,,,,,,,,,,0.0,0.0,0.0,0.0,0.29700000000000004,,0.0,0.0,0.0,0.0,0.0,0.0,0.0
12319,O4R,A,1.0,1.0,1.0,1.0,201,199,0,0,31.9925,8.19,0.0,1.0,1.0,1.0,1.0,0.0,0.0,0.0,0.0,0.0,0.0,0.5,0.0,0.0,1.0,0.0,0.0,1.0,1.0,0.0,0.8888888955556756,0.3333333333333333,0.95,0.0,1.0,0.0,0.5,1.0,0.4345968177511698,0.007937013196843614,0.003449400677797274,0.0,0.0,0.0,0.0,0.29700000000000004,0.7675,0.0,0.0,0.0,0.0,0.0,0.0,0.0
12319,O4R,B,0.754,0.7358400876585185,0.7333957577412769,0.508,258,119,110,13,31.368,14.206,0.0,0.9015151515151515,0.819047619047619,0.2857142857142857,0.8727272727272727,0.0,0.0,0.0,0.0,0.0,0.0,0.5,0.0,0.0,0.0,0.0,0.471680175317037,0.5,0.6186532170998565,0.0,0.6876349126230146,0.3333333333333333,0.95,0.28116710875331563,0.0,0.0,0.712,0.754,0.29610147659870445,0.008127385163577699,0.00240653074782176,0.0,0.0,0.0,0.0,0.29700000000000004,0.754,0.0,0.0,0.0,0.0,0.0,0.0,0.0
12319,O4R,C,0.4825,0.4822539402692074,0.48223788292823244,-0.035,202,184,209,205,31.3025,19.22875,0.0,0.0,1.0,0.0,1.0,0.0,0.0,0.0,0.0,0.0,0.0,0.5,0.0,0.0,0.17945415182486088,0.0,0.0,0.5,0.4822539402692074,0.03427560557393681,0.556767391571148,0.3333333333333333,0.95,0.0,0.17693836978131208,0.016908212560386538,0.49124999999999996,0.4825,0.2607138000114087,0.15884553665804474,0.041413223476970365,0.0,0.0,0.0,0.0,0.29700000000000004,0.37125,0.0,0.0,0.0,0.0,0.0,0.0,0.0
12319,O4R,C_style_shift,0.525,0.5,0.3442622950819672,0.05,0,420,0,380,31.4875,15.6325,0.0,0.0,1.0,1.0,0.0,0.0,0.0,0.0,0.0,0.0,0.0,0.5,0.0,0.0,,,,,,,,,,,,,,,,,,0.0,0.0,0.0,0.0,0.29700000000000004,,0.0,0.0,0.0,0.0,0.0,0.0,0.0
12319,O4R,A_after_C,0.4975,0.5,0.332220367278798,-0.005,0,199,0,201,31.535,16.08,0.0,1.0,1.0,0.0,0.0,0.0,0.0,0.0,0.0,0.0,0.0,0.5,0.0,0.0,,,,,,,,,,,,,,,,,,0.0,0.0,0.0,0.0,0.29700000000000004,,0.0,0.0,0.0,0.0,0.0,0.0,0.0
12319,O4R,B_after_C,0.458,0.5,0.31412894375857336,-0.084,0,229,0,271,31.58,16.636,0.0,0.9015151515151515,0.18095238095238095,0.7142857142857143,0.12727272727272726,0.0,0.0,0.0,0.0,0.0,0.0,0.5,0.0,0.0,,,,,,,,,,,,,,,,,,0.0,0.0,0.0,0.0,0.29700000000000004,,0.0,0.0,0.0,0.0,0.0,0.0,0.0
12319,O4M,A,1.0,1.0,1.0,1.0,201,199,0,0,31.285,8.19,1.0,1.0,1.0,1.0,1.0,5.9275,6.0,1.0,1.0,0.0,0.9586408267915248,0.5024,0.4939378078817734,14.87,1.0,0.0,0.0,1.0,1.0,0.0,0.8888888955556756,0.3333333333333333,0.95,0.0,1.0,0.0,0.5,1.0,0.35281235040099335,0.007937013196843614,0.0028002762811420974,256.0,2048.0,0.0,0.0,0.6970000000000001,0.7675,0.0,0.0,0.0,0.0,0.0,0.0,0.0
12319,O4M,B,0.754,0.7358400876585185,0.7333957577412769,0.508,258,119,110,13,29.262,9.332,0.6945777777777777,0.9015151515151515,0.819047619047619,0.2857142857142857,0.8727272727272727,7.114,6.0,1.0,1.87,0.0,0.9584104667901993,0.48199882520911014,0.5198571428571429,15.536,0.0,0.0,0.0,0.7358400876585185,0.6186532170998565,0.3072973886588355,0.6876349126230146,0.3333333333333333,0.95,0.0,0.0,0.35263157894736846,0.5,0.754,0.20602169573423773,0.5103738441376064,0.10514808482763123,256.0,2048.0,0.0,0.0,0.6970000000000001,0.754,0.0,0.0,0.0,0.0,0.0,0.0,0.0
12319,O4M,C,0.74375,0.7481572481572482,0.7282604193074286,0.4875,202,393,0,205,31.65125,23.9975,0.74375,0.0,1.0,1.0,1.0,6.88,6.0,1.25625,1.3675,0.0,0.99515550814569,0.26239999999999997,0.6675,15.275,0.6008689577956017,0.5135786219721303,0.0,0.7481572481572482,0.4822539402692074,0.5135786219721303,0.556767391571148,0.3333333333333333,0.95,0.0,0.5924453280318093,0.5048309178743962,0.5,0.74375,0.26242551160406563,0.5725961368346351,0.15026383415134068,256.0,2048.0,0.0,0.0,0.6970000000000001,0.37125,0.0,0.0,0.0,0.0,0.0,0.0,0.0
12319,O4M,C_style_shift,0.6375,0.618421052631579,0.5631707776313313,0.275,90,420,0,290,31.61625,21.13125,0.6375,0.0,1.0,1.0,0.4639175257731959,6.6675,6.0,1.2325,1.4725,0.0,0.9505785261839628,0.128,0.4240942118226601,14.918249999999999,,,,,,,,,,,,,,,,,,256.0,2048.0,0.0,0.0,0.6970000000000001,,0.0,0.0,0.0,0.0,0.0,0.0,0.0
12319,O4M,A_after_C,0.645,0.6467661691542288,0.5954415954415955,0.29,59,199,0,142,31.6575,21.6825,0.645,1.0,1.0,0.0,0.5,6.6,6.0,1.265,1.5225,0.0,0.954830776900053,0.1616,0.4429378078817734,14.76,,,,,,,,,,,,,,,,,,256.0,2048.0,0.0,0.0,0.6970000000000001,,0.0,0.0,0.0,0.0,0.0,0.0,0.0
12319,O4M,B_after_C,0.596,0.6242607840925571,0.5605562226979237,0.192,78,220,9,193,31.686,22.302,0.596,0.9015151515151515,0.18095238095238095,0.7142857142857143,0.5454545454545454,6.612,6.0,1.264,1.542,0.0,0.9546380401849747,0.18703999999999998,0.4662571428571428,15.432,,,,,,,,,,,,,,,,,,256.0,2048.0,0.0,0.0,0.6970000000000001,,0.0,0.0,0.0,0.0,0.0,0.0,0.0
12319,O4D,A,1.0,1.0,1.0,1.0,201,199,0,0,31.285,8.19,1.0,1.0,1.0,1.0,1.0,5.9275,6.0,1.0,1.0,0.0,0.9586408267915248,0.5024,0.4939378078817734,14.87,1.0,0.0,0.0,1.0,1.0,0.0,0.8888888955556756,0.3333333333333333,0.95,0.0,1.0,0.0,0.5,1.0,0.35281235040099335,0.007937013196843614,0.0028002762811420974,256.0,2048.0,0.0,0.0,0.6970000000000001,0.7675,0.0,0.0,0.0,0.0,0.0,0.0,0.0
12319,O4D,B,0.754,0.7358400876585185,0.7333957577412769,0.508,258,119,110,13,29.262,9.332,0.6945777777777777,0.9015151515151515,0.819047619047619,0.2857142857142857,0.8727272727272727,7.114,6.0,1.0,1.87,0.0,0.9584104667901993,0.48199882520911014,0.5198571428571429,15.536,0.0,0.0,0.0,0.7358400876585185,0.6186532170998565,0.3072973886588355,0.6876349126230146,0.3333333333333333,0.95,0.0,0.0,0.35263157894736846,0.5,0.754,0.20602169573423773,0.5103738441376064,0.10514808482763123,256.0,2048.0,0.0,0.0,0.6970000000000001,0.754,0.0,0.0,0.0,0.0,0.0,0.0,0.0
12319,O4D,C,0.74375,0.7481572481572482,0.7282604193074286,0.4875,202,393,0,205,31.77,23.34875,0.74375,0.0,1.0,1.0,1.0,6.88,6.0,1.25625,1.3675,0.0,0.99515550814569,0.26239999999999997,0.6675,15.275,0.6008689577956017,0.5135786219721303,0.0,0.7481572481572482,0.4822539402692074,0.5135786219721303,0.556767391571148,0.3333333333333333,0.95,0.0,0.5924453280318093,0.5048309178743962,0.5,0.74375,0.24589893489242978,0.5725961368346351,0.14080078017115674,256.0,2048.0,0.0,0.0,0.8398571428571429,0.37125,640.0,640.0,97.0,127.0,172.0,244.0,1.0
12319,O4D,C_style_shift,0.6375,0.618421052631579,0.5631707776313313,0.275,90,420,0,290,31.74375,20.5,0.6375,0.0,1.0,1.0,0.4639175257731959,6.6675,6.0,1.2325,1.4725,0.0,0.9505785261839628,0.128,0.4240942118226601,14.918249999999999,,,,,,,,,,,,,,,,,,256.0,2048.0,0.0,0.0,0.8398571428571429,,640.0,640.0,97.0,127.0,172.0,244.0,1.0
12319,O4D,A_after_C,0.645,0.6467661691542288,0.5954415954415955,0.29,59,199,0,142,31.7675,21.0425,0.645,1.0,1.0,0.0,0.5,6.6,6.0,1.265,1.5225,0.0,0.954830776900053,0.1616,0.4429378078817734,14.76,,,,,,,,,,,,,,,,,,256.0,2048.0,0.0,0.0,0.8398571428571429,,640.0,640.0,97.0,127.0,172.0,244.0,1.0
12319,O4D,B_after_C,0.596,0.6242607840925571,0.5605562226979237,0.192,78,220,9,193,31.79,21.662,0.596,0.9015151515151515,0.18095238095238095,0.7142857142857143,0.5454545454545454,6.612,6.0,1.264,1.542,0.0,0.9546380401849747,0.18703999999999998,0.4662571428571428,15.432,,,,,,,,,,,,,,,,,,256.0,2048.0,0.0,0.0,0.8398571428571429,,640.0,640.0,97.0,127.0,172.0,244.0,1.0
12372,O1,A,1.0,1.0,1.0,1.0,202,198,0,0,32.0,24.75,0.0,1.0,1.0,1.0,1.0,0.0,0.0,0.0,0.0,0.0,0.0,0.5,0.0,0.0,0.0,0.0,0.0,1.0,1.0,0.0,0.9999999999999999,0.0,0.97,0.0,0.0,0.0,0.5,1.0,0.2633046061055618,0.007937013196843614,0.0020898521334495536,0.0,0.0,0.0,0.0,0.2277,1.0,0.0,0.0,0.0,0.0,0.0,0.0,0.0
12372,O1,B,0.63,0.6301300820813134,0.6296667000300271,0.26,165,150,101,84,19.764,29.272,0.0,0.8936170212765957,0.25806451612903225,0.1891891891891892,0.9290322580645162,0.0,0.0,0.0,0.0,0.0,0.0,0.5,0.0,0.0,0.0,0.0,0.0,0.6301300820813134,0.6301300820813134,0.0,0.2134014227872406,0.0,0.97,0.0,0.0,0.0,0.5,0.63,0.1399484247260496,0.00680410025206099,0.0009522231119540525,0.0,0.0,0.0,0.0,0.2277,0.63,0.0,0.0,0.0,0.0,0.0,0.0,0.0
12372,O1,C,0.525,0.525209637378923,0.5249970312314451,0.05,209,211,198,182,21.61375,31.0175,0.0,0.0,1.0,0.0,1.0,0.0,0.0,0.0,0.0,0.0,0.0,0.5,0.0,0.0,0.0,0.0,0.0,0.525209637378923,0.525209637378923,0.0,0.0036663768073078584,0.0,0.97,0.0,0.0,0.0,0.5,0.525,0.10705729687120857,0.006402904158862656,0.0006854776113732554,0.0,0.0,0.0,0.0,0.2277,0.525,0.0,0.0,0.0,0.0,0.0,0.0,0.0
12372,O1,C_style_shift,0.49125,0.49177996561962806,0.49058059105793705,-0.0175,182,211,184,223,22.18125,30.18,0.0,0.0,1.0,0.0,1.0,0.0,0.0,0.0,0.0,0.0,0.0,0.5,0.0,0.0,,,,,,,,,,,,,,,,,,0.0,0.0,0.0,0.0,0.2277,,0.0,0.0,0.0,0.0,0.0,0.0,0.0
12372,O1,A_after_C,1.0,1.0,1.0,1.0,202,198,0,0,22.86,30.2325,0.0,1.0,1.0,1.0,1.0,0.0,0.0,0.0,0.0,0.0,0.0,0.5,0.0,0.0,,,,,,,,,,,,,,,,,,0.0,0.0,0.0,0.0,0.2277,,0.0,0.0,0.0,0.0,0.0,0.0,0.0
12372,O1,B_after_C,0.63,0.6301300820813134,0.6296667000300271,0.26,165,150,101,84,23.144,30.314,0.0,0.8936170212765957,0.25806451612903225,0.1891891891891892,0.9290322580645162,0.0,0.0,0.0,0.0,0.0,0.0,0.5,0.0,0.0,,,,,,,,,,,,,,,,,,0.0,0.0,0.0,0.0,0.2277,,0.0,0.0,0.0,0.0,0.0,0.0,0.0
12372,O3,A,1.0,1.0,1.0,1.0,202,198,0,0,32.0,7.1625,0.0,1.0,1.0,1.0,1.0,0.0,0.0,0.0,0.0,0.0,0.0,0.5,0.0,0.0,1.0,0.0,0.0,1.0,1.0,0.0,0.8888888955560363,0.3333333333333333,0.95,0.0,1.0,0.0,0.5,1.0,0.4345968177512241,0.007937013196843614,0.0034494006777977047,0.0,0.0,0.0,0.0,0.29700000000000004,0.7625,0.0,0.0,0.0,0.0,0.0,0.0,0.0
12372,O3,B,0.72,0.7208755340085442,0.706296992481203,0.44,234,126,125,15,31.628,10.928,0.0,0.8936170212765957,0.7419354838709677,0.1891891891891892,0.9290322580645162,0.0,0.0,0.0,0.0,0.0,0.0,0.5,0.0,0.0,0.0,0.0,0.24534423463759655,0.6301300820813134,0.6301300820813134,0.0,0.693559596900819,0.3333333333333333,0.95,0.12499999999999996,0.0,0.0,0.59,0.72,0.27348635576908864,0.007517301154951623,0.0020558792980864805,0.0,0.0,0.0,0.0,0.29700000000000004,0.72,0.0,0.0,0.0,0.0,0.0,0.0,0.0
12372,O3,C,0.525,0.525209637378923,0.5249970312314451,0.05,209,211,198,182,28.72,26.01,0.0,0.0,1.0,0.0,1.0,0.0,0.0,0.0,0.0,0.0,0.0,0.5,0.0,0.0,0.22071577391643482,0.0,0.0,0.525209637378923,0.525209637378923,0.0,0.5579986845089433,0.3333333333333333,0.95,0.0,0.22448979591836735,0.0,0.5,0.525,0.26805677979974923,0.006402904158862656,0.0017163418701911454,0.0,0.0,0.0,0.0,0.29700000000000004,0.3875,0.0,0.0,0.0,0.0,0.0,0.0,0.0
12372,O3,C_style_shift,0.49125,0.49177996561962806,0.49058059105793705,-0.0175,182,211,184,223,29.44,20.92375,0.0,0.0,1.0,0.0,1.0,0.0,0.0,0.0,0.0,0.0,0.0,0.5,0.0,0.0,,,,,,,,,,,,,,,,,,0.0,0.0,0.0,0.0,0.29700000000000004,,0.0,0.0,0.0,0.0,0.0,0.0,0.0
12372,O3,A_after_C,1.0,1.0,1.0,1.0,202,198,0,0,29.765,20.5375,0.0,1.0,1.0,1.0,1.0,0.0,0.0,0.0,0.0,0.0,0.0,0.5,0.0,0.0,,,,,,,,,,,,,,,,,,0.0,0.0,0.0,0.0,0.29700000000000004,,0.0,0.0,0.0,0.0,0.0,0.0,0.0
12372,O3,B_after_C,0.63,0.6301300820813134,0.6296667000300271,0.26,165,150,101,84,29.878,21.548,0.0,0.8936170212765957,0.25806451612903225,0.1891891891891892,0.9290322580645162,0.0,0.0,0.0,0.0,0.0,0.0,0.5,0.0,0.0,,,,,,,,,,,,,,,,,,0.0,0.0,0.0,0.0,0.29700000000000004,,0.0,0.0,0.0,0.0,0.0,0.0,0.0
12372,O4R,A,1.0,1.0,1.0,1.0,202,198,0,0,32.0,7.1675,0.0,1.0,1.0,1.0,1.0,0.0,0.0,0.0,0.0,0.0,0.0,0.5,0.0,0.0,1.0,0.0,0.0,1.0,1.0,0.0,0.8888888955560363,0.3333333333333333,0.95,0.0,1.0,0.0,0.5,1.0,0.4345968177512241,0.007937013196843614,0.0034494006777977047,0.0,0.0,0.0,0.0,0.29700000000000004,0.7625,0.0,0.0,0.0,0.0,0.0,0.0,0.0
12372,O4R,B,0.72,0.7208755340085442,0.706296992481203,0.44,234,126,125,15,31.628,10.136,0.0,0.8936170212765957,0.7419354838709677,0.1891891891891892,0.9290322580645162,0.0,0.0,0.0,0.0,0.0,0.0,0.5,0.0,0.0,0.0,0.0,0.36707482993197293,0.5589929438871022,0.6301300820813134,0.0,0.693559596900819,0.3333333333333333,0.95,0.2249999999999999,0.0,0.0,0.6619999999999999,0.72,0.28853877582192267,0.0078114306545401775,0.0022539006384788627,0.0,0.0,0.0,0.0,0.29700000000000004,0.72,0.0,0.0,0.0,0.0,0.0,0.0,0.0
12372,O4R,C,0.525,0.525209637378923,0.5249970312314451,0.05,209,211,198,182,28.59375,27.26625,0.0,0.0,1.0,0.0,1.0,0.0,0.0,0.0,0.0,0.0,0.0,0.5,0.0,0.0,0.22071577391643482,0.0,0.0,0.525209637378923,0.525209637378923,0.0,0.5579986845089433,0.3333333333333333,0.95,0.0,0.22448979591836735,0.0,0.5,0.525,0.26805677979974923,0.006402904158862656,0.0017163418701911454,0.0,0.0,0.0,0.0,0.29700000000000004,0.3875,0.0,0.0,0.0,0.0,0.0,0.0,0.0
12372,O4R,C_style_shift,0.5025,0.5058602906704173,0.4656821614364826,0.005,96,306,89,309,29.99375,22.03,0.0,0.0,1.0,0.5163043478260869,0.5274725274725275,0.0,0.0,0.0,0.0,0.0,0.0,0.5,0.0,0.0,,,,,,,,,,,,,,,,,,0.0,0.0,0.0,0.0,0.29700000000000004,,0.0,0.0,0.0,0.0,0.0,0.0,0.0
12372,O4R,A_after_C,0.75,0.7524752475247525,0.7347198641765704,0.5,102,198,0,100,29.915,21.685,0.0,1.0,1.0,0.5757575757575758,0.4368932038834951,0.0,0.0,0.0,0.0,0.0,0.0,0.5,0.0,0.0,,,,,,,,,,,,,,,,,,0.0,0.0,0.0,0.0,0.29700000000000004,,0.0,0.0,0.0,0.0,0.0,0.0,0.0
12372,O4R,B_after_C,0.554,0.5530728491655866,0.5281641565564024,0.108,80,197,54,169,29.668,22.616,0.0,0.8936170212765957,0.25806451612903225,0.45045045045045046,0.4967741935483871,0.0,0.0,0.0,0.0,0.0,0.0,0.5,0.0,0.0,,,,,,,,,,,,,,,,,,0.0,0.0,0.0,0.0,0.29700000000000004,,0.0,0.0,0.0,0.0,0.0,0.0,0.0
12372,O4M,A,1.0,1.0,1.0,1.0,202,198,0,0,28.8475,7.3925,1.0,1.0,1.0,1.0,1.0,7.15,6.0,1.0,1.0,0.0,0.9573757088184357,0.5047999999999999,0.4856834975369458,14.9025,1.0,0.0,0.0,1.0,1.0,0.0,0.8888888955560363,0.3333333333333333,0.95,0.0,1.0,0.0,0.5,1.0,0.3528123504010374,0.007937013196843614,0.0028002762811424474,256.0,2048.0,0.0,0.0,0.6970000000000001,0.7625,0.0,0.0,0.0,0.0,0.0,0.0,0.0
12372,O4M,B,0.72,0.7208755340085442,0.706296992481203,0.44,234,126,125,15,28.868,11.058,0.6763333333333332,0.8936170212765957,0.7419354838709677,0.1891891891891892,0.9290322580645162,6.844,6.0,1.0,1.718,0.0,0.9600520462989807,0.5009300568420403,0.532847290640394,15.692,0.0,0.0,0.0,0.7208755340085442,0.6301300820813134,0.24534423463759655,0.693559596900819,0.3333333333333333,0.95,0.0,0.0,0.24324324324324317,0.5,0.72,0.20674567941811242,0.4440673549945281,0.09180900701574783,256.0,2048.0,0.0,0.0,0.6970000000000001,0.72,0.0,0.0,0.0,0.0,0.0,0.0,0.0
12372,O4M,C,0.7725,0.7672634271099744,0.7573333333333333,0.545,209,409,0,182,30.33,8.0675,0.7703908730158731,0.0,1.0,1.0,1.0,6.995,6.0,1.0,1.1975,0.0,0.9892725761234761,0.2726341293621461,0.50875,15.08125,0.6180041669660177,0.0,0.0,0.7672634271099744,0.525209637378923,0.5098119270888211,0.5579986845089433,0.3333333333333333,0.95,0.0,0.6285714285714284,0.5210526315789473,0.5,0.7725,0.2669905047887755,0.5860267630562862,0.15646358128812998,256.0,2048.0,0.0,0.0,0.6970000000000001,0.3875,0.0,0.0,0.0,0.0,0.0,0.0,0.0
12372,O4M,C_style_shift,0.61375,0.6185185185185185,0.5510344188783489,0.2275,96,395,0,309,31.88,7.07375,0.5870000000000001,0.0,1.0,1.0,0.5274725274725275,6.08,6.0,1.0,1.26375,0.0,0.9491030205786228,0.1592702035127178,0.3281219211822661,13.3225,,,,,,,,,,,,,,,,,,256.0,2048.0,0.0,0.0,0.6970000000000001,,0.0,0.0,0.0,0.0,0.0,0.0,0.0
12372,O4M,A_after_C,0.6075,0.6113861386138614,0.5402332510926782,0.215,45,198,0,157,31.8875,7.475,0.5870000000000001,1.0,1.0,0.0,0.4368932038834951,6.0225,6.0,1.0,1.2375,0.0,0.9483866660296917,0.1464463277979659,0.3656834975369458,14.6275,,,,,,,,,,,,,,,,,,256.0,2048.0,0.0,0.0,0.6970000000000001,,0.0,0.0,0.0,0.0,0.0,0.0,0.0
12372,O4M,B_after_C,0.634,0.6326101217619482,0.582905982905983,0.268,71,246,5,178,31.848,7.762,0.644,0.8936170212765957,0.25806451612903225,0.8108108108108109,0.4967741935483871,6.088,6.0,1.0,1.186,0.0,0.9499612886905671,0.18499621068843208,0.38884729064039414,15.416,,,,,,,,,,,,,,,,,,256.0,2048.0,0.0,0.0,0.6970000000000001,,0.0,0.0,0.0,0.0,0.0,0.0,0.0
12372,O4D,A,1.0,1.0,1.0,1.0,202,198,0,0,28.8475,7.3925,1.0,1.0,1.0,1.0,1.0,7.15,6.0,1.0,1.0,0.0,0.9573757088184357,0.5047999999999999,0.4856834975369458,14.9025,1.0,0.0,0.0,1.0,1.0,0.0,0.8888888955560363,0.3333333333333333,0.95,0.0,1.0,0.0,0.5,1.0,0.3528123504010374,0.007937013196843614,0.0028002762811424474,256.0,2048.0,0.0,0.0,0.6970000000000001,0.7625,0.0,0.0,0.0,0.0,0.0,0.0,0.0
12372,O4D,B,0.72,0.7208755340085442,0.706296992481203,0.44,234,126,125,15,28.868,11.058,0.6763333333333332,0.8936170212765957,0.7419354838709677,0.1891891891891892,0.9290322580645162,6.844,6.0,1.0,1.718,0.0,0.9600520462989807,0.5009300568420403,0.532847290640394,15.692,0.0,0.0,0.0,0.7208755340085442,0.6301300820813134,0.24534423463759655,0.693559596900819,0.3333333333333333,0.95,0.0,0.0,0.24324324324324317,0.5,0.72,0.20674567941811242,0.4440673549945281,0.09180900701574783,256.0,2048.0,0.0,0.0,0.6970000000000001,0.72,0.0,0.0,0.0,0.0,0.0,0.0,0.0
12372,O4D,C,0.7725,0.7672634271099744,0.7573333333333333,0.545,209,409,0,182,31.24375,16.28,0.7703908730158731,0.0,1.0,1.0,1.0,6.9925,6.0,1.0,1.20375,0.0,0.9892725749313831,0.2726341293621461,0.50875,15.08125,0.6180041669660177,0.5098119270888211,0.0,0.7672634271099744,0.525209637378923,0.5098119270888211,0.5579986845089433,0.3333333333333333,0.95,0.0,0.6285714285714284,0.5210526315789473,0.5,0.7725,0.25017644188879595,0.5860267630562862,0.1466100904330302,256.0,2048.0,0.0,0.0,0.8398571428571429,0.3875,640.0,640.0,93.0,119.0,159.0,269.0,1.0
12372,O4D,C_style_shift,0.61375,0.6185185185185185,0.5510344188783489,0.2275,96,395,0,309,31.76,12.34125,0.5870000000000001,0.0,1.0,1.0,0.5274725274725275,6.08,6.0,1.0,1.26375,0.0,0.9491029417514801,0.1592702035127178,0.3281219211822661,13.3225,,,,,,,,,,,,,,,,,,256.0,2048.0,0.0,0.0,0.8398571428571429,,640.0,640.0,93.0,119.0,159.0,269.0,1.0
12372,O4D,A_after_C,0.6075,0.6113861386138614,0.5402332510926782,0.215,45,198,0,157,31.775,12.22,0.5870000000000001,1.0,1.0,0.0,0.4368932038834951,6.0225,6.0,1.0,1.2375,0.0,0.9483865912258626,0.1464463277979659,0.3656834975369458,14.6275,,,,,,,,,,,,,,,,,,256.0,2048.0,0.0,0.0,0.8398571428571429,,640.0,640.0,93.0,119.0,159.0,269.0,1.0
12372,O4D,B_after_C,0.634,0.6326101217619482,0.582905982905983,0.268,71,246,5,178,31.696,12.522,0.644,0.8936170212765957,0.25806451612903225,0.8108108108108109,0.4967741935483871,6.088,6.0,1.0,1.186,0.0,0.9499611895084381,0.18499621068843208,0.38884729064039414,15.416,,,,,,,,,,,,,,,,,,256.0,2048.0,0.0,0.0,0.8398571428571429,,640.0,640.0,93.0,119.0,159.0,269.0,1.0
12425,O1,A,1.0,1.0,1.0,1.0,197,203,0,0,32.0,24.0175,0.0,1.0,1.0,1.0,1.0,0.0,0.0,0.0,0.0,0.0,0.0,0.5,0.0,0.0,0.0,0.0,0.0,1.0,1.0,0.0,0.9999999999999999,0.0,0.97,0.0,0.0,0.0,0.5,1.0,0.2633046061055618,0.007937013196843614,0.0020898521334495536,0.0,0.0,0.0,0.0,0.2277,1.0,0.0,0.0,0.0,0.0,0.0,0.0,0.0
12425,O1,B,0.632,0.6322433874301094,0.6319057678765764,0.264,162,154,87,97,18.97,29.724,0.0,0.903448275862069,0.2169811320754717,0.23469387755102042,0.9205298013245033,0.0,0.0,0.0,0.0,0.0,0.0,0.5,0.0,0.0,0.0,0.0,0.0,0.6322433874301094,0.6322433874301094,0.0,0.2225339678130427,0.0,0.97,0.0,0.0,0.0,0.5,0.632,0.14138061124824147,0.0068112927409926475,0.0009629847311122506,0.0,0.0,0.0,0.0,0.2277,0.632,0.0,0.0,0.0,0.0,0.0,0.0,0.0
12425,O1,C,0.4775,0.47704584572054454,0.4770293263937544,-0.045,179,203,212,206,21.09375,31.0,0.0,0.0,1.0,0.0,1.0,0.0,0.0,0.0,0.0,0.0,0.0,0.5,0.0,0.0,0.0,0.0,0.0,0.47704584572054454,0.47704584572054454,0.0,0.0030398524855814735,0.0,0.97,0.0,0.0,0.0,0.5,0.4775,0.1069590438993517,0.006203665691277332,0.0006635381510102341,0.0,0.0,0.0,0.0,0.2277,0.4775,0.0,0.0,0.0,0.0,0.0,0.0,0.0
12425,O1,C_style_shift,0.4975,0.49635449402891263,0.4961111563747579,-0.005,220,178,192,210,22.5425,30.455,0.0,0.0,1.0,0.0,1.0,0.0,0.0,0.0,0.0,0.0,0.0,0.5,0.0,0.0,,,,,,,,,,,,,,,,,,0.0,0.0,0.0,0.0,0.2277,,0.0,0.0,0.0,0.0,0.0,0.0,0.0
12425,O1,A_after_C,1.0,1.0,1.0,1.0,197,203,0,0,22.2125,30.45,0.0,1.0,1.0,1.0,1.0,0.0,0.0,0.0,0.0,0.0,0.0,0.5,0.0,0.0,,,,,,,,,,,,,,,,,,0.0,0.0,0.0,0.0,0.2277,,0.0,0.0,0.0,0.0,0.0,0.0,0.0
12425,O1,B_after_C,0.632,0.6322433874301094,0.6319057678765764,0.264,162,154,87,97,22.244,30.484,0.0,0.903448275862069,0.2169811320754717,0.23469387755102042,0.9205298013245033,0.0,0.0,0.0,0.0,0.0,0.0,0.5,0.0,0.0,,,,,,,,,,,,,,,,,,0.0,0.0,0.0,0.0,0.2277,,0.0,0.0,0.0,0.0,0.0,0.0,0.0
12425,O3,A,1.0,1.0,1.0,1.0,197,203,0,0,31.855,7.0,0.0,1.0,1.0,1.0,1.0,0.0,0.0,0.0,0.0,0.0,0.0,0.5,0.0,0.0,1.0,0.0,0.0,1.0,1.0,0.0,0.8888888955566376,0.3333333333333333,0.95,0.0,1.0,0.0,0.5,1.0,0.4345968177513146,0.007937013196843614,0.003449400677798423,0.0,0.0,0.0,0.0,0.29700000000000004,0.735,0.0,0.0,0.0,0.0,0.0,0.0,0.0
12425,O3,B,0.752,0.7447572053381182,0.7384010396449006,0.504,245,131,110,14,31.686,10.508,0.0,0.903448275862069,0.7830188679245284,0.23469387755102042,0.9205298013245033,0.0,0.0,0.0,0.0,0.0,0.0,0.5,0.0,0.0,0.0,0.0,0.3059464169026355,0.6322433874301094,0.6322433874301094,0.0,0.6992497519268428,0.3333333333333333,0.95,0.15957446808510636,0.0,0.0,0.62,0.752,0.2795471559724665,0.007754198887349251,0.002167664245803347,0.0,0.0,0.0,0.0,0.29700000000000004,0.752,0.0,0.0,0.0,0.0,0.0,0.0,0.0
12425,O3,C,0.4775,0.47704584572054454,0.4770293263937544,-0.045,179,203,212,206,23.685,26.64125,0.0,0.0,1.0,0.0,1.0,0.0,0.0,0.0,0.0,0.0,0.0,0.5,0.0,0.0,0.2051086904818533,0.0,0.0,0.47704584572054454,0.47704584572054454,0.0,0.5575813526480213,0.3333333333333333,0.95,0.0,0.21132075471698109,0.0,0.5,0.4775,0.26601170185646544,0.006203665691277332,0.0016502476682852493,0.0,0.0,0.0,0.0,0.29700000000000004,0.3375,0.0,0.0,0.0,0.0,0.0,0.0,0.0
12425,O3,C_style_shift,0.60125,0.6290697674418605,0.5545618141482478,0.2025,111,370,0,319,27.7775,22.685,0.0,0.0,1.0,1.0,0.5045454545454545,0.0,0.0,0.0,0.0,0.0,0.0,0.5,0.0,0.0,,,,,,,,,,,,,,,,,,0.0,0.0,0.0,0.0,0.29700000000000004,,0.0,0.0,0.0,0.0,0.0,0.0,0.0
12425,O3,A_after_C,0.6,0.5939086294416244,0.5167769019359125,0.2,37,203,0,160,27.4,21.995,0.0,1.0,1.0,0.0,0.4457831325301205,0.0,0.0,0.0,0.0,0.0,0.0,0.5,0.0,0.0,,,,,,,,,,,,,,,,,,0.0,0.0,0.0,0.0,0.29700000000000004,,0.0,0.0,0.0,0.0,0.0,0.0,0.0
12425,O3,B_after_C,0.592,0.6048799243819991,0.5400764735589063,0.184,64,232,9,195,27.582,22.78,0.0,0.903448275862069,0.2169811320754717,0.7653061224489796,0.44370860927152317,0.0,0.0,0.0,0.0,0.0,0.0,0.5,0.0,0.0,,,,,,,,,,,,,,,,,,0.0,0.0,0.0,0.0,0.29700000000000004,,0.0,0.0,0.0,0.0,0.0,0.0,0.0
12425,O4R,A,1.0,1.0,1.0,1.0,197,203,0,0,31.855,7.0575,0.0,1.0,1.0,1.0,1.0,0.0,0.0,0.0,0.0,0.0,0.0,0.5,0.0,0.0,1.0,0.0,0.0,1.0,1.0,0.0,0.8888888955566376,0.3333333333333333,0.95,0.0,1.0,0.0,0.5,1.0,0.4345968177513146,0.007937013196843614,0.003449400677798423,0.0,0.0,0.0,0.0,0.29700000000000004,0.735,0.0,0.0,0.0,0.0,0.0,0.0,0.0
12425,O4R,B,0.752,0.7447572053381182,0.7384010396449006,0.504,245,131,110,14,31.686,10.116,0.0,0.903448275862069,0.7830188679245284,0.23469387755102042,0.9205298013245033,0.0,0.0,0.0,0.0,0.0,0.0,0.5,0.0,0.0,0.0,0.0,0.3059464169026355,0.6322433874301094,0.6322433874301094,0.0,0.6992497519268428,0.3333333333333333,0.95,0.15957446808510636,0.0,0.0,0.62,0.752,0.2795471559724665,0.007754198887349251,0.002167664245803347,0.0,0.0,0.0,0.0,0.29700000000000004,0.752,0.0,0.0,0.0,0.0,0.0,0.0,0.0
12425,O4R,C,0.4775,0.47704584572054454,0.4770293263937544,-0.045,179,203,212,206,24.5375,24.97,0.0,0.0,1.0,0.0,1.0,0.0,0.0,0.0,0.0,0.0,0.0,0.5,0.0,0.0,0.2051086904818533,0.0,0.0,0.47704584572054454,0.47704584572054454,0.0,0.5575813526480213,0.3333333333333333,0.95,0.0,0.21132075471698109,0.0,0.5,0.4775,0.26601170185646544,0.006203665691277332,0.0016502476682852493,0.0,0.0,0.0,0.0,0.29700000000000004,0.3375,0.0,0.0,0.0,0.0,0.0,0.0,0.0
12425,O4R,C_style_shift,0.4975,0.49635449402891263,0.4961111563747579,-0.005,220,178,192,210,27.44875,22.47625,0.0,0.0,1.0,0.0,1.0,0.0,0.0,0.0,0.0,0.0,0.0,0.5,0.0,0.0,,,,,,,,,,,,,,,,,,0.0,0.0,0.0,0.0,0.29700000000000004,,0.0,0.0,0.0,0.0,0.0,0.0,0.0
12425,O4R,A_after_C,1.0,1.0,1.0,1.0,197,203,0,0,27.2525,21.9675,0.0,1.0,1.0,1.0,1.0,0.0,0.0,0.0,0.0,0.0,0.0,0.5,0.0,0.0,,,,,,,,,,,,,,,,,,0.0,0.0,0.0,0.0,0.29700000000000004,,0.0,0.0,0.0,0.0,0.0,0.0,0.0
12425,O4R,B_after_C,0.632,0.6322433874301094,0.6319057678765764,0.264,162,154,87,97,27.286,22.524,0.0,0.903448275862069,0.2169811320754717,0.23469387755102042,0.9205298013245033,0.0,0.0,0.0,0.0,0.0,0.0,0.5,0.0,0.0,,,,,,,,,,,,,,,,,,0.0,0.0,0.0,0.0,0.29700000000000004,,0.0,0.0,0.0,0.0,0.0,0.0,0.0
12425,O4M,A,1.0,1.0,1.0,1.0,197,203,0,0,27.65,7.6175,1.0,1.0,1.0,1.0,1.0,6.8475,6.0,1.0,1.0,0.0,0.9504919348657132,0.4928,0.4945381773399015,14.5125,1.0,1.0,0.0,1.0,1.0,0.0,0.8888888955566376,0.3333333333333333,0.95,0.0,1.0,0.0,0.5,1.0,0.35281235040111086,0.007937013196843614,0.0028002762811430303,256.0,2048.0,0.0,0.0,0.6970000000000001,0.735,0.0,0.0,0.0,0.0,0.0,0.0,0.0
12425,O4M,B,0.71,0.7066678415226133,0.7059050215196394,0.42,207,148,93,52,29.8,10.098,0.5949333333333334,0.903448275862069,0.5849056603773585,0.23469387755102042,0.9205298013245033,8.08,6.0,1.0,1.564,0.0,0.9587628087997436,0.3799708796781729,0.4942536945812808,14.78,0.0,0.0,0.22430520250804942,0.6218459123023439,0.6322433874301094,0.0,0.6992497519268428,0.3333333333333333,0.95,0.13239436619718306,0.0,0.0,0.594,0.71,0.22361931110440697,0.007499207643705817,0.0016769676471143978,256.0,2048.0,0.0,0.0,0.6970000000000001,0.752,0.0,0.0,0.0,0.0,0.0,0.0,0.0
12425,O4M,C,0.73875,0.7288530746362072,0.7145349839767394,0.4775,179,412,3,206,31.4925,20.02625,0.7354907557720057,0.0,1.0,0.9858490566037735,1.0,6.9325,6.0,1.3225,1.17875,0.0,0.9999656907469034,0.29036000704346837,0.7453620791245791,14.582068813131313,0.58785615754174,0.0,0.0,0.7324675324675325,0.47704584572054454,0.48842080067021726,0.5575813526480213,0.3333333333333333,0.95,0.0,0.6056603773584905,0.5071770334928232,0.49624999999999997,0.73875,0.26413982652058055,0.5707597039865236,0.15076036919593827,256.0,2048.0,0.0,0.0,0.6970000000000001,0.3375,0.0,0.0,0.0,0.0,0.0,0.0,0.0
12425,O4M,C_style_shift,0.60125,0.6290697674418605,0.5545618141482478,0.2025,111,370,0,319,31.755,17.95375,0.6488333333333333,0.0,1.0,1.0,0.5045454545454545,6.28125,6.0,1.2625,1.0,0.0,0.9555597244948149,0.19555833858766777,0.49488762315270934,15.18375,,,,,,,,,,,,,,,,,,256.0,2048.0,0.0,0.0,0.6970000000000001,,0.0,0.0,0.0,0.0,0.0,0.0,0.0
12425,O4M,A_after_C,0.6,0.5939086294416244,0.5167769019359125,0.2,37,203,0,160,31.76,17.0375,0.55475,1.0,1.0,0.0,0.4457831325301205,6.2075,6.0,1.2425,1.0,0.0,0.9504327368736267,0.1492210404143182,0.4945381773399015,14.5125,,,,,,,,,,,,,,,,,,256.0,2048.0,0.0,0.0,0.6970000000000001,,0.0,0.0,0.0,0.0,0.0,0.0,0.0
12425,O4M,B_after_C,0.592,0.6048799243819991,0.5400764735589063,0.184,64,232,9,195,31.796,18.01,0.5498666666666666,0.903448275862069,0.2169811320754717,0.7653061224489796,0.44370860927152317,6.262,6.0,1.29,1.0,0.0,0.9587601455450058,0.2066548884597476,0.49425369458128077,14.78,,,,,,,,,,,,,,,,,,256.0,2048.0,0.0,0.0,0.6970000000000001,,0.0,0.0,0.0,0.0,0.0,0.0,0.0
12425,O4D,A,1.0,1.0,1.0,1.0,197,203,0,0,27.65,7.6175,1.0,1.0,1.0,1.0,1.0,6.8475,6.0,1.0,1.0,0.0,0.9504919348657132,0.4928,0.4945381773399015,14.5125,1.0,1.0,0.0,1.0,1.0,0.0,0.8888888955566376,0.3333333333333333,0.95,0.0,1.0,0.0,0.5,1.0,0.35281235040111086,0.007937013196843614,0.0028002762811430303,256.0,2048.0,0.0,0.0,0.6970000000000001,0.735,0.0,0.0,0.0,0.0,0.0,0.0,0.0
12425,O4D,B,0.71,0.7066678415226133,0.7059050215196394,0.42,207,148,93,52,29.8,10.098,0.5949333333333334,0.903448275862069,0.5849056603773585,0.23469387755102042,0.9205298013245033,8.08,6.0,1.0,1.564,0.0,0.9587628087997436,0.3799708796781729,0.4942536945812808,14.78,0.0,0.0,0.22430520250804942,0.6218459123023439,0.6322433874301094,0.0,0.6992497519268428,0.3333333333333333,0.95,0.13239436619718306,0.0,0.0,0.594,0.71,0.22361931110440697,0.007499207643705817,0.0016769676471143978,256.0,2048.0,0.0,0.0,0.6970000000000001,0.752,0.0,0.0,0.0,0.0,0.0,0.0,0.0
12425,O4D,C,0.7425,0.7324675324675325,0.7179550371039732,0.485,179,415,0,206,31.6325,20.51875,0.7354907557720057,0.0,1.0,1.0,1.0,6.9325,6.0,1.3225,1.17875,0.0,0.9999656907469034,0.29036000704346837,0.7453620791245791,14.582068813131313,0.593350140322504,0.0,0.0,0.7324675324675325,0.47704584572054454,0.48842080067021726,0.5575813526480213,0.3333333333333333,0.95,0.0,0.6113207547169812,0.5071770334928232,0.5,0.7425,0.24815341482442052,0.573160320812614,0.14223169085151055,256.0,2048.0,0.0,0.0,0.8398571428571429,0.3375,640.0,640.0,92.0,92.0,216.0,240.0,1.0
12425,O4D,C_style_shift,0.60125,0.6290697674418605,0.5545618141482478,0.2025,111,370,0,319,31.755,19.265,0.6488333333333333,0.0,1.0,1.0,0.5045454545454545,6.28125,6.0,1.2625,1.0,0.0,0.9555597244948149,0.19555833858766777,0.49488762315270934,15.18375,,,,,,,,,,,,,,,,,,256.0,2048.0,0.0,0.0,0.8398571428571429,,640.0,640.0,92.0,92.0,216.0,240.0,1.0
12425,O4D,A_after_C,0.6,0.5939086294416244,0.5167769019359125,0.2,37,203,0,160,31.76,18.3825,0.55475,1.0,1.0,0.0,0.4457831325301205,6.2075,6.0,1.2425,1.0,0.0,0.9504327368736267,0.1492210404143182,0.4945381773399015,14.5125,,,,,,,,,,,,,,,,,,256.0,2048.0,0.0,0.0,0.8398571428571429,,640.0,640.0,92.0,92.0,216.0,240.0,1.0
12425,O4D,B_after_C,0.592,0.6048799243819991,0.5400764735589063,0.184,64,232,9,195,31.796,19.316,0.5498666666666666,0.903448275862069,0.2169811320754717,0.7653061224489796,0.44370860927152317,6.262,6.0,1.29,1.0,0.0,0.9587601455450058,0.2066548884597476,0.49425369458128077,14.78,,,,,,,,,,,,,,,,,,256.0,2048.0,0.0,0.0,0.8398571428571429,,640.0,640.0,92.0,92.0,216.0,240.0,1.0
12478,O1,A,1.0,1.0,1.0,1.0,199,201,0,0,32.0,23.45,0.0,1.0,1.0,1.0,1.0,0.0,0.0,0.0,0.0,0.0,0.0,0.5,0.0,0.0,0.0,0.0,0.0,1.0,1.0,0.0,0.9999999999999999,0.0,0.97,0.0,0.0,0.0,0.5,1.0,0.2633046061055618,0.007937013196843614,0.0020898521334495536,0.0,0.0,0.0,0.0,0.2277,1.0,0.0,0.0,0.0,0.0,0.0,0.0,0.0
12478,O1,B,0.474,0.5,0.32157394843962006,-0.052,0,237,0,263,18.484,25.406,0.0,0.9328358208955224,0.2391304347826087,0.6952380952380952,0.10059171597633136,0.0,0.0,0.0,0.0,0.0,0.0,0.5,0.0,0.0,0.0,0.0,0.0,0.6599364682100399,0.6599364682100399,0.0,0.3334129353130372,0.0,0.97,0.0,0.0,0.0,0.31199999999999994,0.474,0.15876890360260562,0.005288247198096466,0.0008396092096213271,0.0,0.0,0.0,0.0,0.2277,0.662,0.0,0.0,0.0,0.0,0.0,0.0,0.0
12478,O1,C,0.51125,0.5114722633806603,0.5112431268564714,0.0225,203,206,187,204,22.25,25.4125,0.0,0.0,1.0,0.0,1.0,0.0,0.0,0.0,0.0,0.0,0.0,0.5,0.0,0.0,0.0,0.0,0.02294452676132064,0.5,0.5114722633806603,0.0,0.0007598515671245476,0.0,0.97,0.039119804400977926,0.0,0.0,0.52,0.51125,0.11273634583203275,0.006430026800864149,0.0007248977251314598,0.0,0.0,0.0,0.0,0.2277,0.51125,0.0,0.0,0.0,0.0,0.0,0.0,0.0
12478,O1,C_style_shift,0.495,0.49514805922368943,0.4949968437302733,-0.01,197,199,209,195,24.32,23.3025,0.0,0.0,1.0,0.0,1.0,0.0,0.0,0.0,0.0,0.0,0.0,0.5,0.0,0.0,,,,,,,,,,,,,,,,,,0.0,0.0,0.0,0.0,0.2277,,0.0,0.0,0.0,0.0,0.0,0.0,0.0
12478,O1,A_after_C,1.0,1.0,1.0,1.0,199,201,0,0,24.605,23.21,0.0,1.0,1.0,1.0,1.0,0.0,0.0,0.0,0.0,0.0,0.0,0.5,0.0,0.0,,,,,,,,,,,,,,,,,,0.0,0.0,0.0,0.0,0.2277,,0.0,0.0,0.0,0.0,0.0,0.0,0.0
12478,O1,B_after_C,0.662,0.6599364682100399,0.6601389207299171,0.324,184,147,90,79,23.852,23.334,0.0,0.9328358208955224,0.2391304347826087,0.3047619047619048,0.8994082840236687,0.0,0.0,0.0,0.0,0.0,0.0,0.5,0.0,0.0,,,,,,,,,,,,,,,,,,0.0,0.0,0.0,0.0,0.2277,,0.0,0.0,0.0,0.0,0.0,0.0,0.0
12478,O3,A,1.0,1.0,1.0,1.0,199,201,0,0,32.0,8.29,0.0,1.0,1.0,1.0,1.0,0.0,0.0,0.0,0.0,0.0,0.0,0.5,0.0,0.0,1.0,0.0,0.0,1.0,1.0,0.0,0.8888888955556756,0.3333333333333333,0.95,0.0,1.0,0.0,0.5,1.0,0.4345968177511698,0.007937013196843614,0.003449400677797274,0.0,0.0,0.0,0.0,0.29700000000000004,0.73,0.0,0.0,0.0,0.0,0.0,0.0,0.0
12478,O3,B,0.758,0.7466028140090806,0.740742804005845,0.516,254,125,112,9,31.53,15.672,0.0,0.9328358208955224,0.7608695652173914,0.3047619047619048,0.8994082840236687,0.0,0.0,0.0,0.0,0.0,0.0,0.5,0.0,0.0,0.0,0.0,0.5626125003461548,0.4206574577657987,0.6599364682100399,0.0,0.7666003798114832,0.3333333333333333,0.95,0.43007915567282323,0.0,0.0,0.8260000000000001,0.758,0.33040255722819317,0.008554936374027045,0.002826572854903022,0.0,0.0,0.0,0.0,0.29700000000000004,0.758,0.0,0.0,0.0,0.0,0.0,0.0,0.0
12478,O3,C,0.51125,0.5114722633806603,0.5112431268564714,0.0225,203,206,187,204,31.485,15.18125,0.0,0.0,1.0,0.0,1.0,0.0,0.0,0.0,0.0,0.0,0.0,0.5,0.0,0.0,0.2147314788760702,0.0,0.02294452676132064,0.5,0.5114722633806603,0.0,0.5560620751341496,0.3333333333333333,0.95,0.039119804400977926,0.21169354838709675,0.0,0.52,0.51125,0.27172760557474773,0.006430026800864149,0.0017472157863802702,0.0,0.0,0.0,0.0,0.29700000000000004,0.38,0.0,0.0,0.0,0.0,0.0,0.0,0.0
12478,O3,C_style_shift,0.51,0.5,0.33774834437086093,0.02,0,408,0,392,31.625,13.66125,0.0,0.0,1.0,1.0,0.0,0.0,0.0,0.0,0.0,0.0,0.0,0.5,0.0,0.0,,,,,,,,,,,,,,,,,,0.0,0.0,0.0,0.0,0.29700000000000004,,0.0,0.0,0.0,0.0,0.0,0.0,0.0
12478,O3,A_after_C,0.5025,0.5,0.33444259567387685,0.005,0,201,0,199,31.6,13.3,0.0,1.0,1.0,0.0,0.0,0.0,0.0,0.0,0.0,0.0,0.0,0.5,0.0,0.0,,,,,,,,,,,,,,,,,,0.0,0.0,0.0,0.0,0.29700000000000004,,0.0,0.0,0.0,0.0,0.0,0.0,0.0
12478,O3,B_after_C,0.474,0.5,0.32157394843962006,-0.052,0,237,0,263,31.73,14.628,0.0,0.9328358208955224,0.2391304347826087,0.6952380952380952,0.10059171597633136,0.0,0.0,0.0,0.0,0.0,0.0,0.5,0.0,0.0,,,,,,,,,,,,,,,,,,0.0,0.0,0.0,0.0,0.29700000000000004,,0.0,0.0,0.0,0.0,0.0,0.0,0.0
12478,O4R,A,1.0,1.0,1.0,1.0,199,201,0,0,32.0,8.2975,0.0,1.0,1.0,1.0,1.0,0.0,0.0,0.0,0.0,0.0,0.0,0.5,0.0,0.0,1.0,0.0,0.0,1.0,1.0,0.0,0.8888888955556756,0.3333333333333333,0.95,0.0,1.0,0.0,0.5,1.0,0.4345968177511698,0.007937013196843614,0.003449400677797274,0.0,0.0,0.0,0.0,0.29700000000000004,0.73,0.0,0.0,0.0,0.0,0.0,0.0,0.0
12478,O4R,B,0.758,0.7466028140090806,0.740742804005845,0.516,254,125,112,9,31.53,15.23,0.0,0.9328358208955224,0.7608695652173914,0.3047619047619048,0.8994082840236687,0.0,0.0,0.0,0.0,0.0,0.0,0.5,0.0,0.0,0.0,0.0,0.616027908446681,0.34006353178996007,0.6599364682100399,0.0,0.7666003798114832,0.3333333333333333,0.95,0.5540897097625329,0.0,0.0,0.9199999999999999,0.758,0.3490691467396232,0.008867870846375782,0.0030955001097415745,0.0,0.0,0.0,0.0,0.29700000000000004,0.758,0.0,0.0,0.0,0.0,0.0,0.0,0.0
12478,O4R,C,0.51125,0.5114722633806603,0.5112431268564714,0.0225,203,206,187,204,31.235,17.7575,0.0,0.0,1.0,0.0,1.0,0.0,0.0,0.0,0.0,0.0,0.0,0.5,0.0,0.0,0.2147314788760702,0.0,0.0,0.5114722633806603,0.5114722633806603,0.0,0.5560620751341496,0.3333333333333333,0.95,0.0,0.21169354838709675,0.0,0.5,0.51125,0.2658391282924655,0.006346510668993955,0.001687150863944185,0.0,0.0,0.0,0.0,0.29700000000000004,0.38,0.0,0.0,0.0,0.0,0.0,0.0,0.0
12478,O4R,C_style_shift,0.6075,0.6054421768707483,0.602239618960756,0.215,197,289,119,195,31.625,15.7325,0.0,0.0,1.0,0.430622009569378,1.0,0.0,0.0,0.0,0.0,0.0,0.0,0.5,0.0,0.0,,,,,,,,,,,,,,,,,,0.0,0.0,0.0,0.0,0.29700000000000004,,0.0,0.0,0.0,0.0,0.0,0.0,0.0
12478,O4R,A_after_C,0.8775,0.8768844221105527,0.875475701878665,0.755,150,201,0,49,31.6,15.315,0.0,1.0,1.0,0.4673913043478261,1.0,0.0,0.0,0.0,0.0,0.0,0.0,0.5,0.0,0.0,,,,,,,,,,,,,,,,,,0.0,0.0,0.0,0.0,0.29700000000000004,,0.0,0.0,0.0,0.0,0.0,0.0,0.0
12478,O4R,B_after_C,0.714,0.7179172482392389,0.713586418788731,0.428,169,188,49,94,31.73,16.928,0.0,0.9328358208955224,0.2391304347826087,0.5523809523809524,0.8994082840236687,0.0,0.0,0.0,0.0,0.0,0.0,0.5,0.0,0.0,,,,,,,,,,,,,,,,,,0.0,0.0,0.0,0.0,0.29700000000000004,,0.0,0.0,0.0,0.0,0.0,0.0,0.0
12478,O4M,A,1.0,1.0,1.0,1.0,199,201,0,0,32.0,6.61,1.0,1.0,1.0,1.0,1.0,6.9625,6.0,1.0,1.0,0.0,0.9550573882460595,0.4976,0.48842672413793103,14.665,1.0,0.0,0.0,1.0,1.0,0.0,0.8888888955556756,0.3333333333333333,0.95,0.0,1.0,0.0,0.5,1.0,0.35281235040099335,0.007937013196843614,0.0028002762811420974,256.0,2048.0,0.0,0.0,0.6970000000000001,0.73,0.0,0.0,0.0,0.0,0.0,0.0,0.0
12478,O4M,B,0.788,0.7817939708973063,0.7824302134646962,0.576,237,157,80,26,28.664,13.438,0.6814666666666667,0.9328358208955224,0.7608695652173914,0.44761904761904764,0.8994082840236687,6.058,6.0,1.0,1.914,0.0,0.956491123199463,0.3769621146989701,0.5342487684729064,16.142,0.13887745734274573,0.43852044502239557,0.26665408567654286,0.702451428663105,0.6599364682100399,0.1250206402000328,0.7666003798114832,0.3333333333333333,0.95,0.11928934010152294,0.12396694214876045,0.09467455621301751,0.5940000000000001,0.788,0.24539650091283016,0.3538755874568609,0.08683983092038587,256.0,2048.0,0.0,0.0,0.6970000000000001,0.758,0.0,0.0,0.0,0.0,0.0,0.0,0.0
12478,O4M,C,0.74125,0.7455689554926196,0.7262950162884216,0.4825,203,390,3,204,19.325,21.335,0.7945,0.0,1.0,0.983957219251337,1.0,6.9025,6.0,1.0,1.33625,0.0,0.9975745318084955,0.3133855513339237,0.6914250000000002,14.547375000000002,0.5910228323350886,0.4791881290751914,0.0,0.7455689554926196,0.5114722633806603,0.4791881290751914,0.5560620751341496,0.3333333333333333,0.95,0.0,0.5826612903225806,0.4705882352941176,0.5,0.74125,0.2611437350738458,0.558718070514782,0.1459057237874825,256.0,2048.0,0.0,0.0,0.6970000000000001,0.38,0.0,0.0,0.0,0.0,0.0,0.0,0.0
12478,O4M,C_style_shift,0.51375,0.5083283313325331,0.471983032873807,0.0275,93,318,90,299,23.4175,20.16875,0.675,0.0,1.0,0.569377990430622,0.4720812182741117,5.2425,6.0,1.0,1.24375,0.0,0.9566255294531584,0.1772977722325282,0.4689741379310345,14.889249999999999,,,,,,,,,,,,,,,,,,256.0,2048.0,0.0,0.0,0.6970000000000001,,0.0,0.0,0.0,0.0,0.0,0.0,0.0
12478,O4M,A_after_C,0.755,0.7537688442211055,0.7386666666666667,0.51,101,201,0,98,23.9675,19.7575,0.586,1.0,1.0,0.532608695652174,0.48598130841121495,5.26,6.0,1.0,1.2325,0.0,0.9532490362226963,0.18843127104168786,0.46192672413793096,14.625,,,,,,,,,,,,,,,,,,256.0,2048.0,0.0,0.0,0.6970000000000001,,0.0,0.0,0.0,0.0,0.0,0.0,0.0
12478,O4M,B_after_C,0.546,0.5578043028348655,0.5274751352003964,0.092,87,186,51,176,23.1,21.766,0.5515999999999999,0.9328358208955224,0.2391304347826087,0.44761904761904764,0.46745562130177515,5.25,6.0,1.0,1.268,0.0,0.9544775661230087,0.22767473784704453,0.5070487684729064,16.089199999999998,,,,,,,,,,,,,,,,,,256.0,2048.0,0.0,0.0,0.6970000000000001,,0.0,0.0,0.0,0.0,0.0,0.0,0.0
12478,O4D,A,1.0,1.0,1.0,1.0,199,201,0,0,32.0,6.61,1.0,1.0,1.0,1.0,1.0,6.9625,6.0,1.0,1.0,0.0,0.9550573882460595,0.4976,0.48842672413793103,14.665,1.0,0.0,0.0,1.0,1.0,0.0,0.8888888955556756,0.3333333333333333,0.95,0.0,1.0,0.0,0.5,1.0,0.35281235040099335,0.007937013196843614,0.0028002762811420974,256.0,2048.0,0.0,0.0,0.6970000000000001,0.73,0.0,0.0,0.0,0.0,0.0,0.0,0.0
12478,O4D,B,0.788,0.7817939708973063,0.7824302134646962,0.576,237,157,80,26,28.664,13.438,0.6814666666666667,0.9328358208955224,0.7608695652173914,0.44761904761904764,0.8994082840236687,6.058,6.0,1.0,1.914,0.0,0.956491123199463,0.3769621146989701,0.5342487684729064,16.142,0.13887745734274573,0.43852044502239557,0.26665408567654286,0.702451428663105,0.6599364682100399,0.1250206402000328,0.7666003798114832,0.3333333333333333,0.95,0.11928934010152294,0.12396694214876045,0.09467455621301751,0.5940000000000001,0.788,0.24539650091283016,0.3538755874568609,0.08683983092038587,256.0,2048.0,0.0,0.0,0.6970000000000001,0.758,0.0,0.0,0.0,0.0,0.0,0.0,0.0
12478,O4D,C,0.74125,0.7455689554926196,0.7262950162884216,0.4825,203,390,3,204,19.325,21.07625,0.7945,0.0,1.0,0.983957219251337,1.0,6.9025,6.0,1.0,1.33625,0.0,0.9975745318084955,0.3133855513339237,0.6914250000000002,14.547375000000002,0.5910228323350886,0.4791881290751914,0.0,0.7455689554926196,0.5114722633806603,0.4791881290751914,0.5560620751341496,0.3333333333333333,0.95,0.0,0.5826612903225806,0.4705882352941176,0.5,0.74125,0.24469787985161232,0.558718070514782,0.13671712728975077,256.0,2048.0,0.0,0.0,0.8398571428571429,0.38,640.0,640.0,82.0,117.0,210.0,231.0,1.0
12478,O4D,C_style_shift,0.62625,0.6186224489795918,0.5576718598307984,0.2525,93,408,0,299,23.79,20.90375,0.675,0.0,1.0,1.0,0.4720812182741117,5.2425,6.0,1.0,1.24375,0.0,0.9566255294531584,0.1772977722325282,0.4689741379310345,14.889249999999999,,,,,,,,,,,,,,,,,,256.0,2048.0,0.0,0.0,0.8398571428571429,,640.0,640.0,82.0,117.0,210.0,231.0,1.0
12478,O4D,A_after_C,0.6325,0.6306532663316583,0.5732915333202708,0.265,52,201,0,147,24.365,20.4025,0.586,1.0,1.0,0.0,0.48598130841121495,5.26,6.0,1.0,1.2325,0.0,0.9532490362226963,0.18843127104168786,0.46192672413793096,14.625,,,,,,,,,,,,,,,,,,256.0,2048.0,0.0,0.0,0.8398571428571429,,640.0,640.0,82.0,117.0,210.0,231.0,1.0
12478,O4D,B_after_C,0.598,0.6157850828640644,0.5552605376700962,0.196,72,227,10,191,23.56,22.492,0.5515999999999999,0.9328358208955224,0.2391304347826087,0.6952380952380952,0.46745562130177515,5.25,6.0,1.0,1.268,0.0,0.9544775661230087,0.22767473784704453,0.5070487684729064,16.089199999999998,,,,,,,,,,,,,,,,,,256.0,2048.0,0.0,0.0,0.8398571428571429,,640.0,640.0,82.0,117.0,210.0,231.0,1.0
12531,O1,A,1.0,1.0,1.0,1.0,202,198,0,0,32.0,24.4875,0.0,1.0,1.0,1.0,1.0,0.0,0.0,0.0,0.0,0.0,0.0,0.5,0.0,0.0,0.0,0.0,0.0,1.0,1.0,0.0,0.9999999999999999,0.0,0.97,0.0,0.0,0.0,0.5,1.0,0.2633046061055618,0.007937013196843614,0.0020898521334495536,0.0,0.0,0.0,0.0,0.2277,1.0,0.0,0.0,0.0,0.0,0.0,0.0,0.0
12531,O1,B,0.632,0.6313725490196078,0.6312861700251687,0.264,169,147,98,86,19.86,29.814,0.0,0.9473684210526315,0.21,0.18085106382978725,0.8786127167630058,0.0,0.0,0.0,0.0,0.0,0.0,0.5,0.0,0.0,0.0,0.0,0.0,0.6313725490196078,0.6313725490196078,0.0,0.20805580536158474,0.0,0.97,0.0,0.0,0.0,0.5,0.632,0.13911011281976413,0.0068112927409926475,0.0009475197016479277,0.0,0.0,0.0,0.0,0.2277,0.632,0.0,0.0,0.0,0.0,0.0,0.0,0.0
12531,O1,C,0.48625,0.48672120791348455,0.4862427752890275,-0.0275,193,196,193,218,25.105,32.0,0.0,0.0,1.0,0.0,1.0,0.0,0.0,0.0,0.0,0.0,0.0,0.5,0.0,0.0,0.0,0.0,0.0,0.48672120791348455,0.48672120791348455,0.0,0.0010184002769743072,0.0,0.97,0.0,0.0,0.0,0.5,0.48625,0.10664203515751218,0.006241329727122606,0.0006655881041894349,0.0,0.0,0.0,0.0,0.2277,0.48625,0.0,0.0,0.0,0.0,0.0,0.0,0.0
12531,O1,C_style_shift,0.5375,0.5372379067611914,0.5370833750375338,0.075,227,203,179,191,26.92,31.5125,0.0,0.0,1.0,0.0,1.0,0.0,0.0,0.0,0.0,0.0,0.0,0.5,0.0,0.0,,,,,,,,,,,,,,,,,,0.0,0.0,0.0,0.0,0.2277,,0.0,0.0,0.0,0.0,0.0,0.0,0.0
12531,O1,A_after_C,1.0,1.0,1.0,1.0,202,198,0,0,26.83,31.5475,0.0,1.0,1.0,1.0,1.0,0.0,0.0,0.0,0.0,0.0,0.0,0.5,0.0,0.0,,,,,,,,,,,,,,,,,,0.0,0.0,0.0,0.0,0.2277,,0.0,0.0,0.0,0.0,0.0,0.0,0.0
12531,O1,B_after_C,0.632,0.6313725490196078,0.6312861700251687,0.264,169,147,98,86,26.948,31.54,0.0,0.9473684210526315,0.21,0.18085106382978725,0.8786127167630058,0.0,0.0,0.0,0.0,0.0,0.0,0.5,0.0,0.0,,,,,,,,,,,,,,,,,,0.0,0.0,0.0,0.0,0.2277,,0.0,0.0,0.0,0.0,0.0,0.0,0.0
12531,O3,A,1.0,1.0,1.0,1.0,202,198,0,0,32.0,7.295,0.0,1.0,1.0,1.0,1.0,0.0,0.0,0.0,0.0,0.0,0.0,0.5,0.0,0.0,1.0,0.0,0.0,1.0,1.0,0.0,0.8888888955560363,0.3333333333333333,0.95,0.0,1.0,0.0,0.5,1.0,0.4345968177512241,0.007937013196843614,0.0034494006777977047,0.0,0.0,0.0,0.0,0.29700000000000004,0.7225,0.0,0.0,0.0,0.0,0.0,0.0,0.0
12531,O3,B,0.676,0.6772308923569428,0.6752517801013536,0.352,157,181,64,98,25.93,4.846,0.0,0.9473684210526315,0.21,0.4148936170212766,0.8786127167630058,0.0,0.0,0.0,0.0,0.0,0.0,0.5,0.0,0.0,0.0,0.0,0.12440295267042994,0.6313725490196078,0.6313725490196078,0.0,0.6902196706459671,0.3333333333333333,0.95,0.06508875739644976,0.0,0.0,0.544,0.676,0.26396552414419466,0.007164441575927465,0.0018911655757901534,0.0,0.0,0.0,0.0,0.29700000000000004,0.748,0.0,0.0,0.0,0.0,0.0,0.0,0.0
12531,O3,C,0.7275,0.7347931873479319,0.7100986728370435,0.455,193,389,0,218,32.0,8.13,0.0,0.0,1.0,1.0,1.0,0.0,0.0,0.0,0.0,0.0,0.0,0.5,0.0,0.0,0.5867852357168961,0.0,0.46958637469586373,0.5,0.48672120791348455,0.025870525514089908,0.5562344026012407,0.3333333333333333,0.95,0.3316151202749141,0.5733855185909982,0.0,0.74125,0.7275,0.3702245632616315,0.0081395356370264,0.0030134560263705844,0.0,0.0,0.0,0.0,0.29700000000000004,0.36125,0.0,0.0,0.0,0.0,0.0,0.0,0.0
12531,O3,C_style_shift,0.6325,0.6483253588516746,0.5898408889570937,0.265,124,382,0,294,32.0,7.6075,0.0,0.0,1.0,1.0,0.5462555066079295,0.0,0.0,0.0,0.0,0.0,0.0,0.5,0.0,0.0,,,,,,,,,,,,,,,,,,0.0,0.0,0.0,0.0,0.29700000000000004,,0.0,0.0,0.0,0.0,0.0,0.0,0.0
12531,O3,A_after_C,0.6525,0.655940594059406,0.607829307000529,0.305,63,198,0,139,32.0,7.4075,0.0,1.0,1.0,0.0,0.6116504854368932,0.0,0.0,0.0,0.0,0.0,0.0,0.5,0.0,0.0,,,,,,,,,,,,,,,,,,0.0,0.0,0.0,0.0,0.29700000000000004,,0.0,0.0,0.0,0.0,0.0,0.0,0.0
12531,O3,B_after_C,0.626,0.6323729491796719,0.5873622518105308,0.252,80,233,12,175,32.0,8.128,0.0,0.9473684210526315,0.21,0.8191489361702128,0.5144508670520231,0.0,0.0,0.0,0.0,0.0,0.0,0.5,0.0,0.0,,,,,,,,,,,,,,,,,,0.0,0.0,0.0,0.0,0.29700000000000004,,0.0,0.0,0.0,0.0,0.0,0.0,0.0
12531,O4R,A,1.0,1.0,1.0,1.0,202,198,0,0,32.0,7.3975,0.0,1.0,1.0,1.0,1.0,0.0,0.0,0.0,0.0,0.0,0.0,0.5,0.0,0.0,1.0,0.0,0.0,1.0,1.0,0.0,0.8888888955560363,0.3333333333333333,0.95,0.0,1.0,0.0,0.5,1.0,0.4345968177512241,0.007937013196843614,0.0034494006777977047,0.0,0.0,0.0,0.0,0.29700000000000004,0.7225,0.0,0.0,0.0,0.0,0.0,0.0,0.0
12531,O4R,B,0.626,0.6323729491796719,0.5873622518105308,0.252,80,233,12,175,30.896,6.906,0.0,0.9473684210526315,0.21,0.8191489361702128,0.5144508670520231,0.0,0.0,0.0,0.0,0.0,0.0,0.5,0.0,0.0,0.0,0.0,0.002713851498046189,0.6313725490196078,0.6313725490196078,0.0,0.6902196706459671,0.3333333333333333,0.95,0.0,0.0,0.0,0.494,0.626,0.254168090973711,0.006762401490298789,0.0017187866771870214,0.0,0.0,0.0,0.0,0.29700000000000004,0.748,0.0,0.0,0.0,0.0,0.0,0.0,0.0
12531,O4R,C,0.7275,0.7347931873479319,0.7100986728370435,0.455,193,389,0,218,32.0,9.05375,0.0,0.0,1.0,1.0,1.0,0.0,0.0,0.0,0.0,0.0,0.0,0.5,0.0,0.0,0.5867852357168961,0.0,0.4860484848484848,0.4839847634773798,0.48672120791348455,0.0,0.5562344026012407,0.3333333333333333,0.95,0.34364261168384885,0.5733855185909982,0.0,0.75,0.7275,0.3720349917903229,0.00817143779562698,0.0030400607932112174,0.0,0.0,0.0,0.0,0.29700000000000004,0.36125,0.0,0.0,0.0,0.0,0.0,0.0,0.0
12531,O4R,C_style_shift,0.6325,0.6483253588516746,0.5898408889570937,0.265,124,382,0,294,31.9625,8.86875,0.0,0.0,1.0,1.0,0.5462555066079295,0.0,0.0,0.0,0.0,0.0,0.0,0.5,0.0,0.0,,,,,,,,,,,,,,,,,,0.0,0.0,0.0,0.0,0.29700000000000004,,0.0,0.0,0.0,0.0,0.0,0.0,0.0
12531,O4R,A_after_C,0.6525,0.655940594059406,0.607829307000529,0.305,63,198,0,139,31.97,8.6175,0.0,1.0,1.0,0.0,0.6116504854368932,0.0,0.0,0.0,0.0,0.0,0.0,0.5,0.0,0.0,,,,,,,,,,,,,,,,,,0.0,0.0,0.0,0.0,0.29700000000000004,,0.0,0.0,0.0,0.0,0.0,0.0,0.0
12531,O4R,B_after_C,0.626,0.6323729491796719,0.5873622518105308,0.252,80,233,12,175,31.982,9.358,0.0,0.9473684210526315,0.21,0.8191489361702128,0.5144508670520231,0.0,0.0,0.0,0.0,0.0,0.0,0.5,0.0,0.0,,,,,,,,,,,,,,,,,,0.0,0.0,0.0,0.0,0.29700000000000004,,0.0,0.0,0.0,0.0,0.0,0.0,0.0
12531,O4M,A,1.0,1.0,1.0,1.0,202,198,0,0,32.0,7.6925,1.0,1.0,1.0,1.0,1.0,6.0625,6.0,1.0,1.0,0.0,0.9611479072272777,0.5047999999999999,0.47629618226600984,14.86,1.0,0.0,0.0,1.0,1.0,0.0,0.8888888955560363,0.3333333333333333,0.95,0.0,1.0,0.0,0.5,1.0,0.3528123504010374,0.007937013196843614,0.0028002762811424474,256.0,2048.0,0.0,0.0,0.6970000000000001,0.7225,0.0,0.0,0.0,0.0,0.0,0.0,0.0
12531,O4M,B,0.748,0.7434173669467787,0.7320471596998928,0.496,248,126,119,7,30.758,13.832,0.6438412698412699,0.9473684210526315,0.79,0.18085106382978725,0.8786127167630058,6.488,6.0,1.0,1.758,0.0,0.9610180350542068,0.47009234290271357,0.5529655172413793,15.764,0.0,0.0,0.0,0.7434173669467787,0.6313725490196078,0.3039513677811551,0.6902196706459671,0.3333333333333333,0.95,0.0,0.0,0.3152173913043478,0.5,0.748,0.20633754760880807,0.49033722689301235,0.10117498089840786,256.0,2048.0,0.0,0.0,0.6970000000000001,0.748,0.0,0.0,0.0,0.0,0.0,0.0,0.0
12531,O4M,C,0.71625,0.7232250639546156,0.6998500903259502,0.4325,193,380,9,218,19.455,23.7475,0.7144440386002887,0.0,1.0,0.9533678756476683,1.0,6.755,6.0,1.28375,1.15875,0.0,0.9999834384769202,0.2631867445031467,0.7547861169162893,14.43585101010101,0.5687611158484589,0.4607707539984767,0.0,0.7232250639546156,0.48672120791348455,0.4607707539984767,0.5562344026012407,0.3333333333333333,0.95,0.0,0.5557729941291586,0.44768856447688576,0.5,0.71625,0.2578791011203994,0.5432557876329202,0.14009431419323204,256.0,2048.0,0.0,0.0,0.6970000000000001,0.36125,0.0,0.0,0.0,0.0,0.0,0.0,0.0
12531,O4M,C_style_shift,0.62875,0.644398657280994,0.586764641940954,0.2575,124,379,3,294,22.835,22.655,0.6325,0.0,1.0,0.9832402234636871,0.5462555066079295,6.265,6.0,1.23875,1.0,0.0,0.9592219718545675,0.16879999999999998,0.4870905172413793,14.97125,,,,,,,,,,,,,,,,,,256.0,2048.0,0.0,0.0,0.6970000000000001,,0.0,0.0,0.0,0.0,0.0,0.0,0.0
12531,O4M,A_after_C,0.655,0.6584158415841584,0.6113880206133311,0.31,64,198,0,138,22.62,22.1375,0.6525,1.0,1.0,0.010101010101010102,0.6116504854368932,6.24,6.0,1.2175,1.0,0.0,0.960982500910759,0.17119999999999996,0.47629618226600984,14.86,,,,,,,,,,,,,,,,,,256.0,2048.0,0.0,0.0,0.6970000000000001,,0.0,0.0,0.0,0.0,0.0,0.0,0.0
12531,O4M,B_after_C,0.624,0.6303321328531413,0.5857132783301601,0.248,80,232,13,175,22.416,24.166,0.626,0.9473684210526315,0.21,0.8085106382978723,0.5144508670520231,6.288,6.0,1.266,1.0,0.0,0.9609327216148377,0.19663999999999998,0.5529655172413793,15.764,,,,,,,,,,,,,,,,,,256.0,2048.0,0.0,0.0,0.6970000000000001,,0.0,0.0,0.0,0.0,0.0,0.0,0.0
12531,O4D,A,1.0,1.0,1.0,1.0,202,198,0,0,32.0,7.6925,1.0,1.0,1.0,1.0,1.0,6.0625,6.0,1.0,1.0,0.0,0.9611479072272777,0.5047999999999999,0.47629618226600984,14.86,1.0,0.0,0.0,1.0,1.0,0.0,0.8888888955560363,0.3333333333333333,0.95,0.0,1.0,0.0,0.5,1.0,0.3528123504010374,0.007937013196843614,0.0028002762811424474,256.0,2048.0,0.0,0.0,0.6970000000000001,0.7225,0.0,0.0,0.0,0.0,0.0,0.0,0.0
12531,O4D,B,0.748,0.7434173669467787,0.7320471596998928,0.496,248,126,119,7,30.758,13.832,0.6438412698412699,0.9473684210526315,0.79,0.18085106382978725,0.8786127167630058,6.488,6.0,1.0,1.758,0.0,0.9610180350542068,0.47009234290271357,0.5529655172413793,15.764,0.0,0.0,0.0,0.7434173669467787,0.6313725490196078,0.3039513677811551,0.6902196706459671,0.3333333333333333,0.95,0.0,0.0,0.3152173913043478,0.5,0.748,0.20633754760880807,0.49033722689301235,0.10117498089840786,256.0,2048.0,0.0,0.0,0.6970000000000001,0.748,0.0,0.0,0.0,0.0,0.0,0.0,0.0
12531,O4D,C,0.71625,0.7232250639546156,0.6998500903259502,0.4325,193,380,9,218,19.455,23.795,0.7144440386002887,0.0,1.0,0.9533678756476683,1.0,6.755,6.0,1.28375,1.15875,0.0,0.9999834384769202,0.2631867445031467,0.7547861169162893,14.43585101010101,0.5687611158484589,0.4607707539984767,0.0,0.7232250639546156,0.48672120791348455,0.4607707539984767,0.5562344026012407,0.3333333333333333,0.95,0.0,0.5557729941291586,0.44768856447688576,0.5,0.71625,0.24163884032813296,0.5432557876329202,0.1312716985251653,256.0,2048.0,0.0,0.0,0.8398571428571429,0.36125,640.0,640.0,107.0,105.0,212.0,216.0,1.0
12531,O4D,C_style_shift,0.6325,0.6483253588516746,0.5898408889570937,0.265,124,382,0,294,23.53625,22.33625,0.6325,0.0,1.0,1.0,0.5462555066079295,6.265,6.0,1.23875,1.0,0.0,0.9592219718545675,0.16879999999999998,0.4870905172413793,14.97125,,,,,,,,,,,,,,,,,,256.0,2048.0,0.0,0.0,0.8398571428571429,,640.0,640.0,107.0,105.0,212.0,216.0,1.0
12531,O4D,A_after_C,0.6525,0.655940594059406,0.607829307000529,0.305,63,198,0,139,23.25,21.8175,0.6525,1.0,1.0,0.0,0.6116504854368932,6.24,6.0,1.2175,1.0,0.0,0.960982500910759,0.17119999999999996,0.47629618226600984,14.86,,,,,,,,,,,,,,,,,,256.0,2048.0,0.0,0.0,0.8398571428571429,,640.0,640.0,107.0,105.0,212.0,216.0,1.0
12531,O4D,B_after_C,0.626,0.6323729491796719,0.5873622518105308,0.252,80,233,12,175,23.178,23.842,0.626,0.9473684210526315,0.21,0.8191489361702128,0.5144508670520231,6.288,6.0,1.266,1.0,0.0,0.9609327216148377,0.19663999999999998,0.5529655172413793,15.764,,,,,,,,,,,,,,,,,,256.0,2048.0,0.0,0.0,0.8398571428571429,,640.0,640.0,107.0,105.0,212.0,216.0,1.0
12584,O1,A,1.0,1.0,1.0,1.0,217,183,0,0,32.0,23.5275,0.0,1.0,1.0,1.0,1.0,0.0,0.0,0.0,0.0,0.0,0.0,0.5,0.0,0.0,0.0,0.0,0.0,1.0,1.0,0.0,0.9999999999999999,0.0,0.97,0.0,0.0,0.0,0.5,1.0,0.2633046061055618,0.007937013196843614,0.0020898521334495536,0.0,0.0,0.0,0.0,0.2277,1.0,0.0,0.0,0.0,0.0,0.0,0.0,0.0
12584,O1,B,0.368,0.3692428541656647,0.3679089788929606,-0.264,89,95,144,172,21.412,22.156,0.0,0.09701492537313433,0.7676767676767676,0.803921568627451,0.07878787878787878,0.0,0.0,0.0,0.0,0.0,0.0,0.5,0.0,0.0,0.0,0.0,0.0,0.3692428541656647,0.6307571458343353,0.0,0.2127259174966064,0.0,0.97,0.0,0.0,0.0,0.5,0.368,0.13984249044703076,0.005687742903454947,0.0007953881326415654,0.0,0.0,0.0,0.0,0.2277,0.632,0.0,0.0,0.0,0.0,0.0,0.0,0.0
12584,O1,C,0.50625,0.5050790350459681,0.505073776897909,0.0125,183,222,196,199,22.99875,27.0775,0.0,0.0,1.0,0.0,1.0,0.0,0.0,0.0,0.0,0.0,0.0,0.5,0.0,0.0,0.0,0.0,0.0,0.5050790350459681,0.5050790350459681,0.0,0.0001491859198445855,0.0,0.97,0.0,0.0,0.0,0.5,0.50625,0.10650572298126124,0.006325753372023252,0.0006737289362884877,0.0,0.0,0.0,0.0,0.2277,0.50625,0.0,0.0,0.0,0.0,0.0,0.0,0.0
12584,O1,C_style_shift,0.49,0.4890771455942296,0.4890771455942296,-0.02,213,179,204,204,25.31125,24.52625,0.0,0.0,1.0,0.0,1.0,0.0,0.0,0.0,0.0,0.0,0.0,0.5,0.0,0.0,,,,,,,,,,,,,,,,,,0.0,0.0,0.0,0.0,0.2277,,0.0,0.0,0.0,0.0,0.0,0.0,0.0
12584,O1,A_after_C,1.0,1.0,1.0,1.0,217,183,0,0,25.1675,24.5575,0.0,1.0,1.0,1.0,1.0,0.0,0.0,0.0,0.0,0.0,0.0,0.5,0.0,0.0,,,,,,,,,,,,,,,,,,0.0,0.0,0.0,0.0,0.2277,,0.0,0.0,0.0,0.0,0.0,0.0,0.0
12584,O1,B_after_C,0.632,0.6307571458343353,0.6308423215202876,0.264,172,144,95,89,25.064,24.648,0.0,0.9029850746268657,0.23232323232323232,0.19607843137254902,0.9212121212121213,0.0,0.0,0.0,0.0,0.0,0.0,0.5,0.0,0.0,,,,,,,,,,,,,,,,,,0.0,0.0,0.0,0.0,0.2277,,0.0,0.0,0.0,0.0,0.0,0.0,0.0
12584,O3,A,1.0,1.0,1.0,1.0,217,183,0,0,32.0,8.2075,0.0,1.0,1.0,1.0,1.0,0.0,0.0,0.0,0.0,0.0,0.0,0.5,0.0,0.0,1.0,0.0,0.0,1.0,1.0,0.0,0.8888888955905248,0.3333333333333333,0.95,0.0,1.0,0.0,0.5,1.0,0.4345968177564154,0.007937013196843614,0.0034494006778389083,0.0,0.0,0.0,0.0,0.29700000000000004,0.7625,0.0,0.0,0.0,0.0,0.0,0.0,0.0
12584,O3,B,0.738,0.7282338607544205,0.7199310731129553,0.476,248,121,118,13,30.822,10.902,0.0,0.9029850746268657,0.7676767676767676,0.19607843137254902,0.9212121212121213,0.0,0.0,0.0,0.0,0.0,0.0,0.5,0.0,0.0,0.0,0.0,0.4564677215088411,0.5,0.6307571458343353,0.0,0.6931379185491119,0.3333333333333333,0.95,0.2926829268292683,0.0,0.0,0.716,0.738,0.2986632214755456,0.008084568771483816,0.0024145633535319505,0.0,0.0,0.0,0.0,0.29700000000000004,0.738,0.0,0.0,0.0,0.0,0.0,0.0,0.0
12584,O3,C,0.5225,0.5,0.34318555008210183,0.045,0,418,0,382,32.0,11.3175,0.0,0.0,1.0,1.0,0.0,0.0,0.0,0.0,0.0,0.0,0.0,0.5,0.0,0.0,0.1926666734080958,0.0,0.0,0.5050790350459681,0.5050790350459681,0.0,0.5556550109806104,0.3333333333333333,0.95,0.031100478468899496,0.2344689378757515,0.0,0.51625,0.5225,0.27388747723827145,0.006461242047208999,0.001769653284135917,0.0,0.0,0.0,0.0,0.29700000000000004,0.37625,0.0,0.0,0.0,0.0,0.0,0.0,0.0
12584,O3,C_style_shift,0.47875,0.5,0.3237531699070161,-0.0425,0,383,0,417,32.0,11.125,0.0,0.0,1.0,1.0,0.0,0.0,0.0,0.0,0.0,0.0,0.0,0.5,0.0,0.0,,,,,,,,,,,,,,,,,,0.0,0.0,0.0,0.0,0.29700000000000004,,0.0,0.0,0.0,0.0,0.0,0.0,0.0
12584,O3,A_after_C,0.4575,0.5,0.313893653516295,-0.085,0,183,0,217,32.0,11.3125,0.0,1.0,1.0,0.0,0.0,0.0,0.0,0.0,0.0,0.0,0.0,0.5,0.0,0.0,,,,,,,,,,,,,,,,,,0.0,0.0,0.0,0.0,0.29700000000000004,,0.0,0.0,0.0,0.0,0.0,0.0,0.0
12584,O3,B_after_C,0.478,0.5,0.3234100135317997,-0.044,0,239,0,261,32.0,11.33,0.0,0.9029850746268657,0.23232323232323232,0.803921568627451,0.07878787878787878,0.0,0.0,0.0,0.0,0.0,0.0,0.5,0.0,0.0,,,,,,,,,,,,,,,,,,0.0,0.0,0.0,0.0,0.29700000000000004,,0.0,0.0,0.0,0.0,0.0,0.0,0.0
12584,O4R,A,1.0,1.0,1.0,1.0,217,183,0,0,32.0,8.7425,0.0,1.0,1.0,1.0,1.0,0.0,0.0,0.0,0.0,0.0,0.0,0.5,0.0,0.0,1.0,0.0,0.0,1.0,1.0,0.0,0.8888888955905248,0.3333333333333333,0.95,0.0,1.0,0.0,0.5,1.0,0.4345968177564154,0.007937013196843614,0.0034494006778389083,0.0,0.0,0.0,0.0,0.29700000000000004,0.7625,0.0,0.0,0.0,0.0,0.0,0.0,0.0
12584,O4R,B,0.738,0.7282338607544205,0.7199310731129553,0.476,248,121,118,13,31.26,12.178,0.0,0.9029850746268657,0.7676767676767676,0.19607843137254902,0.9212121212121213,0.0,0.0,0.0,0.0,0.0,0.0,0.5,0.0,0.0,0.0,0.0,0.5691429878513699,0.3692428541656647,0.6307571458343353,0.0,0.6931379185491119,0.3333333333333333,0.95,0.5013550135501355,0.0,0.0,0.87,0.738,0.33007342050178456,0.008626982174971114,0.0028475375151006403,0.0,0.0,0.0,0.0,0.29700000000000004,0.738,0.0,0.0,0.0,0.0,0.0,0.0,0.0
12584,O4R,C,0.75125,0.7395287958115183,0.7277585396092514,0.5025,183,418,0,199,31.77125,12.4175,0.0,0.0,1.0,1.0,1.0,0.0,0.0,0.0,0.0,0.0,0.0,0.5,0.0,0.0,0.5794258324822279,0.0,0.48037231384307855,0.49873493824995613,0.5050790350459681,0.0,0.5556550109806104,0.3333333333333333,0.95,0.3078202995008319,0.6012024048096192,0.027848101265822864,0.73125,0.75125,0.3707427689866552,0.24824903758457537,0.0920365355923777,0.0,0.0,0.0,0.0,0.29700000000000004,0.37625,0.0,0.0,0.0,0.0,0.0,0.0,0.0
12584,O4R,C_style_shift,0.60125,0.617505995203837,0.5432866538409914,0.2025,98,383,0,319,31.755,11.85,0.0,0.0,1.0,1.0,0.460093896713615,0.0,0.0,0.0,0.0,0.0,0.0,0.5,0.0,0.0,,,,,,,,,,,,,,,,,,0.0,0.0,0.0,0.0,0.29700000000000004,,0.0,0.0,0.0,0.0,0.0,0.0,0.0
12584,O4R,A_after_C,0.5475,0.5829493087557603,0.47684459249517674,0.095,36,183,0,181,31.82,12.055,0.0,1.0,1.0,0.0,0.375,0.0,0.0,0.0,0.0,0.0,0.0,0.5,0.0,0.0,,,,,,,,,,,,,,,,,,0.0,0.0,0.0,0.0,0.29700000000000004,,0.0,0.0,0.0,0.0,0.0,0.0,0.0
12584,O4R,B_after_C,0.624,0.6391413777072412,0.5822890559732665,0.248,77,235,4,184,31.676,11.746,0.0,0.9029850746268657,0.23232323232323232,0.803921568627451,0.5212121212121212,0.0,0.0,0.0,0.0,0.0,0.0,0.5,0.0,0.0,,,,,,,,,,,,,,,,,,0.0,0.0,0.0,0.0,0.29700000000000004,,0.0,0.0,0.0,0.0,0.0,0.0,0.0
12584,O4M,A,1.0,1.0,1.0,1.0,217,183,0,0,32.0,7.2675,1.0,1.0,1.0,1.0,1.0,6.59,6.0,1.0,1.0,0.0,0.9490552672743797,0.5408,0.4881896551724138,15.845,1.0,0.0,0.0,1.0,1.0,0.0,0.8888888955905248,0.3333333333333333,0.95,0.0,1.0,0.0,0.5,1.0,0.3528123504052518,0.007937013196843614,0.0028002762811758968,256.0,2048.0,0.0,0.0,0.6970000000000001,0.7625,0.0,0.0,0.0,0.0,0.0,0.0,0.0
12584,O4M,B,0.738,0.7282338607544205,0.7199310731129553,0.476,248,121,118,13,30.502,14.818,0.664138888888889,0.9029850746268657,0.7676767676767676,0.19607843137254902,0.9212121212121213,8.032,6.0,1.0,1.946,0.0,0.9590285185575486,0.4161407741628036,0.5355985221674878,15.76,0.0,0.0,0.0,0.7383815065967714,0.6307571458343353,0.29147310380758046,0.6931379185491119,0.3333333333333333,0.95,0.010840108401084021,0.0,0.2663043478260869,0.508,0.738,0.20801878917614566,0.4639100721513935,0.09650201149555125,256.0,2048.0,0.0,0.0,0.6970000000000001,0.738,0.0,0.0,0.0,0.0,0.0,0.0,0.0
12584,O4M,C,0.8975,0.8926701570680629,0.8952203885790224,0.795,300,418,0,82,31.15875,23.33375,0.7794660443722944,0.5879396984924623,1.0,1.0,1.0,7.0275,6.0,1.29125,1.5275,0.0,0.9928074270486832,0.2978025322934092,0.5730140688494137,14.107253156565656,0.8266980817263452,0.551912568306011,0.59,0.7382198952879582,0.5050790350459681,0.4710668505700585,0.5556550109806104,0.3333333333333333,0.95,0.1643454038997214,0.8356713426853707,0.4936708860759494,0.6475,0.8975,0.3120939323755917,0.6595351202671638,0.20583690922398795,256.0,2048.0,0.0,0.0,0.6970000000000001,0.37625,0.0,0.0,0.0,0.0,0.0,0.0,0.0
12584,O4M,C_style_shift,0.85625,0.8621103117505995,0.8547610740734309,0.7125,302,383,0,115,31.675,21.92375,0.6522500000000001,1.0,1.0,1.0,0.460093896713615,6.93125,6.0,1.255,1.60125,0.0,0.9484300227463245,0.1794030803567123,0.42072937192118226,15.195500000000003,,,,,,,,,,,,,,,,,,256.0,2048.0,0.0,0.0,0.6970000000000001,,0.0,0.0,0.0,0.0,0.0,0.0,0.0
12584,O4M,A_after_C,0.3275,0.34251215028581505,0.31254352506724425,-0.345,36,95,88,181,31.65,21.695,0.5035,0.0,1.0,0.0,0.375,7.0575,6.0,1.22,1.5825,0.0,0.9442596817016602,0.1424331203412765,0.42068965517241375,15.716,,,,,,,,,,,,,,,,,,256.0,2048.0,0.0,0.0,0.6970000000000001,,0.0,0.0,0.0,0.0,0.0,0.0,0.0
12584,O4M,B_after_C,0.408,0.4109075169528207,0.40663288216049776,-0.184,90,114,125,171,31.714,22.744,0.5808,0.09701492537313433,0.23232323232323232,0.803921568627451,0.5212121212121212,6.88,6.0,1.268,1.576,0.0,0.9532126431465149,0.21937892478248905,0.45039852216748766,15.6088,,,,,,,,,,,,,,,,,,256.0,2048.0,0.0,0.0,0.6970000000000001,,0.0,0.0,0.0,0.0,0.0,0.0,0.0
12584,O4D,A,1.0,1.0,1.0,1.0,217,183,0,0,32.0,7.2675,1.0,1.0,1.0,1.0,1.0,6.59,6.0,1.0,1.0,0.0,0.9490552672743797,0.5408,0.4881896551724138,15.845,1.0,0.0,0.0,1.0,1.0,0.0,0.8888888955905248,0.3333333333333333,0.95,0.0,1.0,0.0,0.5,1.0,0.3528123504052518,0.007937013196843614,0.0028002762811758968,256.0,2048.0,0.0,0.0,0.6970000000000001,0.7625,0.0,0.0,0.0,0.0,0.0,0.0,0.0
12584,O4D,B,0.738,0.7282338607544205,0.7199310731129553,0.476,248,121,118,13,30.502,14.818,0.664138888888889,0.9029850746268657,0.7676767676767676,0.19607843137254902,0.9212121212121213,8.032,6.0,1.0,1.946,0.0,0.9590285185575486,0.4161407741628036,0.5355985221674878,15.76,0.0,0.0,0.0,0.7383815065967714,0.6307571458343353,0.29147310380758046,0.6931379185491119,0.3333333333333333,0.95,0.010840108401084021,0.0,0.2663043478260869,0.508,0.738,0.20801878917614566,0.4639100721513935,0.09650201149555125,256.0,2048.0,0.0,0.0,0.6970000000000001,0.738,0.0,0.0,0.0,0.0,0.0,0.0,0.0
12584,O4D,C,1.0,1.0,1.0,1.0,382,418,0,0,31.445,21.91125,0.7794660443722944,1.0,1.0,1.0,1.0,7.0275,6.0,1.29125,1.5275,0.0,0.9928074270486832,0.2978025322934092,0.5730140688494137,14.107253156565656,1.0,1.0,1.0,0.7395287958115183,0.5050790350459681,0.47371151631720804,0.5556550109806104,0.3333333333333333,0.95,0.24875000000000003,1.0,0.4962025316455696,0.74875,1.0,0.32091995079996377,0.7188957236638223,0.2307079802684982,256.0,2048.0,0.0,0.0,0.8398571428571429,0.37625,640.0,640.0,84.0,92.0,196.0,268.0,1.0
12584,O4D,C_style_shift,0.85625,0.8621103117505995,0.8547610740734309,0.7125,302,383,0,115,31.675,20.5075,0.6522500000000001,1.0,1.0,1.0,0.460093896713615,6.93125,6.0,1.255,1.60125,0.0,0.9484300227463245,0.1794030803567123,0.42072937192118226,15.195500000000003,,,,,,,,,,,,,,,,,,256.0,2048.0,0.0,0.0,0.8398571428571429,,640.0,640.0,84.0,92.0,196.0,268.0,1.0
12584,O4D,A_after_C,0.3275,0.34251215028581505,0.31254352506724425,-0.345,36,95,88,181,31.65,20.3475,0.5035,0.0,1.0,0.0,0.375,7.0575,6.0,1.22,1.5825,0.0,0.9442596817016602,0.1424331203412765,0.42068965517241375,15.716,,,,,,,,,,,,,,,,,,256.0,2048.0,0.0,0.0,0.8398571428571429,,640.0,640.0,84.0,92.0,196.0,268.0,1.0
12584,O4D,B_after_C,0.408,0.4109075169528207,0.40663288216049776,-0.184,90,114,125,171,31.714,21.16,0.5808,0.09701492537313433,0.23232323232323232,0.803921568627451,0.5212121212121212,6.88,6.0,1.268,1.576,0.0,0.9532126431465149,0.21937892478248905,0.45039852216748766,15.6088,,,,,,,,,,,,,,,,,,256.0,2048.0,0.0,0.0,0.8398571428571429,,640.0,640.0,84.0,92.0,196.0,268.0,1.0
12637,O1,A,1.0,1.0,1.0,1.0,204,196,0,0,32.0,24.195,0.0,1.0,1.0,1.0,1.0,0.0,0.0,0.0,0.0,0.0,0.0,0.5,0.0,0.0,0.0,0.0,0.0,1.0,1.0,0.0,0.9999999999999999,0.0,0.97,0.0,0.0,0.0,0.5,1.0,0.2633046061055618,0.007937013196843614,0.0020898521334495536,0.0,0.0,0.0,0.0,0.2277,1.0,0.0,0.0,0.0,0.0,0.0,0.0,0.0
12637,O1,B,0.652,0.6543934799698384,0.6519498807828328,0.304,160,166,71,103,17.548,28.232,0.0,0.8775510204081632,0.30327868852459017,0.3076923076923077,0.9428571428571428,0.0,0.0,0.0,0.0,0.0,0.0,0.5,0.0,0.0,0.0,0.0,0.0,0.6543934799698384,0.6543934799698384,0.0,0.3407927943396122,0.0,0.97,0.0,0.0,0.0,0.5,0.652,0.15992622991237748,0.00688239685733826,0.0011006757821549029,0.0,0.0,0.0,0.0,0.2277,0.652,0.0,0.0,0.0,0.0,0.0,0.0,0.0
12637,O1,C,0.48125,0.4807692307692308,0.4807429130009775,-0.0375,205,180,204,211,18.73625,31.51125,0.0,0.0,1.0,0.0,1.0,0.0,0.0,0.0,0.0,0.0,0.0,0.5,0.0,0.0,0.0,0.0,0.0,0.5,0.4807692307692308,0.037037037037037014,0.002133782450535082,0.0,0.97,0.0025974025974026572,0.0,0.0,0.50125,0.48125,0.10722428252598941,0.006225042187214297,0.0006674756822180689,0.0,0.0,0.0,0.0,0.2277,0.48125,0.0,0.0,0.0,0.0,0.0,0.0,0.0
12637,O1,C_style_shift,0.5325,0.5324908280676754,0.5324883122078052,0.065,211,215,186,188,19.64125,30.78,0.0,0.0,1.0,0.0,1.0,0.0,0.0,0.0,0.0,0.0,0.0,0.5,0.0,0.0,,,,,,,,,,,,,,,,,,0.0,0.0,0.0,0.0,0.2277,,0.0,0.0,0.0,0.0,0.0,0.0,0.0
12637,O1,A_after_C,1.0,1.0,1.0,1.0,204,196,0,0,19.965,30.745,0.0,1.0,1.0,1.0,1.0,0.0,0.0,0.0,0.0,0.0,0.0,0.5,0.0,0.0,,,,,,,,,,,,,,,,,,0.0,0.0,0.0,0.0,0.2277,,0.0,0.0,0.0,0.0,0.0,0.0,0.0
12637,O1,B_after_C,0.652,0.6543934799698384,0.6519498807828328,0.304,160,166,71,103,18.93,30.772,0.0,0.8775510204081632,0.30327868852459017,0.3076923076923077,0.9428571428571428,0.0,0.0,0.0,0.0,0.0,0.0,0.5,0.0,0.0,,,,,,,,,,,,,,,,,,0.0,0.0,0.0,0.0,0.2277,,0.0,0.0,0.0,0.0,0.0,0.0,0.0
12637,O3,A,1.0,1.0,1.0,1.0,204,196,0,0,32.0,8.555,0.0,1.0,1.0,1.0,1.0,0.0,0.0,0.0,0.0,0.0,0.0,0.5,0.0,0.0,1.0,0.0,0.0,1.0,1.0,0.0,0.8888888955574796,0.3333333333333333,0.95,0.0,1.0,0.0,0.5,1.0,0.4345968177514413,0.007937013196843614,0.0034494006777994286,0.0,0.0,0.0,0.0,0.29700000000000004,0.745,0.0,0.0,0.0,0.0,0.0,0.0,0.0
12637,O3,B,0.748,0.7379313664147855,0.7336647727272727,0.496,245,129,108,18,30.476,13.924,0.0,0.8775510204081632,0.6967213114754098,0.3076923076923077,0.9428571428571428,0.0,0.0,0.0,0.0,0.0,0.0,0.5,0.0,0.0,0.0,0.0,0.5995243815734633,0.34560652003016157,0.6543934799698384,0.0,0.7709588583370639,0.3333333333333333,0.95,0.5347593582887701,0.0,0.0,0.9,0.748,0.3468155175336861,0.008764256044365286,0.003039579995824283,0.0,0.0,0.0,0.0,0.29700000000000004,0.748,0.0,0.0,0.0,0.0,0.0,0.0,0.0
12637,O3,C,0.73625,0.7463942307692308,0.7223496979237087,0.4725,205,384,0,211,31.60625,15.13625,0.0,0.0,1.0,1.0,1.0,0.0,0.0,0.0,0.0,0.0,0.0,0.5,0.0,0.0,0.5998735777496841,0.0,0.4927884615384617,0.5,0.4807692307692308,0.037037037037037014,0.5569776973649441,0.3333333333333333,0.95,0.34804753820033957,0.5805168986083499,0.0,0.75625,0.73625,0.37388336895844276,0.008226793947259605,0.0030758614367283467,0.0,0.0,0.0,0.0,0.29700000000000004,0.37125,0.0,0.0,0.0,0.0,0.0,0.0,0.0
12637,O3,C_style_shift,0.6325,0.631578947368421,0.5742092457420924,0.265,105,401,0,294,29.82125,15.04625,0.0,0.0,1.0,1.0,0.4976303317535545,0.0,0.0,0.0,0.0,0.0,0.0,0.5,0.0,0.0,,,,,,,,,,,,,,,,,,0.0,0.0,0.0,0.0,0.29700000000000004,,0.0,0.0,0.0,0.0,0.0,0.0,0.0
12637,O3,A_after_C,0.61,0.6176470588235294,0.5481404240528328,0.22,48,196,0,156,30.3675,15.5475,0.0,1.0,1.0,0.0,0.47058823529411764,0.0,0.0,0.0,0.0,0.0,0.0,0.5,0.0,0.0,,,,,,,,,,,,,,,,,,0.0,0.0,0.0,0.0,0.29700000000000004,,0.0,0.0,0.0,0.0,0.0,0.0,0.0
12637,O3,B_after_C,0.598,0.6170364666057018,0.5475235355295325,0.196,66,233,4,197,30.0,14.974,0.0,0.8775510204081632,0.30327868852459017,0.6923076923076923,0.5,0.0,0.0,0.0,0.0,0.0,0.0,0.5,0.0,0.0,,,,,,,,,,,,,,,,,,0.0,0.0,0.0,0.0,0.29700000000000004,,0.0,0.0,0.0,0.0,0.0,0.0,0.0
12637,O4R,A,1.0,1.0,1.0,1.0,204,196,0,0,32.0,8.41,0.0,1.0,1.0,1.0,1.0,0.0,0.0,0.0,0.0,0.0,0.0,0.5,0.0,0.0,1.0,0.0,0.0,1.0,1.0,0.0,0.8888888955574796,0.3333333333333333,0.95,0.0,1.0,0.0,0.5,1.0,0.4345968177514413,0.007937013196843614,0.0034494006777994286,0.0,0.0,0.0,0.0,0.29700000000000004,0.745,0.0,0.0,0.0,0.0,0.0,0.0,0.0
12637,O4R,B,0.778,0.7727053953891323,0.7734314722055528,0.556,230,159,78,33,28.144,13.756,0.0,0.8775510204081632,0.6967213114754098,0.4725274725274725,0.9428571428571428,0.0,0.0,0.0,0.0,0.0,0.0,0.5,0.0,0.0,0.1326905417814514,0.0,0.6526637083527422,0.34560652003016157,0.6543934799698384,0.0,0.7709588583370639,0.3333333333333333,0.95,0.5526992287917738,0.11904761904761915,0.0,0.93,0.778,0.3674354498806779,0.008977481597950466,0.0032986449897384365,0.0,0.0,0.0,0.0,0.29700000000000004,0.748,0.0,0.0,0.0,0.0,0.0,0.0,0.0
12637,O4R,C,0.73625,0.7463942307692308,0.7223496979237087,0.4725,205,384,0,211,31.60625,18.5825,0.0,0.0,1.0,1.0,1.0,0.0,0.0,0.0,0.0,0.0,0.0,0.5,0.0,0.0,0.5998735777496841,0.0,0.4927884615384617,0.5,0.4807692307692308,0.037037037037037014,0.5569776973649441,0.3333333333333333,0.95,0.34804753820033957,0.5805168986083499,0.0,0.75625,0.73625,0.37388336895844276,0.008226793947259605,0.0030758614367283467,0.0,0.0,0.0,0.0,0.29700000000000004,0.37125,0.0,0.0,0.0,0.0,0.0,0.0,0.0
12637,O4R,C_style_shift,0.6325,0.631578947368421,0.5742092457420924,0.265,105,401,0,294,31.6275,16.1775,0.0,0.0,1.0,1.0,0.4976303317535545,0.0,0.0,0.0,0.0,0.0,0.0,0.5,0.0,0.0,,,,,,,,,,,,,,,,,,0.0,0.0,0.0,0.0,0.29700000000000004,,0.0,0.0,0.0,0.0,0.0,0.0,0.0
12637,O4R,A_after_C,0.61,0.6176470588235294,0.5481404240528328,0.22,48,196,0,156,31.7125,16.58,0.0,1.0,1.0,0.0,0.47058823529411764,0.0,0.0,0.0,0.0,0.0,0.0,0.5,0.0,0.0,,,,,,,,,,,,,,,,,,0.0,0.0,0.0,0.0,0.29700000000000004,,0.0,0.0,0.0,0.0,0.0,0.0,0.0
12637,O4R,B_after_C,0.598,0.6170364666057018,0.5475235355295325,0.196,66,233,4,197,31.666,16.11,0.0,0.8775510204081632,0.30327868852459017,0.6923076923076923,0.5,0.0,0.0,0.0,0.0,0.0,0.0,0.5,0.0,0.0,,,,,,,,,,,,,,,,,,0.0,0.0,0.0,0.0,0.29700000000000004,,0.0,0.0,0.0,0.0,0.0,0.0,0.0
12637,O4M,A,1.0,1.0,1.0,1.0,204,196,0,0,32.0,7.75,1.0,1.0,1.0,1.0,1.0,7.25,6.0,1.0,1.0,0.0,0.9583193808794022,0.5096,0.49901477832512314,14.97,1.0,0.0,0.0,1.0,1.0,0.0,0.8888888955574796,0.3333333333333333,0.95,0.0,1.0,0.0,0.5,1.0,0.3528123504012138,0.007937013196843614,0.0028002762811438473,256.0,2048.0,0.0,0.0,0.6970000000000001,0.745,0.0,0.0,0.0,0.0,0.0,0.0,0.0
12637,O4M,B,0.568,0.5822624376313552,0.5406522737712448,0.136,81,203,34,182,29.714,14.598,0.6392380952380952,0.8775510204081632,0.30327868852459017,0.5274725274725275,0.5,6.612,6.0,1.0,2.0,0.0,0.9613480470180511,0.34117354440296854,0.5045172413793102,13.788,0.0,0.2698568484219677,0.02367873413449811,0.5721310423384833,0.6543934799698384,0.0,0.7709588583370639,0.3333333333333333,0.95,0.017605633802816722,0.0,0.0,0.5099999999999999,0.568,0.21835507340708551,0.0066166786459459365,0.0014447853514466201,256.0,2048.0,0.0,0.0,0.6970000000000001,0.748,0.0,0.0,0.0,0.0,0.0,0.0,0.0
12637,O4M,C,0.73625,0.7463942307692308,0.7223496979237087,0.4725,205,384,0,211,18.0575,25.375,0.7648645833333333,0.0,1.0,1.0,1.0,7.07125,6.0,1.26375,1.53,0.0,0.9996633115410805,0.29841927789051886,0.76875,15.233125,0.5998735777496841,0.5115740740740743,0.0,0.7463942307692308,0.4807692307692308,0.5115740740740743,0.5569776973649441,0.3333333333333333,0.95,0.0,0.5805168986083499,0.4915662650602408,0.5,0.73625,0.260993582084161,0.565622367052693,0.1476238076840045,256.0,2048.0,0.0,0.0,0.6970000000000001,0.37125,0.0,0.0,0.0,0.0,0.0,0.0,0.0
12637,O4M,C_style_shift,0.65875,0.6584259901624385,0.6527683930203904,0.3175,211,316,85,188,27.74,20.80375,0.6325,0.0,1.0,0.543010752688172,1.0,6.25,6.0,1.235,1.235,0.0,0.958415056169033,0.14600000000000002,0.4800831280788178,14.63,,,,,,,,,,,,,,,,,,256.0,2048.0,0.0,0.0,0.6970000000000001,,0.0,0.0,0.0,0.0,0.0,0.0,0.0
12637,O4M,A_after_C,0.865,0.8676470588235294,0.8631906969673937,0.73,150,196,0,54,27.83,21.1825,0.61,1.0,1.0,0.47058823529411764,1.0,6.275,6.0,1.235,1.235,0.0,0.9583313363790512,0.1352,0.4990147783251232,14.97,,,,,,,,,,,,,,,,,,256.0,2048.0,0.0,0.0,0.6970000000000001,,0.0,0.0,0.0,0.0,0.0,0.0,0.0
12637,O4M,B_after_C,0.692,0.699298904237057,0.6886322463768115,0.384,147,199,38,116,28.052,21.14,0.598,0.8775510204081632,0.30327868852459017,0.5274725274725275,0.9428571428571428,6.156,6.0,1.294,1.294,0.0,0.9613144313097,0.15439999999999998,0.5045172413793103,13.788,,,,,,,,,,,,,,,,,,256.0,2048.0,0.0,0.0,0.6970000000000001,,0.0,0.0,0.0,0.0,0.0,0.0,0.0
12637,O4D,A,1.0,1.0,1.0,1.0,204,196,0,0,32.0,7.75,1.0,1.0,1.0,1.0,1.0,7.25,6.0,1.0,1.0,0.0,0.9583193808794022,0.5096,0.49901477832512314,14.97,1.0,0.0,0.0,1.0,1.0,0.0,0.8888888955574796,0.3333333333333333,0.95,0.0,1.0,0.0,0.5,1.0,0.3528123504012138,0.007937013196843614,0.0028002762811438473,256.0,2048.0,0.0,0.0,0.6970000000000001,0.745,0.0,0.0,0.0,0.0,0.0,0.0,0.0
12637,O4D,B,0.568,0.5822624376313552,0.5406522737712448,0.136,81,203,34,182,29.714,14.598,0.6392380952380952,0.8775510204081632,0.30327868852459017,0.5274725274725275,0.5,6.612,6.0,1.0,2.0,0.0,0.9613480470180511,0.34117354440296854,0.5045172413793102,13.788,0.0,0.2698568484219677,0.02367873413449811,0.5721310423384833,0.6543934799698384,0.0,0.7709588583370639,0.3333333333333333,0.95,0.017605633802816722,0.0,0.0,0.5099999999999999,0.568,0.21835507340708551,0.0066166786459459365,0.0014447853514466201,256.0,2048.0,0.0,0.0,0.6970000000000001,0.748,0.0,0.0,0.0,0.0,0.0,0.0,0.0
12637,O4D,C,0.73625,0.7463942307692308,0.7223496979237087,0.4725,205,384,0,211,18.4175,27.4725,0.7648645833333333,0.0,1.0,1.0,1.0,7.07125,6.0,1.26375,1.53,0.0,0.9996633115410805,0.29841927789051886,0.76875,15.233125,0.5998735777496841,0.5115740740740743,0.0,0.7463942307692308,0.4807692307692308,0.5115740740740743,0.5569776973649441,0.3333333333333333,0.95,0.0,0.5805168986083499,0.4915662650602408,0.5,0.73625,0.24455718293533799,0.565622367052693,0.1383270126916243,256.0,2048.0,0.0,0.0,0.8398571428571429,0.37125,640.0,640.0,85.0,107.0,227.0,221.0,1.0
12637,O4D,C_style_shift,0.6325,0.631578947368421,0.5742092457420924,0.265,105,401,0,294,25.5625,23.575,0.6325,0.0,1.0,1.0,0.4976303317535545,6.25,6.0,1.235,1.235,0.0,0.958415056169033,0.14600000000000002,0.4800831280788178,14.63,,,,,,,,,,,,,,,,,,256.0,2048.0,0.0,0.0,0.8398571428571429,,640.0,640.0,85.0,107.0,227.0,221.0,1.0
12637,O4D,A_after_C,0.61,0.6176470588235294,0.5481404240528328,0.22,48,196,0,156,25.625,24.26,0.61,1.0,1.0,0.0,0.47058823529411764,6.275,6.0,1.235,1.235,0.0,0.9583313363790512,0.1352,0.4990147783251232,14.97,,,,,,,,,,,,,,,,,,256.0,2048.0,0.0,0.0,0.8398571428571429,,640.0,640.0,85.0,107.0,227.0,221.0,1.0
12637,O4D,B_after_C,0.598,0.6170364666057018,0.5475235355295325,0.196,66,233,4,197,26.2,23.944,0.598,0.8775510204081632,0.30327868852459017,0.6923076923076923,0.5,6.156,6.0,1.294,1.294,0.0,0.9613144313097,0.15439999999999998,0.5045172413793103,13.788,,,,,,,,,,,,,,,,,,256.0,2048.0,0.0,0.0,0.8398571428571429,,640.0,640.0,85.0,107.0,227.0,221.0,1.0
12690,O1,A,1.0,1.0,1.0,1.0,204,196,0,0,32.0,23.935,0.0,1.0,1.0,1.0,1.0,0.0,0.0,0.0,0.0,0.0,0.0,0.5,0.0,0.0,0.0,0.0,0.0,1.0,1.0,0.0,0.9999999999999999,0.0,0.97,0.0,0.0,0.0,0.5,1.0,0.2633046061055618,0.007937013196843614,0.0020898521334495536,0.0,0.0,0.0,0.0,0.2277,1.0,0.0,0.0,0.0,0.0,0.0,0.0,0.0
12690,O1,B,0.494,0.5,0.33065595716198126,-0.012,0,247,0,253,21.452,21.474,0.0,0.8924050632911392,0.18604651162790697,0.7474747474747475,0.10191082802547771,0.0,0.0,0.0,0.0,0.0,0.0,0.5,0.0,0.0,0.0,0.0,0.22585880108519255,0.3541229937110944,0.6458770062889057,0.0,0.2781608803005301,0.0,0.97,0.2834008097165992,0.0,0.0,0.64,0.494,0.19454771122073275,0.006812442142545299,0.0013253450266558526,0.0,0.0,0.0,0.0,0.2277,0.646,0.0,0.0,0.0,0.0,0.0,0.0,0.0
12690,O1,C,0.51375,0.513721536110624,0.513475569813598,0.0275,196,215,203,186,24.02,26.24,0.0,0.0,1.0,0.0,1.0,0.0,0.0,0.0,0.0,0.0,0.0,0.5,0.0,0.0,0.0,0.0,0.0,0.513721536110624,0.513721536110624,0.0,0.001085756841153529,0.0,0.97,0.0,0.0,0.0,0.5,0.51375,0.10665259816739893,0.006356838593275586,0.0006779733521036346,0.0,0.0,0.0,0.0,0.2277,0.51375,0.0,0.0,0.0,0.0,0.0,0.0,0.0
12690,O1,C_style_shift,0.52375,0.5238116076117126,0.5237433026401934,0.0475,211,208,186,195,26.3625,24.92625,0.0,0.0,1.0,0.0,1.0,0.0,0.0,0.0,0.0,0.0,0.0,0.5,0.0,0.0,,,,,,,,,,,,,,,,,,0.0,0.0,0.0,0.0,0.2277,,0.0,0.0,0.0,0.0,0.0,0.0,0.0
12690,O1,A_after_C,1.0,1.0,1.0,1.0,204,196,0,0,26.1475,25.065,0.0,1.0,1.0,1.0,1.0,0.0,0.0,0.0,0.0,0.0,0.0,0.5,0.0,0.0,,,,,,,,,,,,,,,,,,0.0,0.0,0.0,0.0,0.2277,,0.0,0.0,0.0,0.0,0.0,0.0,0.0
12690,O1,B_after_C,0.646,0.6458770062889057,0.6458852668264519,0.292,166,157,90,87,26.154,25.06,0.0,0.8924050632911392,0.18604651162790697,0.25252525252525254,0.8980891719745223,0.0,0.0,0.0,0.0,0.0,0.0,0.5,0.0,0.0,,,,,,,,,,,,,,,,,,0.0,0.0,0.0,0.0,0.2277,,0.0,0.0,0.0,0.0,0.0,0.0,0.0
12690,O3,A,1.0,1.0,1.0,1.0,204,196,0,0,31.89,8.9525,0.0,1.0,1.0,1.0,1.0,0.0,0.0,0.0,0.0,0.0,0.0,0.5,0.0,0.0,1.0,0.0,0.0,1.0,1.0,0.0,0.8888888955574796,0.3333333333333333,0.95,0.0,1.0,0.0,0.5,1.0,0.4345968177514413,0.007937013196843614,0.0034494006777994286,0.0,0.0,0.0,0.0,0.29700000000000004,0.785,0.0,0.0,0.0,0.0,0.0,0.0,0.0
12690,O3,B,0.754,0.7518282632699109,0.744786803610333,0.508,236,141,106,17,31.566,17.1,0.0,0.8924050632911392,0.813953488372093,0.25252525252525254,0.8980891719745223,0.0,0.0,0.0,0.0,0.0,0.0,0.5,0.0,0.0,0.0,0.0,0.5036565265398218,0.5,0.6458770062889057,0.0,0.7334572078173891,0.3333333333333333,0.95,0.32891246684350134,0.0,0.0,0.748,0.754,0.31018567280467585,0.008262117495379544,0.002562790474095587,0.0,0.0,0.0,0.0,0.29700000000000004,0.754,0.0,0.0,0.0,0.0,0.0,0.0,0.0
12690,O3,C,0.51375,0.513721536110624,0.513475569813598,0.0275,196,215,203,186,30.52625,18.4775,0.0,0.0,1.0,0.0,1.0,0.0,0.0,0.0,0.0,0.0,0.0,0.5,0.0,0.0,0.2099007886034088,0.0,0.0,0.513721536110624,0.513721536110624,0.0,0.5562792951572967,0.3333333333333333,0.95,0.0,0.21730382293762582,0.0,0.5,0.51375,0.26671630725425133,0.006356838593275586,0.0016954725154097738,0.0,0.0,0.0,0.0,0.29700000000000004,0.37875,0.0,0.0,0.0,0.0,0.0,0.0,0.0
12690,O3,C_style_shift,0.52375,0.5238116076117126,0.5237433026401934,0.0475,211,208,186,195,31.4525,15.5875,0.0,0.0,1.0,0.0,1.0,0.0,0.0,0.0,0.0,0.0,0.0,0.5,0.0,0.0,,,,,,,,,,,,,,,,,,0.0,0.0,0.0,0.0,0.29700000000000004,,0.0,0.0,0.0,0.0,0.0,0.0,0.0
12690,O3,A_after_C,1.0,1.0,1.0,1.0,204,196,0,0,31.575,16.5075,0.0,1.0,1.0,1.0,1.0,0.0,0.0,0.0,0.0,0.0,0.0,0.5,0.0,0.0,,,,,,,,,,,,,,,,,,0.0,0.0,0.0,0.0,0.29700000000000004,,0.0,0.0,0.0,0.0,0.0,0.0,0.0
12690,O3,B_after_C,0.646,0.6458770062889057,0.6458852668264519,0.292,166,157,90,87,31.648,16.782,0.0,0.8924050632911392,0.18604651162790697,0.25252525252525254,0.8980891719745223,0.0,0.0,0.0,0.0,0.0,0.0,0.5,0.0,0.0,,,,,,,,,,,,,,,,,,0.0,0.0,0.0,0.0,0.29700000000000004,,0.0,0.0,0.0,0.0,0.0,0.0,0.0
12690,O4R,A,1.0,1.0,1.0,1.0,204,196,0,0,32.0,8.5525,0.0,1.0,1.0,1.0,1.0,0.0,0.0,0.0,0.0,0.0,0.0,0.5,0.0,0.0,1.0,0.0,0.0,1.0,1.0,0.0,0.8888888955574796,0.3333333333333333,0.95,0.0,1.0,0.0,0.5,1.0,0.4345968177514413,0.007937013196843614,0.0034494006777994286,0.0,0.0,0.0,0.0,0.29700000000000004,0.785,0.0,0.0,0.0,0.0,0.0,0.0,0.0
12690,O4R,B,0.754,0.7518282632699109,0.744786803610333,0.508,236,141,106,17,31.566,16.672,0.0,0.8924050632911392,0.813953488372093,0.25252525252525254,0.8980891719745223,0.0,0.0,0.0,0.0,0.0,0.0,0.5,0.0,0.0,0.0,0.0,0.6157600683819977,0.3541229937110944,0.6458770062889057,0.0,0.7334572078173891,0.3333333333333333,0.95,0.5305039787798409,0.0,0.0,0.9,0.754,0.34053007397219265,0.008787627473305682,0.0029924514335248563,0.0,0.0,0.0,0.0,0.29700000000000004,0.754,0.0,0.0,0.0,0.0,0.0,0.0,0.0
12690,O4R,C,0.51375,0.513721536110624,0.513475569813598,0.0275,196,215,203,186,31.06,19.91875,0.0,0.0,1.0,0.0,1.0,0.0,0.0,0.0,0.0,0.0,0.0,0.5,0.0,0.0,0.2099007886034088,0.0,0.0,0.513721536110624,0.513721536110624,0.0,0.5562792951572967,0.3333333333333333,0.95,0.0,0.21730382293762582,0.0,0.5,0.51375,0.26671630725425133,0.006356838593275586,0.0016954725154097738,0.0,0.0,0.0,0.0,0.29700000000000004,0.37875,0.0,0.0,0.0,0.0,0.0,0.0,0.0
12690,O4R,C_style_shift,0.52375,0.5238116076117126,0.5237433026401934,0.0475,211,208,186,195,31.56875,17.1425,0.0,0.0,1.0,0.0,1.0,0.0,0.0,0.0,0.0,0.0,0.0,0.5,0.0,0.0,,,,,,,,,,,,,,,,,,0.0,0.0,0.0,0.0,0.29700000000000004,,0.0,0.0,0.0,0.0,0.0,0.0,0.0
12690,O4R,A_after_C,1.0,1.0,1.0,1.0,204,196,0,0,31.685,18.1225,0.0,1.0,1.0,1.0,1.0,0.0,0.0,0.0,0.0,0.0,0.0,0.5,0.0,0.0,,,,,,,,,,,,,,,,,,0.0,0.0,0.0,0.0,0.29700000000000004,,0.0,0.0,0.0,0.0,0.0,0.0,0.0
12690,O4R,B_after_C,0.646,0.6458770062889057,0.6458852668264519,0.292,166,157,90,87,31.73,18.626,0.0,0.8924050632911392,0.18604651162790697,0.25252525252525254,0.8980891719745223,0.0,0.0,0.0,0.0,0.0,0.0,0.5,0.0,0.0,,,,,,,,,,,,,,,,,,0.0,0.0,0.0,0.0,0.29700000000000004,,0.0,0.0,0.0,0.0,0.0,0.0,0.0
12690,O4M,A,1.0,1.0,1.0,1.0,204,196,0,0,31.6625,8.8425,1.0,1.0,1.0,1.0,1.0,6.1375,6.0,1.0,1.0,0.0,0.9588003484904766,0.5096,0.5472844827586206,15.075,1.0,0.0,0.0,1.0,1.0,0.0,0.8888888955574796,0.3333333333333333,0.95,0.0,1.0,0.0,0.5,1.0,0.3528123504012138,0.007937013196843614,0.0028002762811438473,256.0,2048.0,0.0,0.0,0.6970000000000001,0.785,0.0,0.0,0.0,0.0,0.0,0.0,0.0
12690,O4M,B,0.754,0.7518282632699109,0.744786803610333,0.508,236,141,106,17,29.69,10.52,0.7003333333333333,0.8924050632911392,0.813953488372093,0.25252525252525254,0.8980891719745223,7.27,6.0,1.0,1.846,0.0,0.9603415777683258,0.4528209022774,0.5075689655172414,15.204,0.0,0.0,0.0,0.7518282632699109,0.6458770062889057,0.29919338439639404,0.7334572078173891,0.3333333333333333,0.95,0.0,0.0,0.30508474576271183,0.5,0.754,0.21162108171379088,0.4863193731518858,0.10291543180477478,256.0,2048.0,0.0,0.0,0.6970000000000001,0.754,0.0,0.0,0.0,0.0,0.0,0.0,0.0
12690,O4M,C,0.7675,0.756544502617801,0.7481023029679237,0.535,196,418,0,186,31.4625,22.4425,0.7660997023809525,0.0,1.0,1.0,1.0,6.8825,6.0,1.0,1.76,0.0,0.9933980868011713,0.2564252966091657,0.59175,14.795,0.6044365301450013,0.49934962071940964,0.0,0.756544502617801,0.513721536110624,0.49934962071940964,0.5562792951572967,0.3333333333333333,0.95,0.0,0.6257545271629777,0.5218508997429304,0.5,0.7675,0.266436179808468,0.5850581459959369,0.15588065738498236,256.0,2048.0,0.0,0.0,0.6970000000000001,0.37875,0.0,0.0,0.0,0.0,0.0,0.0,0.0
12690,O4M,C_style_shift,0.61625,0.6219211822660099,0.5558569555585695,0.2325,99,394,0,307,31.59625,19.8375,0.61625,0.0,1.0,1.0,0.46919431279620855,5.49625,6.0,1.0,1.75625,0.0,0.9493638946115971,0.13879999999999998,0.40291256157635474,14.4875,,,,,,,,,,,,,,,,,,256.0,2048.0,0.0,0.0,0.6970000000000001,,0.0,0.0,0.0,0.0,0.0,0.0,0.0
12690,O4M,A_after_C,0.625,0.6323529411764706,0.5709259418175577,0.25,54,196,0,150,31.68,21.1725,0.625,1.0,1.0,0.0,0.4864864864864865,5.5275,6.0,1.0,1.7775,0.0,0.9525098286569118,0.1496,0.4407844827586207,14.958,,,,,,,,,,,,,,,,,,256.0,2048.0,0.0,0.0,0.6970000000000001,,0.0,0.0,0.0,0.0,0.0,0.0,0.0
12690,O4M,B_after_C,0.616,0.6201693043798306,0.5658073270013568,0.232,69,239,8,184,31.738,21.542,0.616,0.8924050632911392,0.18604651162790697,0.7474747474747475,0.49044585987261147,5.554,6.0,1.0,1.814,0.0,0.9539263069629669,0.16784000000000002,0.42716896551724143,14.985599999999998,,,,,,,,,,,,,,,,,,256.0,2048.0,0.0,0.0,0.6970000000000001,,0.0,0.0,0.0,0.0,0.0,0.0,0.0
12690,O4D,A,1.0,1.0,1.0,1.0,204,196,0,0,31.6625,8.8425,1.0,1.0,1.0,1.0,1.0,6.1375,6.0,1.0,1.0,0.0,0.9588003484904766,0.5096,0.5472844827586206,15.075,1.0,0.0,0.0,1.0,1.0,0.0,0.8888888955574796,0.3333333333333333,0.95,0.0,1.0,0.0,0.5,1.0,0.3528123504012138,0.007937013196843614,0.0028002762811438473,256.0,2048.0,0.0,0.0,0.6970000000000001,0.785,0.0,0.0,0.0,0.0,0.0,0.0,0.0
12690,O4D,B,0.754,0.7518282632699109,0.744786803610333,0.508,236,141,106,17,29.69,10.52,0.7003333333333333,0.8924050632911392,0.813953488372093,0.25252525252525254,0.8980891719745223,7.27,6.0,1.0,1.846,0.0,0.9603415777683258,0.4528209022774,0.5075689655172414,15.204,0.0,0.0,0.0,0.7518282632699109,0.6458770062889057,0.29919338439639404,0.7334572078173891,0.3333333333333333,0.95,0.0,0.0,0.30508474576271183,0.5,0.754,0.21162108171379088,0.4863193731518858,0.10291543180477478,256.0,2048.0,0.0,0.0,0.6970000000000001,0.754,0.0,0.0,0.0,0.0,0.0,0.0,0.0
12690,O4D,C,0.7675,0.756544502617801,0.7481023029679237,0.535,196,418,0,186,31.32875,22.91375,0.7660997023809525,0.0,1.0,1.0,1.0,6.8825,6.0,1.0,1.76,0.0,0.9933980868011713,0.2564252966091657,0.59175,14.795,0.6044365301450013,0.49934962071940964,0.0,0.756544502617801,0.513721536110624,0.49934962071940964,0.5562792951572967,0.3333333333333333,0.95,0.0,0.6257545271629777,0.5218508997429304,0.5,0.7675,0.24965702622143687,0.5850581459959369,0.14606387689597286,256.0,2048.0,0.0,0.0,0.8398571428571429,0.37875,640.0,640.0,76.0,112.0,158.0,294.0,1.0
12690,O4D,C_style_shift,0.61625,0.6219211822660099,0.5558569555585695,0.2325,99,394,0,307,31.48,21.235,0.61625,0.0,1.0,1.0,0.46919431279620855,5.49625,6.0,1.0,1.75625,0.0,0.9493638946115971,0.13879999999999998,0.40291256157635474,14.4875,,,,,,,,,,,,,,,,,,256.0,2048.0,0.0,0.0,0.8398571428571429,,640.0,640.0,76.0,112.0,158.0,294.0,1.0
12690,O4D,A_after_C,0.625,0.6323529411764706,0.5709259418175577,0.25,54,196,0,150,31.57,22.1525,0.625,1.0,1.0,0.0,0.4864864864864865,5.5275,6.0,1.0,1.7775,0.0,0.9525098286569118,0.1496,0.4407844827586207,14.958,,,,,,,,,,,,,,,,,,256.0,2048.0,0.0,0.0,0.8398571428571429,,640.0,640.0,76.0,112.0,158.0,294.0,1.0
12690,O4D,B_after_C,0.616,0.6201693043798306,0.5658073270013568,0.232,69,239,8,184,31.656,22.826,0.616,0.8924050632911392,0.18604651162790697,0.7474747474747475,0.49044585987261147,5.554,6.0,1.0,1.814,0.0,0.9539263069629669,0.16784000000000002,0.42716896551724143,14.985599999999998,,,,,,,,,,,,,,,,,,256.0,2048.0,0.0,0.0,0.8398571428571429,,640.0,640.0,76.0,112.0,158.0,294.0,1.0
12743,O1,A,1.0,1.0,1.0,1.0,206,194,0,0,32.0,24.05,0.0,1.0,1.0,1.0,1.0,0.0,0.0,0.0,0.0,0.0,0.0,0.5,0.0,0.0,0.0,0.0,0.0,1.0,1.0,0.0,0.9999999999999999,0.0,0.97,0.0,0.0,0.0,0.5,1.0,0.2633046061055618,0.007937013196843614,0.0020898521334495536,0.0,0.0,0.0,0.0,0.2277,1.0,0.0,0.0,0.0,0.0,0.0,0.0,0.0
12743,O1,B,0.58,0.5777009728622632,0.5408511308180721,0.16,72,218,34,176,22.464,26.598,0.0,0.898876404494382,0.23076923076923078,0.5125,0.4503311258278146,0.0,0.0,0.0,0.0,0.0,0.0,0.5,0.0,0.0,0.0,0.0,0.0,0.6817076292882744,0.6817076292882744,0.0,0.41520724713448376,0.0,0.97,0.0,0.0,0.0,0.3979999999999999,0.58,0.1715960739753403,0.006134384142456026,0.0010526362351020386,0.0,0.0,0.0,0.0,0.2277,0.682,0.0,0.0,0.0,0.0,0.0,0.0,0.0
12743,O1,C,0.48,0.4800082504640886,0.47999674997968733,-0.04,191,193,210,206,23.47875,30.0025,0.0,0.0,1.0,0.0,1.0,0.0,0.0,0.0,0.0,0.0,0.0,0.5,0.0,0.0,0.0,0.0,0.0,0.4800082504640886,0.4800082504640886,0.0,0.0023056684313945697,0.0,0.97,0.0,0.0,0.0,0.5,0.48,0.10684390748291532,0.006214473470482215,0.0006639786285352335,0.0,0.0,0.0,0.0,0.2277,0.48,0.0,0.0,0.0,0.0,0.0,0.0,0.0
12743,O1,C_style_shift,0.49875,0.49883720930232556,0.4980904594944294,-0.0025,185,214,216,185,27.075,28.97,0.0,0.0,1.0,0.0,1.0,0.0,0.0,0.0,0.0,0.0,0.0,0.5,0.0,0.0,,,,,,,,,,,,,,,,,,0.0,0.0,0.0,0.0,0.2277,,0.0,0.0,0.0,0.0,0.0,0.0,0.0
12743,O1,A_after_C,1.0,1.0,1.0,1.0,206,194,0,0,26.95,29.0275,0.0,1.0,1.0,1.0,1.0,0.0,0.0,0.0,0.0,0.0,0.0,0.5,0.0,0.0,,,,,,,,,,,,,,,,,,0.0,0.0,0.0,0.0,0.2277,,0.0,0.0,0.0,0.0,0.0,0.0,0.0
12743,O1,B_after_C,0.682,0.6817076292882744,0.6814380567320754,0.364,160,181,71,88,27.456,28.95,0.0,0.898876404494382,0.23076923076923078,0.2875,0.9072847682119205,0.0,0.0,0.0,0.0,0.0,0.0,0.5,0.0,0.0,,,,,,,,,,,,,,,,,,0.0,0.0,0.0,0.0,0.2277,,0.0,0.0,0.0,0.0,0.0,0.0,0.0
12743,O3,A,1.0,1.0,1.0,1.0,206,194,0,0,30.345,8.9625,0.0,1.0,1.0,1.0,1.0,0.0,0.0,0.0,0.0,0.0,0.0,0.5,0.0,0.0,1.0,0.0,0.0,1.0,1.0,0.0,0.8888888955598869,0.3333333333333333,0.95,0.0,1.0,0.0,0.5,1.0,0.43459681775180375,0.007937013196843614,0.0034494006778023056,0.0,0.0,0.0,0.0,0.29700000000000004,0.7675,0.0,0.0,0.0,0.0,0.0,0.0,0.0
12743,O3,B,0.78,0.7811699948796722,0.7756017951856384,0.56,230,160,92,18,31.196,6.636,0.0,0.898876404494382,0.7692307692307693,0.2875,0.9072847682119205,0.0,0.0,0.0,0.0,0.0,0.0,0.5,0.0,0.0,0.0,0.0,0.6789972772509623,0.31829237071172556,0.6817076292882744,0.0,0.813907758255008,0.3333333333333333,0.95,0.5923076923076923,0.0,0.0,0.962,0.78,0.36194278332734253,0.00908706346012978,0.003288997041031564,0.0,0.0,0.0,0.0,0.29700000000000004,0.78,0.0,0.0,0.0,0.0,0.0,0.0,0.0
12743,O3,C,0.48,0.4800082504640886,0.47999674997968733,-0.04,191,193,210,206,31.0375,16.96125,0.0,0.0,1.0,0.0,1.0,0.0,0.0,0.0,0.0,0.0,0.0,0.5,0.0,0.0,0.18794321049112483,0.0,0.0,0.4800082504640886,0.4800082504640886,0.0,0.5570922243227894,0.3333333333333333,0.95,0.0,0.189083820662768,0.0,0.5,0.48,0.26259087948564236,0.006214473470482215,0.001631864054154117,0.0,0.0,0.0,0.0,0.29700000000000004,0.35875,0.0,0.0,0.0,0.0,0.0,0.0,0.0
12743,O3,C_style_shift,0.50375,0.4833123821495915,0.4514595218233099,0.0075,78,325,105,292,31.465,11.83125,0.0,0.0,1.0,0.5138888888888888,0.42162162162162165,0.0,0.0,0.0,0.0,0.0,0.0,0.5,0.0,0.0,,,,,,,,,,,,,,,,,,0.0,0.0,0.0,0.0,0.29700000000000004,,0.0,0.0,0.0,0.0,0.0,0.0,0.0
12743,O3,A_after_C,0.7175,0.7257281553398058,0.6982623381998545,0.435,93,194,0,113,31.535,12.2125,0.0,1.0,1.0,0.39814814814814814,0.5102040816326531,0.0,0.0,0.0,0.0,0.0,0.0,0.5,0.0,0.0,,,,,,,,,,,,,,,,,,0.0,0.0,0.0,0.0,0.29700000000000004,,0.0,0.0,0.0,0.0,0.0,0.0,0.0
12743,O3,B_after_C,0.58,0.5777009728622632,0.5408511308180721,0.16,72,218,34,176,31.636,12.092,0.0,0.898876404494382,0.23076923076923078,0.5125,0.4503311258278146,0.0,0.0,0.0,0.0,0.0,0.0,0.5,0.0,0.0,,,,,,,,,,,,,,,,,,0.0,0.0,0.0,0.0,0.29700000000000004,,0.0,0.0,0.0,0.0,0.0,0.0,0.0
12743,O4R,A,1.0,1.0,1.0,1.0,206,194,0,0,30.8575,8.75,0.0,1.0,1.0,1.0,1.0,0.0,0.0,0.0,0.0,0.0,0.0,0.5,0.0,0.0,1.0,0.0,0.0,1.0,1.0,0.0,0.8888888955598869,0.3333333333333333,0.95,0.0,1.0,0.0,0.5,1.0,0.43459681775180375,0.007937013196843614,0.0034494006778023056,0.0,0.0,0.0,0.0,0.29700000000000004,0.7675,0.0,0.0,0.0,0.0,0.0,0.0,0.0
12743,O4R,B,0.78,0.7811699948796722,0.7756017951856384,0.56,230,160,92,18,31.356,6.298,0.0,0.898876404494382,0.7692307692307693,0.2875,0.9072847682119205,0.0,0.0,0.0,0.0,0.0,0.0,0.5,0.0,0.0,0.0,0.0,0.6789972772509623,0.31829237071172556,0.6817076292882744,0.0,0.813907758255008,0.3333333333333333,0.95,0.5923076923076923,0.0,0.0,0.962,0.78,0.36194278332734253,0.00908706346012978,0.003288997041031564,0.0,0.0,0.0,0.0,0.29700000000000004,0.78,0.0,0.0,0.0,0.0,0.0,0.0,0.0
12743,O4R,C,0.48,0.4800082504640886,0.47999674997968733,-0.04,191,193,210,206,31.5175,15.6825,0.0,0.0,1.0,0.0,1.0,0.0,0.0,0.0,0.0,0.0,0.0,0.5,0.0,0.0,0.18794321049112483,0.0,0.0,0.5,0.4800082504640886,0.03844628218381129,0.5570922243227894,0.3333333333333333,0.95,0.0,0.189083820662768,0.04567307692307702,0.47624999999999995,0.48,0.26259087948564236,0.21856600149568572,0.057393438558412335,0.0,0.0,0.0,0.0,0.29700000000000004,0.35875,0.0,0.0,0.0,0.0,0.0,0.0,0.0
12743,O4R,C_style_shift,0.5375,0.5,0.34959349593495936,0.075,0,430,0,370,31.60625,12.995,0.0,0.0,1.0,1.0,0.0,0.0,0.0,0.0,0.0,0.0,0.0,0.5,0.0,0.0,,,,,,,,,,,,,,,,,,0.0,0.0,0.0,0.0,0.29700000000000004,,0.0,0.0,0.0,0.0,0.0,0.0,0.0
12743,O4R,A_after_C,0.485,0.5,0.3265993265993266,-0.03,0,194,0,206,31.63,13.37,0.0,1.0,1.0,0.0,0.0,0.0,0.0,0.0,0.0,0.0,0.0,0.5,0.0,0.0,,,,,,,,,,,,,,,,,,0.0,0.0,0.0,0.0,0.29700000000000004,,0.0,0.0,0.0,0.0,0.0,0.0,0.0
12743,O4R,B_after_C,0.504,0.5,0.3351063829787234,0.008,0,252,0,248,31.724,12.528,0.0,0.898876404494382,0.23076923076923078,0.7125,0.09271523178807947,0.0,0.0,0.0,0.0,0.0,0.0,0.5,0.0,0.0,,,,,,,,,,,,,,,,,,0.0,0.0,0.0,0.0,0.29700000000000004,,0.0,0.0,0.0,0.0,0.0,0.0,0.0
12743,O4M,A,1.0,1.0,1.0,1.0,206,194,0,0,27.9025,8.4775,1.0,1.0,1.0,1.0,1.0,6.48,6.0,1.0,1.0,0.0,0.9530752971768379,0.5144,0.5007296798029557,15.145,1.0,0.0,0.0,1.0,1.0,0.0,0.8888888955598869,0.3333333333333333,0.95,0.0,1.0,0.0,0.5,1.0,0.352812350401508,0.007937013196843614,0.0028002762811461823,256.0,2048.0,0.0,0.0,0.6970000000000001,0.7675,0.0,0.0,0.0,0.0,0.0,0.0,0.0
12743,O4M,B,0.658,0.6558179723502304,0.6293550778354337,0.316,95,234,18,153,29.096,7.728,0.6653484126984126,0.898876404494382,0.4835164835164835,0.7125,0.4503311258278146,7.344,6.0,1.0,1.752,0.0,0.9629198316335678,0.30236845154095937,0.518987684729064,13.868,0.0,0.2955855383809275,0.0,0.7085253456221199,0.6817076292882744,0.08425497687512591,0.813907758255008,0.3333333333333333,0.95,0.0,0.0,0.08805031446540855,0.44800000000000006,0.658,0.22145196605201245,0.29608321888656697,0.0655682109374386,256.0,2048.0,0.0,0.0,0.6970000000000001,0.78,0.0,0.0,0.0,0.0,0.0,0.0,0.0
12743,O4M,C,0.7425,0.7405541561712846,0.7230512758463069,0.485,191,403,0,206,31.28375,5.73875,0.7319810606060605,0.0,1.0,1.0,1.0,7.04875,6.0,1.26625,1.3675,0.0,0.9951487247645855,0.2586833873957404,0.6556146029258099,14.935363636363636,0.5948305734100547,0.0,0.0,0.7405541561712846,0.4800082504640886,0.5010577685890808,0.5570922243227894,0.3333333333333333,0.95,0.0,0.5984405458089669,0.5048076923076924,0.5,0.7425,0.26319780819398786,0.5722663989720712,0.15061926191251532,256.0,2048.0,0.0,0.0,0.6970000000000001,0.35875,0.0,0.0,0.0,0.0,0.0,0.0,0.0
12743,O4M,C_style_shift,0.635,0.6054054054054054,0.5473710317460317,0.27,78,430,0,292,31.7075,6.19125,0.635,0.0,1.0,1.0,0.42162162162162165,6.06625,6.0,1.23125,1.23125,0.0,0.9493137820810079,0.11359999999999999,0.4197262931034483,14.642249999999999,,,,,,,,,,,,,,,,,,256.0,2048.0,0.0,0.0,0.6970000000000001,,0.0,0.0,0.0,0.0,0.0,0.0,0.0
12743,O4M,A_after_C,0.61,0.6213592233009708,0.5519301470588236,0.22,50,194,0,156,31.625,6.3725,0.61,1.0,1.0,0.0,0.5102040816326531,6.1725,6.0,1.2525,1.2525,0.0,0.9495172859728336,0.14,0.4437296798029557,15.056999999999999,,,,,,,,,,,,,,,,,,256.0,2048.0,0.0,0.0,0.6970000000000001,,0.0,0.0,0.0,0.0,0.0,0.0,0.0
12743,O4M,B_after_C,0.612,0.6090629800307219,0.5496833856381498,0.224,60,246,6,188,31.604,5.582,0.612,0.898876404494382,0.23076923076923078,0.7125,0.4503311258278146,6.108,6.0,1.356,1.356,0.0,0.9579435762166977,0.14672,0.44618768472906406,13.7288,,,,,,,,,,,,,,,,,,256.0,2048.0,0.0,0.0,0.6970000000000001,,0.0,0.0,0.0,0.0,0.0,0.0,0.0
12743,O4D,A,1.0,1.0,1.0,1.0,206,194,0,0,27.9025,8.4775,1.0,1.0,1.0,1.0,1.0,6.48,6.0,1.0,1.0,0.0,0.9530752971768379,0.5144,0.5007296798029557,15.145,1.0,0.0,0.0,1.0,1.0,0.0,0.8888888955598869,0.3333333333333333,0.95,0.0,1.0,0.0,0.5,1.0,0.352812350401508,0.007937013196843614,0.0028002762811461823,256.0,2048.0,0.0,0.0,0.6970000000000001,0.7675,0.0,0.0,0.0,0.0,0.0,0.0,0.0
12743,O4D,B,0.658,0.6558179723502304,0.6293550778354337,0.316,95,234,18,153,29.096,7.728,0.6653484126984126,0.898876404494382,0.4835164835164835,0.7125,0.4503311258278146,7.344,6.0,1.0,1.752,0.0,0.9629198316335678,0.30236845154095937,0.518987684729064,13.868,0.0,0.2955855383809275,0.0,0.7085253456221199,0.6817076292882744,0.08425497687512591,0.813907758255008,0.3333333333333333,0.95,0.0,0.0,0.08805031446540855,0.44800000000000006,0.658,0.22145196605201245,0.29608321888656697,0.0655682109374386,256.0,2048.0,0.0,0.0,0.6970000000000001,0.78,0.0,0.0,0.0,0.0,0.0,0.0,0.0
12743,O4D,C,0.73375,0.7318692926477114,0.7150382541076132,0.4675,191,396,7,206,29.3275,15.61,0.7319810606060605,0.0,1.0,0.9666666666666667,1.0,7.04875,6.0,1.26625,1.3675,0.0,0.9951487247645855,0.2586833873957404,0.6556146029258099,14.935363636363636,0.5812676613127571,0.0,0.0,0.7318692926477114,0.4800082504640886,0.4843558429694447,0.5570922243227894,0.3333333333333333,0.95,0.0,0.5847953216374269,0.4879807692307693,0.5,0.73375,0.2450601857563219,0.5636044222806368,0.13811700441717734,256.0,2048.0,0.0,0.0,0.8398571428571429,0.35875,640.0,640.0,55.0,110.0,218.0,257.0,1.0
12743,O4D,C_style_shift,0.635,0.6054054054054054,0.5473710317460317,0.27,78,430,0,292,28.73375,10.6225,0.635,0.0,1.0,1.0,0.42162162162162165,6.06625,6.0,1.23125,1.23125,0.0,0.9493137820810079,0.11359999999999999,0.4197262931034483,14.642249999999999,,,,,,,,,,,,,,,,,,256.0,2048.0,0.0,0.0,0.8398571428571429,,640.0,640.0,55.0,110.0,218.0,257.0,1.0
12743,O4D,A_after_C,0.61,0.6213592233009708,0.5519301470588236,0.22,50,194,0,156,28.7625,11.08,0.61,1.0,1.0,0.0,0.5102040816326531,6.1725,6.0,1.2525,1.2525,0.0,0.9495172859728336,0.14,0.4437296798029557,15.056999999999999,,,,,,,,,,,,,,,,,,256.0,2048.0,0.0,0.0,0.8398571428571429,,640.0,640.0,55.0,110.0,218.0,257.0,1.0
12743,O4D,B_after_C,0.612,0.6090629800307219,0.5496833856381498,0.224,60,246,6,188,27.402,11.08,0.612,0.898876404494382,0.23076923076923078,0.7125,0.4503311258278146,6.108,6.0,1.356,1.356,0.0,0.9579435762166977,0.14672,0.44618768472906406,13.7288,,,,,,,,,,,,,,,,,,256.0,2048.0,0.0,0.0,0.8398571428571429,,640.0,640.0,55.0,110.0,218.0,257.0,1.0
12796,O1,A,1.0,1.0,1.0,1.0,216,184,0,0,32.0,23.76,0.0,1.0,1.0,1.0,1.0,0.0,0.0,0.0,0.0,0.0,0.0,0.5,0.0,0.0,0.0,0.0,0.0,1.0,1.0,0.0,0.9999999999999999,0.0,0.97,0.0,0.0,0.0,0.5,1.0,0.2633046061055618,0.007937013196843614,0.0020898521334495536,0.0,0.0,0.0,0.0,0.2277,1.0,0.0,0.0,0.0,0.0,0.0,0.0,0.0
12796,O1,B,0.55,0.5600137778561015,0.5179101727381417,0.1,73,202,39,186,22.122,25.156,0.0,0.9,0.24761904761904763,0.53,0.45161290322580644,0.0,0.0,0.0,0.0,0.0,0.0,0.5,0.0,0.0,0.0,0.0,0.0,0.5600137778561015,0.6358160175587562,0.0,0.2339315490813768,0.0,0.97,0.0,0.0,0.0,0.5,0.55,0.14316800591555226,0.006502965510745311,0.000931016604711017,0.0,0.0,0.0,0.0,0.2277,0.636,0.0,0.0,0.0,0.0,0.0,0.0,0.0
12796,O1,C,0.51625,0.5142227564102564,0.5137816823216611,0.0325,235,178,206,181,22.0775,27.32625,0.0,0.0,1.0,0.0,1.0,0.0,0.0,0.0,0.0,0.0,0.0,0.5,0.0,0.0,0.0,0.0,0.0,0.5142227564102564,0.5142227564102564,0.0,0.00117885641662141,0.0,0.97,0.0,0.0,0.0,0.5,0.51625,0.10666719825497913,0.006367133066708869,0.0006791642451424682,0.0,0.0,0.0,0.0,0.2277,0.51625,0.0,0.0,0.0,0.0,0.0,0.0,0.0
12796,O1,C_style_shift,0.51,0.5100127503187579,0.51,0.02,204,204,198,194,26.9075,23.6625,0.0,0.0,1.0,0.0,1.0,0.0,0.0,0.0,0.0,0.0,0.0,0.5,0.0,0.0,,,,,,,,,,,,,,,,,,0.0,0.0,0.0,0.0,0.2277,,0.0,0.0,0.0,0.0,0.0,0.0,0.0
12796,O1,A_after_C,1.0,1.0,1.0,1.0,216,184,0,0,26.33,23.86,0.0,1.0,1.0,1.0,1.0,0.0,0.0,0.0,0.0,0.0,0.0,0.5,0.0,0.0,,,,,,,,,,,,,,,,,,0.0,0.0,0.0,0.0,0.2277,,0.0,0.0,0.0,0.0,0.0,0.0,0.0
12796,O1,B_after_C,0.636,0.6358160175587562,0.6357144000896704,0.272,166,152,89,93,26.862,23.646,0.0,0.9,0.24761904761904763,0.22,0.9290322580645162,0.0,0.0,0.0,0.0,0.0,0.0,0.5,0.0,0.0,,,,,,,,,,,,,,,,,,0.0,0.0,0.0,0.0,0.2277,,0.0,0.0,0.0,0.0,0.0,0.0,0.0
12796,O3,A,1.0,1.0,1.0,1.0,216,184,0,0,32.0,9.28,0.0,1.0,1.0,1.0,1.0,0.0,0.0,0.0,0.0,0.0,0.0,0.5,0.0,0.0,1.0,0.0,0.0,1.0,1.0,0.0,0.8888888955865089,0.3333333333333333,0.95,0.0,1.0,0.0,0.5,1.0,0.434596817755811,0.007937013196843614,0.003449400677834111,0.0,0.0,0.0,0.0,0.29700000000000004,0.7875,0.0,0.0,0.0,0.0,0.0,0.0,0.0
12796,O3,B,0.742,0.7343837613547157,0.7265083383155457,0.484,245,126,115,14,31.59,13.87,0.0,0.9,0.7523809523809524,0.22,0.9290322580645162,0.0,0.0,0.0,0.0,0.0,0.0,0.5,0.0,0.0,0.0,0.0,0.5822435558243254,0.36418398244124384,0.6358160175587562,0.0,0.7063226805323176,0.3333333333333333,0.95,0.5094339622641509,0.0,0.0,0.878,0.742,0.33327412355474967,0.00866895004595714,0.002889136728706273,0.0,0.0,0.0,0.0,0.29700000000000004,0.742,0.0,0.0,0.0,0.0,0.0,0.0,0.0
12796,O3,C,0.51625,0.5142227564102564,0.5137816823216611,0.0325,235,178,206,181,31.1175,21.755,0.0,0.0,1.0,0.0,1.0,0.0,0.0,0.0,0.0,0.0,0.0,0.5,0.0,0.0,0.1978167383393979,0.0,0.0,0.5142227564102564,0.5142227564102564,0.0,0.5563413439564544,0.3333333333333333,0.95,0.0,0.19206680584551147,0.0,0.5,0.51625,0.2629268652786277,0.006367133066708869,0.0016740903380416583,0.0,0.0,0.0,0.0,0.29700000000000004,0.40125,0.0,0.0,0.0,0.0,0.0,0.0,0.0
12796,O3,C_style_shift,0.51,0.5100127503187579,0.51,0.02,204,204,198,194,31.35625,18.04125,0.0,0.0,1.0,0.0,1.0,0.0,0.0,0.0,0.0,0.0,0.0,0.5,0.0,0.0,,,,,,,,,,,,,,,,,,0.0,0.0,0.0,0.0,0.29700000000000004,,0.0,0.0,0.0,0.0,0.0,0.0,0.0
12796,O3,A_after_C,1.0,1.0,1.0,1.0,216,184,0,0,31.4625,18.7075,0.0,1.0,1.0,1.0,1.0,0.0,0.0,0.0,0.0,0.0,0.0,0.5,0.0,0.0,,,,,,,,,,,,,,,,,,0.0,0.0,0.0,0.0,0.29700000000000004,,0.0,0.0,0.0,0.0,0.0,0.0,0.0
12796,O3,B_after_C,0.636,0.6358160175587562,0.6357144000896704,0.272,166,152,89,93,31.48,18.398,0.0,0.9,0.24761904761904763,0.22,0.9290322580645162,0.0,0.0,0.0,0.0,0.0,0.0,0.5,0.0,0.0,,,,,,,,,,,,,,,,,,0.0,0.0,0.0,0.0,0.29700000000000004,,0.0,0.0,0.0,0.0,0.0,0.0,0.0
12796,O4R,A,1.0,1.0,1.0,1.0,216,184,0,0,32.0,9.2,0.0,1.0,1.0,1.0,1.0,0.0,0.0,0.0,0.0,0.0,0.0,0.5,0.0,0.0,1.0,0.0,0.0,1.0,1.0,0.0,0.8888888955865089,0.3333333333333333,0.95,0.0,1.0,0.0,0.5,1.0,0.434596817755811,0.007937013196843614,0.003449400677834111,0.0,0.0,0.0,0.0,0.29700000000000004,0.7875,0.0,0.0,0.0,0.0,0.0,0.0,0.0
12796,O4R,B,0.742,0.7343837613547157,0.7265083383155457,0.484,245,126,115,14,31.372,11.896,0.0,0.9,0.7523809523809524,0.22,0.9290322580645162,0.0,0.0,0.0,0.0,0.0,0.0,0.5,0.0,0.0,0.0,0.0,0.5822435558243254,0.36418398244124384,0.6358160175587562,0.0,0.7063226805323176,0.3333333333333333,0.95,0.5094339622641509,0.0,0.0,0.878,0.742,0.33327412355474967,0.00866895004595714,0.002889136728706273,0.0,0.0,0.0,0.0,0.29700000000000004,0.742,0.0,0.0,0.0,0.0,0.0,0.0,0.0
12796,O4R,C,0.77375,0.7824519230769231,0.7656195623495667,0.5475,235,384,0,181,31.4125,7.33375,0.0,0.0,1.0,1.0,1.0,0.0,0.0,0.0,0.0,0.0,0.0,0.5,0.0,0.0,0.6407542176645717,0.0,0.5649038461538463,0.5,0.5142227564102564,0.0,0.5563413439564544,0.3333333333333333,0.95,0.3796445880452343,0.6221294363256786,0.0,0.7937500000000001,0.77375,0.38480739700918964,0.008500187446851293,0.0032709350055130358,0.0,0.0,0.0,0.0,0.29700000000000004,0.40125,0.0,0.0,0.0,0.0,0.0,0.0,0.0
12796,O4R,C_style_shift,0.61875,0.6168341708542714,0.551898097219748,0.2375,93,402,0,305,28.73,6.96625,0.0,0.0,1.0,1.0,0.45588235294117646,0.0,0.0,0.0,0.0,0.0,0.0,0.5,0.0,0.0,,,,,,,,,,,,,,,,,,0.0,0.0,0.0,0.0,0.29700000000000004,,0.0,0.0,0.0,0.0,0.0,0.0,0.0
12796,O4R,A_after_C,0.5925,0.6226851851851852,0.5435420298377894,0.185,53,184,0,163,29.2225,7.1725,0.0,1.0,1.0,0.0,0.49074074074074076,0.0,0.0,0.0,0.0,0.0,0.0,0.5,0.0,0.0,,,,,,,,,,,,,,,,,,0.0,0.0,0.0,0.0,0.29700000000000004,,0.0,0.0,0.0,0.0,0.0,0.0,0.0
12796,O4R,B_after_C,0.6,0.6130344927025425,0.5477159656264134,0.2,65,235,6,194,28.962,7.06,0.0,0.9,0.24761904761904763,0.78,0.45161290322580644,0.0,0.0,0.0,0.0,0.0,0.0,0.5,0.0,0.0,,,,,,,,,,,,,,,,,,0.0,0.0,0.0,0.0,0.29700000000000004,,0.0,0.0,0.0,0.0,0.0,0.0,0.0
12796,O4M,A,1.0,1.0,1.0,1.0,216,184,0,0,32.0,9.01,1.0,1.0,1.0,1.0,1.0,5.74,6.0,1.0,1.0,0.0,0.9560737597942353,0.5384,0.5148645320197044,15.8475,1.0,0.0,0.0,1.0,1.0,0.0,0.8888888955865089,0.3333333333333333,0.95,0.0,1.0,0.0,0.5,1.0,0.3528123504047611,0.007937013196843614,0.0028002762811720023,256.0,2048.0,0.0,0.0,0.6970000000000001,0.7875,0.0,0.0,0.0,0.0,0.0,0.0,0.0
12796,O4M,B,0.742,0.7343837613547157,0.7265083383155457,0.484,245,126,115,14,29.108,12.034,0.6726666666666666,0.9,0.7523809523809524,0.22,0.9290322580645162,8.364,6.0,1.0,2.0,0.0,0.9551184896230698,0.4435862792321667,0.5038817733990147,15.092,0.0,0.5256969575603267,0.0,0.853738445024752,0.6358160175587562,0.5983855358085517,0.7063226805323176,0.3333333333333333,0.95,0.0,0.0,0.5989010989010989,0.388,0.742,0.2083053008041414,0.5565844347868404,0.1159394881111758,256.0,2048.0,0.0,0.0,0.6970000000000001,0.742,0.0,0.0,0.0,0.0,0.0,0.0,0.0
12796,O4M,C,0.77375,0.7824519230769231,0.7656195623495667,0.5475,235,384,0,181,28.535,8.68875,0.8426488095238095,0.0,1.0,1.0,1.0,7.345,6.0,1.24125,1.38625,0.0,0.9927421564608813,0.38175730802456764,0.6266666666666666,16.32773214285714,0.6407542176645717,0.40978260869565236,0.0,0.7824519230769231,0.5142227564102564,0.5521649484536084,0.5563413439564544,0.3333333333333333,0.95,0.0,0.6221294363256786,0.5322997416020673,0.5,0.77375,0.26600078373002417,0.5905314826172504,0.15708183719344176,256.0,2048.0,0.0,0.0,0.6970000000000001,0.40125,0.0,0.0,0.0,0.0,0.0,0.0,0.0
12796,O4M,C_style_shift,0.61875,0.6168341708542714,0.551898097219748,0.2375,93,402,0,305,31.88375,6.08125,0.6995833333333334,0.0,1.0,1.0,0.45588235294117646,5.9625,6.0,1.2425,1.2425,0.0,0.9475965625047684,0.21028405414272647,0.39501282840722496,14.6375,,,,,,,,,,,,,,,,,,256.0,2048.0,0.0,0.0,0.6970000000000001,,0.0,0.0,0.0,0.0,0.0,0.0,0.0
12796,O4M,A_after_C,0.5925,0.6226851851851852,0.5435420298377894,0.185,53,184,0,163,31.8675,6.3675,0.51,1.0,1.0,0.0,0.49074074074074076,6.0625,6.0,1.2475,1.2475,0.0,0.9500236254930496,0.22750096300112727,0.4298645320197045,15.6875,,,,,,,,,,,,,,,,,,256.0,2048.0,0.0,0.0,0.6970000000000001,,0.0,0.0,0.0,0.0,0.0,0.0,0.0
12796,O4M,B_after_C,0.6,0.6130344927025425,0.5477159656264134,0.2,65,235,6,194,31.858,6.246,0.5253333333333332,0.9,0.24761904761904763,0.78,0.45161290322580644,5.954,6.0,1.28,1.28,0.0,0.9484289454221726,0.24714268345408322,0.4105484400656815,14.905333333333333,,,,,,,,,,,,,,,,,,256.0,2048.0,0.0,0.0,0.6970000000000001,,0.0,0.0,0.0,0.0,0.0,0.0,0.0
12796,O4D,A,1.0,1.0,1.0,1.0,216,184,0,0,32.0,9.01,1.0,1.0,1.0,1.0,1.0,5.74,6.0,1.0,1.0,0.0,0.9560737597942353,0.5384,0.5148645320197044,15.8475,1.0,0.0,0.0,1.0,1.0,0.0,0.8888888955865089,0.3333333333333333,0.95,0.0,1.0,0.0,0.5,1.0,0.3528123504047611,0.007937013196843614,0.0028002762811720023,256.0,2048.0,0.0,0.0,0.6970000000000001,0.7875,0.0,0.0,0.0,0.0,0.0,0.0,0.0
12796,O4D,B,0.742,0.7343837613547157,0.7265083383155457,0.484,245,126,115,14,29.108,12.034,0.6726666666666666,0.9,0.7523809523809524,0.22,0.9290322580645162,8.364,6.0,1.0,2.0,0.0,0.9551184896230698,0.4435862792321667,0.5038817733990147,15.092,0.0,0.5256969575603267,0.0,0.853738445024752,0.6358160175587562,0.5983855358085517,0.7063226805323176,0.3333333333333333,0.95,0.0,0.0,0.5989010989010989,0.388,0.742,0.2083053008041414,0.5565844347868404,0.1159394881111758,256.0,2048.0,0.0,0.0,0.6970000000000001,0.742,0.0,0.0,0.0,0.0,0.0,0.0,0.0
12796,O4D,C,0.77375,0.7824519230769231,0.7656195623495667,0.5475,235,384,0,181,31.56125,7.11125,0.8426488095238095,0.0,1.0,1.0,1.0,7.345,6.0,1.24125,1.38625,0.0,0.9927421564608813,0.38175730802456764,0.6266666666666666,16.32773214285714,0.6407542176645717,0.0,0.0,0.7824519230769231,0.5142227564102564,0.5521649484536084,0.5563413439564544,0.3333333333333333,0.95,0.0,0.6221294363256786,0.5322997416020673,0.5,0.77375,0.24924904975873982,0.5905314826172504,0.14718941089496945,256.0,2048.0,0.0,0.0,0.8398571428571429,0.40125,640.0,640.0,97.0,129.0,195.0,219.0,1.0
12796,O4D,C_style_shift,0.61875,0.6168341708542714,0.551898097219748,0.2375,93,402,0,305,31.88375,6.9675,0.6995833333333334,0.0,1.0,1.0,0.45588235294117646,5.9625,6.0,1.2425,1.2425,0.0,0.9475965625047684,0.21028405414272647,0.39501282840722496,14.6375,,,,,,,,,,,,,,,,,,256.0,2048.0,0.0,0.0,0.8398571428571429,,640.0,640.0,97.0,129.0,195.0,219.0,1.0
12796,O4D,A_after_C,0.5925,0.6226851851851852,0.5435420298377894,0.185,53,184,0,163,31.8675,7.16,0.51,1.0,1.0,0.0,0.49074074074074076,6.0625,6.0,1.2475,1.2475,0.0,0.9500236254930496,0.22750096300112727,0.4298645320197045,15.6875,,,,,,,,,,,,,,,,,,256.0,2048.0,0.0,0.0,0.8398571428571429,,640.0,640.0,97.0,129.0,195.0,219.0,1.0
12796,O4D,B_after_C,0.6,0.6130344927025425,0.5477159656264134,0.2,65,235,6,194,31.858,7.058,0.5253333333333332,0.9,0.24761904761904763,0.78,0.45161290322580644,5.954,6.0,1.28,1.28,0.0,0.9484289454221726,0.24714268345408322,0.4105484400656815,14.905333333333333,,,,,,,,,,,,,,,,,,256.0,2048.0,0.0,0.0,0.8398571428571429,,640.0,640.0,97.0,129.0,195.0,219.0,1.0
12849,O1,A,1.0,1.0,1.0,1.0,207,193,0,0,32.0,23.8275,0.0,1.0,1.0,1.0,1.0,0.0,0.0,0.0,0.0,0.0,0.0,0.5,0.0,0.0,0.0,0.0,0.0,1.0,1.0,0.0,0.9999999999999999,0.0,0.97,0.0,0.0,0.0,0.5,1.0,0.2633046061055618,0.007937013196843614,0.0020898521334495536,0.0,0.0,0.0,0.0,0.2277,1.0,0.0,0.0,0.0,0.0,0.0,0.0,0.0
12849,O1,B,0.492,0.5,0.3297587131367292,-0.016,0,246,0,254,21.468,27.322,0.0,0.9161290322580645,0.21978021978021978,0.7525773195876289,0.07006369426751592,0.0,0.0,0.0,0.0,0.0,0.0,0.5,0.0,0.0,0.0,0.0,0.0,0.5895109147941873,0.6639139619742654,0.0,0.3131863870841637,0.0,0.97,0.0,0.0,0.0,0.406,0.492,0.15559693021709123,0.005845626048434923,0.0009095614683335395,0.0,0.0,0.0,0.0,0.2277,0.664,0.0,0.0,0.0,0.0,0.0,0.0,0.0
12849,O1,C,0.485,0.48484393757503,0.484842232933836,-0.03,187,201,207,205,19.8975,28.4775,0.0,0.0,1.0,0.0,1.0,0.0,0.0,0.0,0.0,0.0,0.0,0.5,0.0,0.0,0.0,0.0,0.0,0.48484393757503,0.48484393757503,0.0,0.0013255147917948795,0.0,0.97,0.0,0.0,0.0,0.5,0.485,0.10669019755557897,0.006235976965594071,0.0006653176144112713,0.0,0.0,0.0,0.0,0.2277,0.485,0.0,0.0,0.0,0.0,0.0,0.0,0.0
12849,O1,C_style_shift,0.50375,0.49728544711938405,0.47101843940446264,0.0075,102,301,110,287,20.9375,27.8075,0.0,0.0,1.0,0.5089285714285714,0.5425531914893617,0.0,0.0,0.0,0.0,0.0,0.0,0.5,0.0,0.0,,,,,,,,,,,,,,,,,,0.0,0.0,0.0,0.0,0.2277,,0.0,0.0,0.0,0.0,0.0,0.0,0.0
12849,O1,A_after_C,0.73,0.7391304347826086,0.7142176708740177,0.46,99,193,0,108,20.9375,27.805,0.0,1.0,1.0,0.5086206896551724,0.43956043956043955,0.0,0.0,0.0,0.0,0.0,0.0,0.5,0.0,0.0,,,,,,,,,,,,,,,,,,0.0,0.0,0.0,0.0,0.2277,,0.0,0.0,0.0,0.0,0.0,0.0,0.0
12849,O1,B_after_C,0.586,0.5895109147941873,0.5669003033790145,0.172,94,199,47,160,21.034,27.782,0.0,0.9161290322580645,0.21978021978021978,0.4742268041237113,0.5414012738853503,0.0,0.0,0.0,0.0,0.0,0.0,0.5,0.0,0.0,,,,,,,,,,,,,,,,,,0.0,0.0,0.0,0.0,0.2277,,0.0,0.0,0.0,0.0,0.0,0.0,0.0
12849,O3,A,1.0,1.0,1.0,1.0,207,193,0,0,32.0,8.16,0.0,1.0,1.0,1.0,1.0,0.0,0.0,0.0,0.0,0.0,0.0,0.5,0.0,0.0,1.0,0.0,0.0,1.0,1.0,0.0,0.8888888955614528,0.3333333333333333,0.95,0.0,1.0,0.0,0.5,1.0,0.4345968177520394,0.007937013196843614,0.0034494006778041757,0.0,0.0,0.0,0.0,0.29700000000000004,0.745,0.0,0.0,0.0,0.0,0.0,0.0,0.0
12849,O3,B,0.766,0.7630273349977594,0.7564519419314818,0.532,241,142,104,13,31.368,9.402,0.0,0.9161290322580645,0.7802197802197802,0.24742268041237114,0.9299363057324841,0.0,0.0,0.0,0.0,0.0,0.0,0.5,0.0,0.0,0.0,0.0,0.643067206633883,0.3360860380257346,0.6639139619742654,0.0,0.7545700674681948,0.3333333333333333,0.95,0.5613577023498695,0.0,0.0,0.9299999999999999,0.766,0.34835230236569814,0.008931085575915092,0.0031111642229950994,0.0,0.0,0.0,0.0,0.29700000000000004,0.766,0.0,0.0,0.0,0.0,0.0,0.0,0.0
12849,O3,C,0.485,0.48484393757503,0.484842232933836,-0.03,187,201,207,205,31.4975,21.39625,0.0,0.0,1.0,0.0,1.0,0.0,0.0,0.0,0.0,0.0,0.0,0.5,0.0,0.0,0.19372137628684385,0.0,0.0,0.5,0.48484393757503,0.02942033207107483,0.5564390855705116,0.3333333333333333,0.95,0.0,0.19688109161793368,0.04854368932038839,0.475,0.485,0.26366624427395086,0.2236280591791986,0.058963170478052114,0.0,0.0,0.0,0.0,0.29700000000000004,0.35875,0.0,0.0,0.0,0.0,0.0,0.0,0.0
12849,O3,C_style_shift,0.50375,0.49728544711938405,0.47101843940446264,0.0075,102,301,110,287,31.5325,19.46,0.0,0.0,1.0,0.5089285714285714,0.5425531914893617,0.0,0.0,0.0,0.0,0.0,0.0,0.5,0.0,0.0,,,,,,,,,,,,,,,,,,0.0,0.0,0.0,0.0,0.29700000000000004,,0.0,0.0,0.0,0.0,0.0,0.0,0.0
12849,O3,A_after_C,0.73,0.7391304347826086,0.7142176708740177,0.46,99,193,0,108,31.49,19.05,0.0,1.0,1.0,0.5086206896551724,0.43956043956043955,0.0,0.0,0.0,0.0,0.0,0.0,0.5,0.0,0.0,,,,,,,,,,,,,,,,,,0.0,0.0,0.0,0.0,0.29700000000000004,,0.0,0.0,0.0,0.0,0.0,0.0,0.0
12849,O3,B_after_C,0.586,0.5895109147941873,0.5669003033790145,0.172,94,199,47,160,31.636,20.772,0.0,0.9161290322580645,0.21978021978021978,0.4742268041237113,0.5414012738853503,0.0,0.0,0.0,0.0,0.0,0.0,0.5,0.0,0.0,,,,,,,,,,,,,,,,,,0.0,0.0,0.0,0.0,0.29700000000000004,,0.0,0.0,0.0,0.0,0.0,0.0,0.0
12849,O4R,A,1.0,1.0,1.0,1.0,207,193,0,0,32.0,8.1725,0.0,1.0,1.0,1.0,1.0,0.0,0.0,0.0,0.0,0.0,0.0,0.5,0.0,0.0,1.0,0.0,0.0,1.0,1.0,0.0,0.8888888955614528,0.3333333333333333,0.95,0.0,1.0,0.0,0.5,1.0,0.4345968177520394,0.007937013196843614,0.0034494006778041757,0.0,0.0,0.0,0.0,0.29700000000000004,0.745,0.0,0.0,0.0,0.0,0.0,0.0,0.0
12849,O4R,B,0.81,0.8083189296459894,0.8073170830645914,0.62,232,173,73,22,30.502,9.878,0.0,0.9161290322580645,0.7802197802197802,0.4742268041237113,0.9299363057324841,0.0,0.0,0.0,0.0,0.0,0.0,0.5,0.0,0.0,0.1911258188694537,0.0,0.7112862790473437,0.3360860380257346,0.6639139619742654,0.0,0.7545700674681948,0.3333333333333333,0.95,0.5851851851851851,0.1880341880341882,0.0,0.974,0.81,0.38024261099592854,0.00924020598230632,0.0035135200488523536,0.0,0.0,0.0,0.0,0.29700000000000004,0.766,0.0,0.0,0.0,0.0,0.0,0.0,0.0
12849,O4R,C,0.485,0.48484393757503,0.484842232933836,-0.03,187,201,207,205,31.4975,20.99625,0.0,0.0,1.0,0.0,1.0,0.0,0.0,0.0,0.0,0.0,0.0,0.5,0.0,0.0,0.19372137628684385,0.0,0.0,0.5,0.48484393757503,0.02942033207107483,0.5564390855705116,0.3333333333333333,0.95,0.0,0.19688109161793368,0.04854368932038839,0.475,0.485,0.26366624427395086,0.2236280591791986,0.058963170478052114,0.0,0.0,0.0,0.0,0.29700000000000004,0.35875,0.0,0.0,0.0,0.0,0.0,0.0,0.0
12849,O4R,C_style_shift,0.51375,0.5,0.3393889347646573,0.0275,0,411,0,389,31.5325,18.24125,0.0,0.0,1.0,1.0,0.0,0.0,0.0,0.0,0.0,0.0,0.0,0.5,0.0,0.0,,,,,,,,,,,,,,,,,,0.0,0.0,0.0,0.0,0.29700000000000004,,0.0,0.0,0.0,0.0,0.0,0.0,0.0
12849,O4R,A_after_C,0.4825,0.5,0.3254637436762226,-0.035,0,193,0,207,31.49,17.7575,0.0,1.0,1.0,0.0,0.0,0.0,0.0,0.0,0.0,0.0,0.0,0.5,0.0,0.0,,,,,,,,,,,,,,,,,,0.0,0.0,0.0,0.0,0.29700000000000004,,0.0,0.0,0.0,0.0,0.0,0.0,0.0
12849,O4R,B_after_C,0.492,0.5,0.3297587131367292,-0.016,0,246,0,254,31.636,19.308,0.0,0.9161290322580645,0.21978021978021978,0.7525773195876289,0.07006369426751592,0.0,0.0,0.0,0.0,0.0,0.0,0.5,0.0,0.0,,,,,,,,,,,,,,,,,,0.0,0.0,0.0,0.0,0.29700000000000004,,0.0,0.0,0.0,0.0,0.0,0.0,0.0
12849,O4M,A,1.0,1.0,1.0,1.0,207,193,0,0,32.0,7.8175,1.0,1.0,1.0,1.0,1.0,6.8975,6.0,1.0,1.0,0.0,0.9520842009782791,0.5168,0.4721551724137931,15.19,1.0,0.0,0.0,1.0,1.0,0.0,0.8888888955614528,0.3333333333333333,0.95,0.0,1.0,0.0,0.5,1.0,0.3528123504016993,0.007937013196843614,0.0028002762811477006,256.0,2048.0,0.0,0.0,0.6970000000000001,0.745,0.0,0.0,0.0,0.0,0.0,0.0,0.0
12849,O4M,B,0.766,0.7630273349977594,0.7564519419314818,0.532,241,142,104,13,30.408,8.12,0.6957142857142856,0.9161290322580645,0.7802197802197802,0.24742268041237114,0.9299363057324841,7.952,6.0,1.0,1.926,0.0,0.9634976756572723,0.4640223773799223,0.5490492610837437,15.12,0.0,0.0,0.0,0.7630273349977594,0.6639139619742654,0.29490476190476184,0.7545700674681948,0.3333333333333333,0.95,0.0,0.0,0.30357142857142855,0.5,0.766,0.21420102778186803,0.488076066014197,0.10454639497597187,256.0,2048.0,0.0,0.0,0.6970000000000001,0.766,0.0,0.0,0.0,0.0,0.0,0.0,0.0
12849,O4M,C,0.74,0.73484393757503,0.7191447417279351,0.48,187,405,3,205,31.75,19.2675,0.7920184884559884,0.0,1.0,0.9855072463768116,1.0,7.135,6.0,1.28125,1.4675,0.0,0.9965478401631117,0.323500366296034,0.6810575757575758,14.68849936868687,0.5850001957176967,0.4852898339644624,0.0,0.7385204081632653,0.48484393757503,0.49242644916982214,0.5564390855705116,0.3333333333333333,0.95,0.0,0.594541910331384,0.5024271844660195,0.49624999999999997,0.74,0.26264159116695635,0.5692930716657947,0.14952003818262843,256.0,2048.0,0.0,0.0,0.6970000000000001,0.35875,0.0,0.0,0.0,0.0,0.0,0.0,0.0
12849,O4M,C_style_shift,0.64125,0.6311053984575835,0.5783434554166154,0.2825,102,411,0,287,31.8,17.96625,0.6692083333333333,0.0,1.0,1.0,0.5425531914893617,6.55625,6.0,1.25125,1.5125,0.0,0.9527418530732393,0.20906589862835354,0.47379248768472904,15.13625,,,,,,,,,,,,,,,,,,256.0,2048.0,0.0,0.0,0.6970000000000001,,0.0,0.0,0.0,0.0,0.0,0.0,0.0
12849,O4M,A_after_C,0.5825,0.5966183574879227,0.5109487447928487,0.165,40,193,0,167,31.78,17.615,0.5128333333333334,1.0,1.0,0.0,0.43956043956043955,6.5275,6.0,1.2275,1.4725,0.0,0.9503586213290691,0.17981688558114337,0.4506551724137931,15.141999999999998,,,,,,,,,,,,,,,,,,256.0,2048.0,0.0,0.0,0.6970000000000001,,0.0,0.0,0.0,0.0,0.0,0.0,0.0
12849,O4M,B_after_C,0.64,0.6453492093976058,0.5977761490194676,0.28,79,241,5,175,31.852,19.116,0.5983999999999998,0.9161290322580645,0.21978021978021978,0.7525773195876289,0.5414012738853503,6.574,6.0,1.31,1.586,0.0,0.9611761428117752,0.25520695662106785,0.5154492610837439,15.0632,,,,,,,,,,,,,,,,,,256.0,2048.0,0.0,0.0,0.6970000000000001,,0.0,0.0,0.0,0.0,0.0,0.0,0.0
12849,O4D,A,1.0,1.0,1.0,1.0,207,193,0,0,32.0,7.8175,1.0,1.0,1.0,1.0,1.0,6.8975,6.0,1.0,1.0,0.0,0.9520842009782791,0.5168,0.4721551724137931,15.19,1.0,0.0,0.0,1.0,1.0,0.0,0.8888888955614528,0.3333333333333333,0.95,0.0,1.0,0.0,0.5,1.0,0.3528123504016993,0.007937013196843614,0.0028002762811477006,256.0,2048.0,0.0,0.0,0.6970000000000001,0.745,0.0,0.0,0.0,0.0,0.0,0.0,0.0
12849,O4D,B,0.766,0.7630273349977594,0.7564519419314818,0.532,241,142,104,13,30.408,8.12,0.6957142857142856,0.9161290322580645,0.7802197802197802,0.24742268041237114,0.9299363057324841,7.952,6.0,1.0,1.926,0.0,0.9634976756572723,0.4640223773799223,0.5490492610837437,15.12,0.0,0.0,0.0,0.7630273349977594,0.6639139619742654,0.29490476190476184,0.7545700674681948,0.3333333333333333,0.95,0.0,0.0,0.30357142857142855,0.5,0.766,0.21420102778186803,0.488076066014197,0.10454639497597187,256.0,2048.0,0.0,0.0,0.6970000000000001,0.766,0.0,0.0,0.0,0.0,0.0,0.0,0.0
12849,O4D,C,0.74125,0.7360694277711084,0.720288697197313,0.4825,187,406,2,205,31.75,19.995,0.7920184884559884,0.0,1.0,0.9903381642512077,1.0,7.135,6.0,1.28125,1.4675,0.0,0.9965478401631117,0.323500366296034,0.6810575757575758,14.68849936868687,0.5869182291462792,0.4876687056995823,0.0,0.7385204081632653,0.48484393757503,0.49242644916982214,0.5564390855705116,0.3333333333333333,0.95,0.0,0.5964912280701754,0.5024271844660195,0.49749999999999994,0.74125,0.2463246079125684,0.5700913016994708,0.1404275163654879,256.0,2048.0,0.0,0.0,0.8398571428571429,0.35875,640.0,640.0,75.0,101.0,211.0,253.0,1.0
12849,O4D,C_style_shift,0.64125,0.6311053984575835,0.5783434554166154,0.2825,102,411,0,287,31.8,18.46875,0.6692083333333333,0.0,1.0,1.0,0.5425531914893617,6.55625,6.0,1.25125,1.5125,0.0,0.9527418530732393,0.20906589862835354,0.47379248768472904,15.13625,,,,,,,,,,,,,,,,,,256.0,2048.0,0.0,0.0,0.8398571428571429,,640.0,640.0,75.0,101.0,211.0,253.0,1.0
12849,O4D,A_after_C,0.5825,0.5966183574879227,0.5109487447928487,0.165,40,193,0,167,31.78,18.07,0.5128333333333334,1.0,1.0,0.0,0.43956043956043955,6.5275,6.0,1.2275,1.4725,0.0,0.9503586213290691,0.17981688558114337,0.4506551724137931,15.141999999999998,,,,,,,,,,,,,,,,,,256.0,2048.0,0.0,0.0,0.8398571428571429,,640.0,640.0,75.0,101.0,211.0,253.0,1.0
12849,O4D,B_after_C,0.64,0.6453492093976058,0.5977761490194676,0.28,79,241,5,175,31.852,19.736,0.5983999999999998,0.9161290322580645,0.21978021978021978,0.7525773195876289,0.5414012738853503,6.574,6.0,1.31,1.586,0.0,0.9611761428117752,0.25520695662106785,0.5154492610837439,15.0632,,,,,,,,,,,,,,,,,,256.0,2048.0,0.0,0.0,0.8398571428571429,,640.0,640.0,75.0,101.0,211.0,253.0,1.0
12902,O1,A,1.0,1.0,1.0,1.0,198,202,0,0,32.0,24.515,0.0,1.0,1.0,1.0,1.0,0.0,0.0,0.0,0.0,0.0,0.0,0.5,0.0,0.0,0.0,0.0,0.0,1.0,1.0,0.0,0.9999999999999999,0.0,0.97,0.0,0.0,0.0,0.5,1.0,0.2633046061055618,0.007937013196843614,0.0020898521334495536,0.0,0.0,0.0,0.0,0.2277,1.0,0.0,0.0,0.0,0.0,0.0,0.0,0.0
12902,O1,B,0.63,0.6295919511687147,0.6295717849834408,0.26,149,166,93,92,18.632,29.962,0.0,0.910828025477707,0.22772277227722773,0.22,0.8943661971830986,0.0,0.0,0.0,0.0,0.0,0.0,0.5,0.0,0.0,0.0,0.0,0.0,0.6295919511687147,0.6295919511687147,0.0,0.22149316138361697,0.0,0.97,0.0,0.0,0.0,0.5,0.63,0.141217389612189,0.00680410025206099,0.0009608572762556902,0.0,0.0,0.0,0.0,0.2277,0.63,0.0,0.0,0.0,0.0,0.0,0.0,0.0
12902,O1,C,0.48,0.47997449936248404,0.47997074835459497,-0.04,189,195,207,209,21.94,31.495,0.0,0.0,1.0,0.0,1.0,0.0,0.0,0.0,0.0,0.0,0.0,0.5,0.0,0.0,0.0,0.0,0.0,0.47997449936248404,0.47997449936248404,0.0,0.0023137033238322946,0.0,0.97,0.0,0.0,0.0,0.5,0.48,0.10684516753305733,0.006214473470482215,0.0006639864590834124,0.0,0.0,0.0,0.0,0.2277,0.48,0.0,0.0,0.0,0.0,0.0,0.0,0.0
12902,O1,C_style_shift,0.48,0.48078431372549024,0.479840701214747,-0.04,185,199,226,190,25.2325,30.22,0.0,0.0,1.0,0.0,1.0,0.0,0.0,0.0,0.0,0.0,0.0,0.5,0.0,0.0,,,,,,,,,,,,,,,,,,0.0,0.0,0.0,0.0,0.2277,,0.0,0.0,0.0,0.0,0.0,0.0,0.0
12902,O1,A_after_C,1.0,1.0,1.0,1.0,198,202,0,0,24.97,30.2575,0.0,1.0,1.0,1.0,1.0,0.0,0.0,0.0,0.0,0.0,0.0,0.5,0.0,0.0,,,,,,,,,,,,,,,,,,0.0,0.0,0.0,0.0,0.2277,,0.0,0.0,0.0,0.0,0.0,0.0,0.0
12902,O1,B_after_C,0.63,0.6295919511687147,0.6295717849834408,0.26,149,166,93,92,24.944,30.234,0.0,0.910828025477707,0.22772277227722773,0.22,0.8943661971830986,0.0,0.0,0.0,0.0,0.0,0.0,0.5,0.0,0.0,,,,,,,,,,,,,,,,,,0.0,0.0,0.0,0.0,0.2277,,0.0,0.0,0.0,0.0,0.0,0.0,0.0
12902,O3,A,1.0,1.0,1.0,1.0,198,202,0,0,32.0,7.975,0.0,1.0,1.0,1.0,1.0,0.0,0.0,0.0,0.0,0.0,0.0,0.5,0.0,0.0,1.0,0.0,0.0,1.0,1.0,0.0,0.8888888955560363,0.3333333333333333,0.95,0.0,1.0,0.0,0.5,1.0,0.4345968177512241,0.007937013196843614,0.0034494006777977047,0.0,0.0,0.0,0.0,0.29700000000000004,0.775,0.0,0.0,0.0,0.0,0.0,0.0,0.0
12902,O3,B,0.74,0.7470161329082491,0.7324486301369864,0.48,227,143,116,14,31.706,7.692,0.0,0.910828025477707,0.7722772277227723,0.22,0.8943661971830986,0.0,0.0,0.0,0.0,0.0,0.0,0.5,0.0,0.0,0.0,0.0,0.4940322658164982,0.5,0.6295919511687147,0.0,0.6986022806157499,0.3333333333333333,0.95,0.34864864864864864,0.0,0.0,0.758,0.74,0.3079099357408774,0.008247089260280968,0.002539360724182393,0.0,0.0,0.0,0.0,0.29700000000000004,0.74,0.0,0.0,0.0,0.0,0.0,0.0,0.0
12902,O3,C,0.48,0.47997449936248404,0.47997074835459497,-0.04,189,195,207,209,30.345,26.445,0.0,0.0,1.0,0.0,1.0,0.0,0.0,0.0,0.0,0.0,0.0,0.5,0.0,0.0,0.18514891241540735,0.0,0.0,0.47997449936248404,0.47997449936248404,0.0,0.5570975778193666,0.3333333333333333,0.95,0.0,0.18590998043052834,0.0,0.5,0.48,0.2621139455528721,0.006214473470482215,0.0016289001608817432,0.0,0.0,0.0,0.0,0.29700000000000004,0.36125,0.0,0.0,0.0,0.0,0.0,0.0,0.0
12902,O3,C_style_shift,0.62875,0.6207843137254903,0.6181973322020662,0.2575,185,318,107,190,31.25875,22.77375,0.0,0.0,1.0,0.5265486725663717,1.0,0.0,0.0,0.0,0.0,0.0,0.0,0.5,0.0,0.0,,,,,,,,,,,,,,,,,,0.0,0.0,0.0,0.0,0.29700000000000004,,0.0,0.0,0.0,0.0,0.0,0.0,0.0
12902,O3,A_after_C,0.8675,0.8661616161616161,0.8647536538841858,0.735,145,202,0,53,31.2475,23.0525,0.0,1.0,1.0,0.47,1.0,0.0,0.0,0.0,0.0,0.0,0.0,0.5,0.0,0.0,,,,,,,,,,,,,,,,,,0.0,0.0,0.0,0.0,0.29700000000000004,,0.0,0.0,0.0,0.0,0.0,0.0,0.0
12902,O3,B_after_C,0.704,0.7002995882663932,0.6990695555989329,0.408,144,208,51,97,31.25,23.486,0.0,0.910828025477707,0.22772277227722773,0.59,0.8943661971830986,0.0,0.0,0.0,0.0,0.0,0.0,0.5,0.0,0.0,,,,,,,,,,,,,,,,,,0.0,0.0,0.0,0.0,0.29700000000000004,,0.0,0.0,0.0,0.0,0.0,0.0,0.0
12902,O4R,A,1.0,1.0,1.0,1.0,198,202,0,0,32.0,7.81,0.0,1.0,1.0,1.0,1.0,0.0,0.0,0.0,0.0,0.0,0.0,0.5,0.0,0.0,1.0,0.0,0.0,1.0,1.0,0.0,0.8888888955560363,0.3333333333333333,0.95,0.0,1.0,0.0,0.5,1.0,0.4345968177512241,0.007937013196843614,0.0034494006777977047,0.0,0.0,0.0,0.0,0.29700000000000004,0.775,0.0,0.0,0.0,0.0,0.0,0.0,0.0
12902,O4R,B,0.74,0.7470161329082491,0.7324486301369864,0.48,227,143,116,14,31.496,9.198,0.0,0.910828025477707,0.7722772277227723,0.22,0.8943661971830986,0.0,0.0,0.0,0.0,0.0,0.0,0.5,0.0,0.0,0.0,0.0,0.4940322658164982,0.5,0.6295919511687147,0.0,0.6986022806157499,0.3333333333333333,0.95,0.34864864864864864,0.0,0.0,0.758,0.74,0.3079099357408774,0.008247089260280968,0.002539360724182393,0.0,0.0,0.0,0.0,0.29700000000000004,0.74,0.0,0.0,0.0,0.0,0.0,0.0,0.0
12902,O4R,C,0.48,0.47997449936248404,0.47997074835459497,-0.04,189,195,207,209,32.0,19.96375,0.0,0.0,1.0,0.0,1.0,0.0,0.0,0.0,0.0,0.0,0.0,0.5,0.0,0.0,0.18514891241540735,0.0,0.0,0.47997449936248404,0.47997449936248404,0.0,0.5570975778193666,0.3333333333333333,0.95,0.0,0.18590998043052834,0.0,0.5,0.48,0.2621139455528721,0.006214473470482215,0.0016289001608817432,0.0,0.0,0.0,0.0,0.29700000000000004,0.36125,0.0,0.0,0.0,0.0,0.0,0.0,0.0
12902,O4R,C_style_shift,0.48,0.48078431372549024,0.479840701214747,-0.04,185,199,226,190,32.0,16.84375,0.0,0.0,1.0,0.0,1.0,0.0,0.0,0.0,0.0,0.0,0.0,0.5,0.0,0.0,,,,,,,,,,,,,,,,,,0.0,0.0,0.0,0.0,0.29700000000000004,,0.0,0.0,0.0,0.0,0.0,0.0,0.0
12902,O4R,A_after_C,1.0,1.0,1.0,1.0,198,202,0,0,32.0,17.07,0.0,1.0,1.0,1.0,1.0,0.0,0.0,0.0,0.0,0.0,0.0,0.5,0.0,0.0,,,,,,,,,,,,,,,,,,0.0,0.0,0.0,0.0,0.29700000000000004,,0.0,0.0,0.0,0.0,0.0,0.0,0.0
12902,O4R,B_after_C,0.63,0.6295919511687147,0.6295717849834408,0.26,149,166,93,92,32.0,17.326,0.0,0.910828025477707,0.22772277227722773,0.22,0.8943661971830986,0.0,0.0,0.0,0.0,0.0,0.0,0.5,0.0,0.0,,,,,,,,,,,,,,,,,,0.0,0.0,0.0,0.0,0.29700000000000004,,0.0,0.0,0.0,0.0,0.0,0.0,0.0
12902,O4M,A,1.0,1.0,1.0,1.0,198,202,0,0,31.125,7.9275,1.0,1.0,1.0,1.0,1.0,6.185,6.0,1.0,1.0,0.0,0.9563446946442127,0.4952,0.5008374384236453,14.675,1.0,0.0,0.0,1.0,1.0,0.0,0.8888888955560363,0.3333333333333333,0.95,0.0,1.0,0.0,0.5,1.0,0.3528123504010374,0.007937013196843614,0.0028002762811424474,256.0,2048.0,0.0,0.0,0.6970000000000001,0.775,0.0,0.0,0.0,0.0,0.0,0.0,0.0
12902,O4M,B,0.662,0.6521171438183886,0.6290589510928494,0.324,91,240,19,150,29.696,9.546,0.6043532467532469,0.910828025477707,0.43564356435643564,0.78,0.4647887323943662,6.872,6.0,1.0,1.62,0.0,0.9598157620429992,0.2589739907641015,0.4996231527093596,14.422,0.0,0.0,0.0,0.6521171438183886,0.6295919511687147,0.060811833654116264,0.6986022806157499,0.3333333333333333,0.95,0.0,0.0,0.11052631578947378,0.5,0.662,0.20736188452902907,0.3319706691293299,0.06883806355902061,256.0,2048.0,0.0,0.0,0.6970000000000001,0.74,0.0,0.0,0.0,0.0,0.0,0.0,0.0
12902,O4M,C,0.73875,0.7374371859296482,0.7188172160549988,0.4775,189,402,0,209,31.5125,18.10375,0.7308073593073593,0.0,1.0,1.0,1.0,7.04125,6.0,1.28125,1.51625,0.0,0.9998850780725479,0.2535018843108686,0.75625,14.7675,0.5885786478889792,0.4950962717242374,0.0,0.7374371859296482,0.47997449936248404,0.4950962717242374,0.5570975778193666,0.3333333333333333,0.95,0.0,0.5909980430528377,0.4975961538461539,0.5,0.73875,0.26228900454032683,0.5685678266362216,0.1491290892620717,256.0,2048.0,0.0,0.0,0.6970000000000001,0.36125,0.0,0.0,0.0,0.0,0.0,0.0,0.0
12902,O4M,C_style_shift,0.6525,0.6293333333333333,0.5822815242216612,0.305,97,425,0,278,31.62625,14.23875,0.6525,0.0,1.0,1.0,0.5243243243243243,5.76,6.0,1.2375,1.74125,0.0,0.954090028628707,0.1364,0.4705372536945812,15.105,,,,,,,,,,,,,,,,,,256.0,2048.0,0.0,0.0,0.6970000000000001,,0.0,0.0,0.0,0.0,0.0,0.0,0.0
12902,O4M,A_after_C,0.635,0.6313131313131313,0.5752727272727273,0.27,52,202,0,146,31.675,14.1875,0.635,1.0,1.0,0.0,0.5306122448979592,5.755,6.0,1.28,1.7825,0.0,0.9563952040672302,0.1448,0.5008374384236453,14.675,,,,,,,,,,,,,,,,,,256.0,2048.0,0.0,0.0,0.6970000000000001,,0.0,0.0,0.0,0.0,0.0,0.0,0.0
12902,O4M,B_after_C,0.62,0.6068184366939554,0.5526548755909664,0.24,58,252,7,183,31.708,14.072,0.62,0.910828025477707,0.22772277227722773,0.78,0.4647887323943662,5.76,6.0,1.314,1.806,0.0,0.9599264718294144,0.14479999999999998,0.4996231527093596,14.422,,,,,,,,,,,,,,,,,,256.0,2048.0,0.0,0.0,0.6970000000000001,,0.0,0.0,0.0,0.0,0.0,0.0,0.0
12902,O4D,A,1.0,1.0,1.0,1.0,198,202,0,0,31.125,7.9275,1.0,1.0,1.0,1.0,1.0,6.185,6.0,1.0,1.0,0.0,0.9563446946442127,0.4952,0.5008374384236453,14.675,1.0,0.0,0.0,1.0,1.0,0.0,0.8888888955560363,0.3333333333333333,0.95,0.0,1.0,0.0,0.5,1.0,0.3528123504010374,0.007937013196843614,0.0028002762811424474,256.0,2048.0,0.0,0.0,0.6970000000000001,0.775,0.0,0.0,0.0,0.0,0.0,0.0,0.0
12902,O4D,B,0.662,0.6521171438183886,0.6290589510928494,0.324,91,240,19,150,29.696,9.546,0.6043532467532469,0.910828025477707,0.43564356435643564,0.78,0.4647887323943662,6.872,6.0,1.0,1.62,0.0,0.9598157620429992,0.2589739907641015,0.4996231527093596,14.422,0.0,0.0,0.0,0.6521171438183886,0.6295919511687147,0.060811833654116264,0.6986022806157499,0.3333333333333333,0.95,0.0,0.0,0.11052631578947378,0.5,0.662,0.20736188452902907,0.3319706691293299,0.06883806355902061,256.0,2048.0,0.0,0.0,0.6970000000000001,0.74,0.0,0.0,0.0,0.0,0.0,0.0,0.0
12902,O4D,C,0.73875,0.7374371859296482,0.7188172160549988,0.4775,189,402,0,209,31.63125,16.815,0.7308073593073593,0.0,1.0,1.0,1.0,7.04125,6.0,1.28125,1.51625,0.0,0.9998850780725479,0.2535018843108686,0.75625,14.7675,0.5885786478889792,0.0,0.0,0.7374371859296482,0.47997449936248404,0.4950962717242374,0.5570975778193666,0.3333333333333333,0.95,0.0,0.5909980430528377,0.4975961538461539,0.5,0.73875,0.2457710245327491,0.5685678266362216,0.13973749726874266,256.0,2048.0,0.0,0.0,0.8398571428571429,0.36125,640.0,640.0,109.0,102.0,226.0,203.0,1.0
12902,O4D,C_style_shift,0.6525,0.6293333333333333,0.5822815242216612,0.305,97,425,0,278,31.62625,14.03375,0.6525,0.0,1.0,1.0,0.5243243243243243,5.76,6.0,1.2375,1.74125,0.0,0.954090028628707,0.1364,0.4705372536945812,15.105,,,,,,,,,,,,,,,,,,256.0,2048.0,0.0,0.0,0.8398571428571429,,640.0,640.0,109.0,102.0,226.0,203.0,1.0
12902,O4D,A_after_C,0.635,0.6313131313131313,0.5752727272727273,0.27,52,202,0,146,31.675,13.895,0.635,1.0,1.0,0.0,0.5306122448979592,5.755,6.0,1.28,1.7825,0.0,0.9563952040672302,0.1448,0.5008374384236453,14.675,,,,,,,,,,,,,,,,,,256.0,2048.0,0.0,0.0,0.8398571428571429,,640.0,640.0,109.0,102.0,226.0,203.0,1.0
12902,O4D,B_after_C,0.62,0.6068184366939554,0.5526548755909664,0.24,58,252,7,183,31.708,13.732,0.62,0.910828025477707,0.22772277227722773,0.78,0.4647887323943662,5.76,6.0,1.314,1.806,0.0,0.9599264718294144,0.14479999999999998,0.4996231527093596,14.422,,,,,,,,,,,,,,,,,,256.0,2048.0,0.0,0.0,0.8398571428571429,,640.0,640.0,109.0,102.0,226.0,203.0,1.0
12955,O1,A,1.0,1.0,1.0,1.0,198,202,0,0,32.0,24.25,0.0,1.0,1.0,1.0,1.0,0.0,0.0,0.0,0.0,0.0,0.0,0.5,0.0,0.0,0.0,0.0,0.0,1.0,1.0,0.0,0.9999999999999999,0.0,0.97,0.0,0.0,0.0,0.5,1.0,0.2633046061055618,0.007937013196843614,0.0020898521334495536,0.0,0.0,0.0,0.0,0.2277,1.0,0.0,0.0,0.0,0.0,0.0,0.0,0.0
12955,O1,B,0.622,0.6219598054275474,0.621962196219622,0.244,158,153,95,94,19.402,29.756,0.0,0.9481481481481482,0.22321428571428573,0.19607843137254902,0.9139072847682119,0.0,0.0,0.0,0.0,0.0,0.0,0.5,0.0,0.0,0.0,0.0,0.0,0.6219598054275474,0.6219598054275474,0.0,0.1740677571071514,0.0,0.97,0.0,0.0,0.0,0.5,0.622,0.1337800296405322,0.006775177099901609,0.0009063833932446923,0.0,0.0,0.0,0.0,0.2277,0.622,0.0,0.0,0.0,0.0,0.0,0.0,0.0
12955,O1,C,0.51625,0.51625,0.5161222260253098,0.0325,200,213,187,200,20.09625,31.74,0.0,0.0,1.0,0.0,1.0,0.0,0.0,0.0,0.0,0.0,0.0,0.5,0.0,0.0,0.0,0.0,0.0,0.51625,0.51625,0.0,0.0015251460206903156,0.0,0.97,0.0,0.0,0.0,0.5,0.51625,0.10672150417981403,0.006367133066708869,0.0006795100181922027,0.0,0.0,0.0,0.0,0.2277,0.51625,0.0,0.0,0.0,0.0,0.0,0.0,0.0
12955,O1,C_style_shift,0.54,0.5403860704481644,0.5399884997124929,0.08,218,214,195,173,23.2775,30.86,0.0,0.0,1.0,0.0,1.0,0.0,0.0,0.0,0.0,0.0,0.0,0.5,0.0,0.0,,,,,,,,,,,,,,,,,,0.0,0.0,0.0,0.0,0.2277,,0.0,0.0,0.0,0.0,0.0,0.0,0.0
12955,O1,A_after_C,1.0,1.0,1.0,1.0,198,202,0,0,23.58,30.86,0.0,1.0,1.0,1.0,1.0,0.0,0.0,0.0,0.0,0.0,0.0,0.5,0.0,0.0,,,,,,,,,,,,,,,,,,0.0,0.0,0.0,0.0,0.2277,,0.0,0.0,0.0,0.0,0.0,0.0,0.0
12955,O1,B_after_C,0.622,0.6219598054275474,0.621962196219622,0.244,158,153,95,94,23.416,30.902,0.0,0.9481481481481482,0.22321428571428573,0.19607843137254902,0.9139072847682119,0.0,0.0,0.0,0.0,0.0,0.0,0.5,0.0,0.0,,,,,,,,,,,,,,,,,,0.0,0.0,0.0,0.0,0.2277,,0.0,0.0,0.0,0.0,0.0,0.0,0.0
12955,O3,A,1.0,1.0,1.0,1.0,198,202,0,0,32.0,8.3875,0.0,1.0,1.0,1.0,1.0,0.0,0.0,0.0,0.0,0.0,0.0,0.5,0.0,0.0,1.0,0.0,0.0,1.0,1.0,0.0,0.8888888955560363,0.3333333333333333,0.95,0.0,1.0,0.0,0.5,1.0,0.4345968177512241,0.007937013196843614,0.0034494006777977047,0.0,0.0,0.0,0.0,0.29700000000000004,0.7525,0.0,0.0,0.0,0.0,0.0,0.0,0.0
12955,O3,B,0.746,0.7441756272401434,0.7312863133751708,0.492,245,128,120,7,30.86,7.862,0.0,0.9481481481481482,0.7767857142857143,0.19607843137254902,0.9139072847682119,0.0,0.0,0.0,0.0,0.0,0.0,0.5,0.0,0.0,0.0,0.0,0.4286326924451434,0.5522593445980543,0.6219598054275474,0.0,0.6688287421031858,0.3333333333333333,0.95,0.25737265415549593,0.0,0.0,0.692,0.746,0.28968905156086294,0.008021988663218798,0.0023238822874798483,0.0,0.0,0.0,0.0,0.29700000000000004,0.746,0.0,0.0,0.0,0.0,0.0,0.0,0.0
12955,O3,C,0.75,0.75,0.7333333333333334,0.5,200,400,0,200,31.52875,10.7,0.0,0.0,1.0,1.0,1.0,0.0,0.0,0.0,0.0,0.0,0.0,0.5,0.0,0.0,0.6,0.0,0.48320413436692505,0.51625,0.51625,0.0,0.5565721255821929,0.3333333333333333,0.95,0.3116666666666667,0.6,0.0,0.73375,0.75,0.3712787972487477,0.008194771521932142,0.003042544914391255,0.0,0.0,0.0,0.0,0.29700000000000004,0.375,0.0,0.0,0.0,0.0,0.0,0.0,0.0
12955,O3,C_style_shift,0.64375,0.6355498721227621,0.5840865683675945,0.2875,106,409,0,285,28.815,7.71125,0.0,0.0,1.0,1.0,0.48623853211009177,0.0,0.0,0.0,0.0,0.0,0.0,0.5,0.0,0.0,,,,,,,,,,,,,,,,,,0.0,0.0,0.0,0.0,0.29700000000000004,,0.0,0.0,0.0,0.0,0.0,0.0,0.0
12955,O3,A_after_C,0.63,0.6262626262626263,0.5675549322113137,0.26,50,202,0,148,29.45,7.57,0.0,1.0,1.0,0.0,0.5050505050505051,0.0,0.0,0.0,0.0,0.0,0.0,0.5,0.0,0.0,,,,,,,,,,,,,,,,,,0.0,0.0,0.0,0.0,0.29700000000000004,,0.0,0.0,0.0,0.0,0.0,0.0,0.0
12955,O3,B_after_C,0.632,0.6347926267281105,0.5826074332171893,0.264,72,244,4,180,29.686,7.738,0.0,0.9481481481481482,0.22321428571428573,0.803921568627451,0.5364238410596026,0.0,0.0,0.0,0.0,0.0,0.0,0.5,0.0,0.0,,,,,,,,,,,,,,,,,,0.0,0.0,0.0,0.0,0.29700000000000004,,0.0,0.0,0.0,0.0,0.0,0.0,0.0
12955,O4R,A,1.0,1.0,1.0,1.0,198,202,0,0,32.0,8.7925,0.0,1.0,1.0,1.0,1.0,0.0,0.0,0.0,0.0,0.0,0.0,0.5,0.0,0.0,1.0,0.0,0.0,1.0,1.0,0.0,0.8888888955560363,0.3333333333333333,0.95,0.0,1.0,0.0,0.5,1.0,0.4345968177512241,0.007937013196843614,0.0034494006777977047,0.0,0.0,0.0,0.0,0.29700000000000004,0.7525,0.0,0.0,0.0,0.0,0.0,0.0,0.0
12955,O4R,B,0.746,0.7441756272401434,0.7312863133751708,0.492,245,128,120,7,31.396,9.934,0.0,0.9481481481481482,0.7767857142857143,0.19607843137254902,0.9139072847682119,0.0,0.0,0.0,0.0,0.0,0.0,0.5,0.0,0.0,0.0,0.0,0.4883512544802868,0.5,0.6219598054275474,0.0,0.6688287421031858,0.3333333333333333,0.95,0.32439678284182305,0.0,0.0,0.742,0.746,0.29977780494748096,0.008210721094580212,0.0024613919467692345,0.0,0.0,0.0,0.0,0.29700000000000004,0.746,0.0,0.0,0.0,0.0,0.0,0.0,0.0
12955,O4R,C,0.51625,0.51625,0.5161222260253098,0.0325,200,213,187,200,31.5925,20.545,0.0,0.0,1.0,0.0,1.0,0.0,0.0,0.0,0.0,0.0,0.0,0.5,0.0,0.0,0.22599999999999998,0.0,0.0,0.51625,0.51625,0.0,0.5565721255821929,0.3333333333333333,0.95,0.0,0.22599999999999998,0.0,0.5,0.51625,0.268069370419816,0.006367133066708869,0.0017068333525718387,0.0,0.0,0.0,0.0,0.29700000000000004,0.375,0.0,0.0,0.0,0.0,0.0,0.0,0.0
12955,O4R,C_style_shift,0.66875,0.6663029408638124,0.6635983237040998,0.3375,218,317,92,173,31.57,16.62125,0.0,0.0,1.0,0.5282051282051282,1.0,0.0,0.0,0.0,0.0,0.0,0.0,0.5,0.0,0.0,,,,,,,,,,,,,,,,,,0.0,0.0,0.0,0.0,0.29700000000000004,,0.0,0.0,0.0,0.0,0.0,0.0,0.0
12955,O4R,A_after_C,0.8725,0.8712121212121212,0.870043000477783,0.745,147,202,0,51,31.6075,16.9475,0.0,1.0,1.0,0.48484848484848486,1.0,0.0,0.0,0.0,0.0,0.0,0.0,0.5,0.0,0.0,,,,,,,,,,,,,,,,,,0.0,0.0,0.0,0.0,0.29700000000000004,,0.0,0.0,0.0,0.0,0.0,0.0,0.0
12955,O4R,B_after_C,0.68,0.6808115719406043,0.6770234480976681,0.36,146,194,54,106,31.65,17.444,0.0,0.9481481481481482,0.22321428571428573,0.4803921568627451,0.9139072847682119,0.0,0.0,0.0,0.0,0.0,0.0,0.5,0.0,0.0,,,,,,,,,,,,,,,,,,0.0,0.0,0.0,0.0,0.29700000000000004,,0.0,0.0,0.0,0.0,0.0,0.0,0.0
12955,O4M,A,1.0,1.0,1.0,1.0,198,202,0,0,32.0,7.7525,1.0,1.0,1.0,1.0,1.0,5.7225,6.0,1.0,1.0,0.0,0.9581192268431187,0.4952,0.46894396551724143,14.6025,1.0,0.0,0.0,1.0,1.0,0.0,0.8888888955560363,0.3333333333333333,0.95,0.0,1.0,0.0,0.5,1.0,0.3528123504010374,0.007937013196843614,0.0028002762811424474,256.0,2048.0,0.0,0.0,0.6970000000000001,0.7525,0.0,0.0,0.0,0.0,0.0,0.0,0.0
12955,O4M,B,0.756,0.7570084485407066,0.752435064935065,0.512,159,219,29,93,31.06,12.176,0.6779047619047619,0.9481481481481482,0.7767857142857143,0.803921568627451,0.5364238410596026,6.378,6.0,1.0,1.236,0.0,0.9599207463264465,0.30885082896722854,0.5202044334975369,14.954,0.05016262196647464,0.05016262196647464,0.0,0.7570084485407066,0.6219598054275474,0.3572335562515872,0.6688287421031858,0.3333333333333333,0.95,0.0,0.039370078740157514,0.35789473684210527,0.5,0.756,0.2085345611174598,0.513353573309471,0.10705196210817025,256.0,2048.0,0.0,0.0,0.6970000000000001,0.746,0.0,0.0,0.0,0.0,0.0,0.0,0.0
12955,O4M,C,0.75,0.75,0.7333333333333334,0.5,200,400,0,200,31.76625,7.32125,0.7437827380952382,0.0,1.0,1.0,1.0,7.07375,6.0,1.0,1.47125,0.0,0.9999807872623205,0.265592218006962,0.73375,14.40625,0.6,0.0,0.0,0.75,0.51625,0.48320413436692505,0.5565721255821929,0.3333333333333333,0.95,0.0,0.6,0.48320413436692505,0.5,0.75,0.263324815195978,0.565876187082152,0.14900924238721236,256.0,2048.0,0.0,0.0,0.6970000000000001,0.375,0.0,0.0,0.0,0.0,0.0,0.0,0.0
12955,O4M,C_style_shift,0.64375,0.6355498721227621,0.5840865683675945,0.2875,106,409,0,285,32.0,7.115,0.64375,0.0,1.0,1.0,0.48623853211009177,6.43,6.0,1.0,1.7325,0.0,0.9544361130893231,0.1472,0.46776631773399013,15.14875,,,,,,,,,,,,,,,,,,256.0,2048.0,0.0,0.0,0.6970000000000001,,0.0,0.0,0.0,0.0,0.0,0.0,0.0
12955,O4M,A_after_C,0.63,0.6262626262626263,0.5675549322113137,0.26,50,202,0,148,32.0,6.9,0.63,1.0,1.0,0.0,0.5050505050505051,6.3425,6.0,1.0,1.7525,0.0,0.9580210053920746,0.14,0.46894396551724143,14.6025,,,,,,,,,,,,,,,,,,256.0,2048.0,0.0,0.0,0.6970000000000001,,0.0,0.0,0.0,0.0,0.0,0.0,0.0
12955,O4M,B_after_C,0.632,0.6347926267281105,0.5826074332171893,0.264,72,244,4,180,32.0,6.978,0.632,0.9481481481481482,0.22321428571428573,0.803921568627451,0.5364238410596026,6.362,6.0,1.0,1.776,0.0,0.9599126217365265,0.16591999999999998,0.5202044334975369,14.954,,,,,,,,,,,,,,,,,,256.0,2048.0,0.0,0.0,0.6970000000000001,,0.0,0.0,0.0,0.0,0.0,0.0,0.0
12955,O4D,A,1.0,1.0,1.0,1.0,198,202,0,0,32.0,7.7525,1.0,1.0,1.0,1.0,1.0,5.7225,6.0,1.0,1.0,0.0,0.9581192268431187,0.4952,0.46894396551724143,14.6025,1.0,0.0,0.0,1.0,1.0,0.0,0.8888888955560363,0.3333333333333333,0.95,0.0,1.0,0.0,0.5,1.0,0.3528123504010374,0.007937013196843614,0.0028002762811424474,256.0,2048.0,0.0,0.0,0.6970000000000001,0.7525,0.0,0.0,0.0,0.0,0.0,0.0,0.0
12955,O4D,B,0.756,0.7570084485407066,0.752435064935065,0.512,159,219,29,93,31.06,12.176,0.6779047619047619,0.9481481481481482,0.7767857142857143,0.803921568627451,0.5364238410596026,6.378,6.0,1.0,1.236,0.0,0.9599207463264465,0.30885082896722854,0.5202044334975369,14.954,0.05016262196647464,0.05016262196647464,0.0,0.7570084485407066,0.6219598054275474,0.3572335562515872,0.6688287421031858,0.3333333333333333,0.95,0.0,0.039370078740157514,0.35789473684210527,0.5,0.756,0.2085345611174598,0.513353573309471,0.10705196210817025,256.0,2048.0,0.0,0.0,0.6970000000000001,0.746,0.0,0.0,0.0,0.0,0.0,0.0,0.0
12955,O4D,C,0.75,0.75,0.7333333333333334,0.5,200,400,0,200,31.76625,7.62125,0.7437827380952382,0.0,1.0,1.0,1.0,7.07375,6.0,1.0,1.47125,0.0,0.9999807872623205,0.265592218006962,0.73375,14.40625,0.6,0.0,0.0,0.75,0.51625,0.48320413436692505,0.5565721255821929,0.3333333333333333,0.95,0.0,0.6,0.48320413436692505,0.5,0.75,0.24674160370936188,0.565876187082152,0.1396251979015891,256.0,2048.0,0.0,0.0,0.8398571428571429,0.375,640.0,640.0,84.0,128.0,159.0,269.0,1.0
12955,O4D,C_style_shift,0.64375,0.6355498721227621,0.5840865683675945,0.2875,106,409,0,285,32.0,7.27875,0.64375,0.0,1.0,1.0,0.48623853211009177,6.43,6.0,1.0,1.7325,0.0,0.9544361130893231,0.1472,0.46776631773399013,15.14875,,,,,,,,,,,,,,,,,,256.0,2048.0,0.0,0.0,0.8398571428571429,,640.0,640.0,84.0,128.0,159.0,269.0,1.0
12955,O4D,A_after_C,0.63,0.6262626262626263,0.5675549322113137,0.26,50,202,0,148,32.0,7.0475,0.63,1.0,1.0,0.0,0.5050505050505051,6.3425,6.0,1.0,1.7525,0.0,0.9580210053920746,0.14,0.46894396551724143,14.6025,,,,,,,,,,,,,,,,,,256.0,2048.0,0.0,0.0,0.8398571428571429,,640.0,640.0,84.0,128.0,159.0,269.0,1.0
12955,O4D,B_after_C,0.632,0.6347926267281105,0.5826074332171893,0.264,72,244,4,180,32.0,7.16,0.632,0.9481481481481482,0.22321428571428573,0.803921568627451,0.5364238410596026,6.362,6.0,1.0,1.776,0.0,0.9599126217365265,0.16591999999999998,0.5202044334975369,14.954,,,,,,,,,,,,,,,,,,256.0,2048.0,0.0,0.0,0.8398571428571429,,640.0,640.0,84.0,128.0,159.0,269.0,1.0
13008,O1,A,1.0,1.0,1.0,1.0,189,211,0,0,32.0,24.03,0.0,1.0,1.0,1.0,1.0,0.0,0.0,0.0,0.0,0.0,0.0,0.5,0.0,0.0,0.0,0.0,0.0,1.0,1.0,0.0,0.9999999999999999,0.0,0.97,0.0,0.0,0.0,0.5,1.0,0.2633046061055618,0.007937013196843614,0.0020898521334495536,0.0,0.0,0.0,0.0,0.2277,1.0,0.0,0.0,0.0,0.0,0.0,0.0,0.0
13008,O1,B,0.676,0.6754353642320448,0.6754807692307692,0.352,179,159,82,80,19.554,28.814,0.0,0.896774193548387,0.23809523809523808,0.21348314606741572,0.9302325581395349,0.0,0.0,0.0,0.0,0.0,0.0,0.5,0.0,0.0,0.0,0.0,0.0,0.6754353642320448,0.6754353642320448,0.0,0.35644218408733286,0.0,0.97,0.0,0.0,0.0,0.5,0.676,0.16238040287444774,0.006965827846582335,0.0011311139320820862,0.0,0.0,0.0,0.0,0.2277,0.676,0.0,0.0,0.0,0.0,0.0,0.0,0.0
13008,O1,C,0.55,0.5516697955057732,0.549929676511955,0.1,215,225,202,158,20.3825,31.0425,0.0,0.0,1.0,0.0,1.0,0.0,0.0,0.0,0.0,0.0,0.0,0.5,0.0,0.0,0.0,0.0,0.0,0.5516697955057732,0.5516697955057732,0.0,0.01538960335188555,0.0,0.97,0.0,0.0,0.0,0.5,0.55,0.10889575997282042,0.006502965510745311,0.0007081453713696509,0.0,0.0,0.0,0.0,0.2277,0.55,0.0,0.0,0.0,0.0,0.0,0.0,0.0
13008,O1,C_style_shift,0.5025,0.502467491040099,0.5023880373083944,0.005,195,207,204,194,21.535,30.18,0.0,0.0,1.0,0.0,1.0,0.0,0.0,0.0,0.0,0.0,0.0,0.5,0.0,0.0,,,,,,,,,,,,,,,,,,0.0,0.0,0.0,0.0,0.2277,,0.0,0.0,0.0,0.0,0.0,0.0,0.0
13008,O1,A_after_C,1.0,1.0,1.0,1.0,189,211,0,0,20.9175,30.33,0.0,1.0,1.0,1.0,1.0,0.0,0.0,0.0,0.0,0.0,0.0,0.5,0.0,0.0,,,,,,,,,,,,,,,,,,0.0,0.0,0.0,0.0,0.2277,,0.0,0.0,0.0,0.0,0.0,0.0,0.0
13008,O1,B_after_C,0.676,0.6754353642320448,0.6754807692307692,0.352,179,159,82,80,21.946,30.222,0.0,0.896774193548387,0.23809523809523808,0.21348314606741572,0.9302325581395349,0.0,0.0,0.0,0.0,0.0,0.0,0.5,0.0,0.0,,,,,,,,,,,,,,,,,,0.0,0.0,0.0,0.0,0.2277,,0.0,0.0,0.0,0.0,0.0,0.0,0.0
13008,O3,A,1.0,1.0,1.0,1.0,189,211,0,0,32.0,7.48,0.0,1.0,1.0,1.0,1.0,0.0,0.0,0.0,0.0,0.0,0.0,0.5,0.0,0.0,1.0,0.0,0.0,1.0,1.0,0.0,0.8888888955701417,0.3333333333333333,0.95,0.0,1.0,0.0,0.5,1.0,0.43459681775334724,0.007937013196843614,0.0034494006778145563,0.0,0.0,0.0,0.0,0.29700000000000004,0.7325,0.0,0.0,0.0,0.0,0.0,0.0,0.0
13008,O3,B,0.764,0.7574937118505582,0.753327981804803,0.528,243,139,102,16,31.664,10.992,0.0,0.896774193548387,0.7619047619047619,0.21348314606741572,0.9302325581395349,0.0,0.0,0.0,0.0,0.0,0.0,0.5,0.0,0.0,0.0,0.0,0.5149874237011165,0.5,0.6754353642320448,0.0,0.7801447750830259,0.3333333333333333,0.95,0.3219895287958115,0.0,0.0,0.746,0.764,0.3161712118270132,0.008291080125626106,0.0026214008506740705,0.0,0.0,0.0,0.0,0.29700000000000004,0.764,0.0,0.0,0.0,0.0,0.0,0.0,0.0
13008,O3,C,0.55,0.5516697955057732,0.549929676511955,0.1,215,225,202,158,31.30625,26.89125,0.0,0.0,1.0,0.0,1.0,0.0,0.0,0.0,0.0,0.0,0.0,0.5,0.0,0.0,0.2309821385300501,0.0,0.0,0.5516697955057732,0.5516697955057732,0.0,0.5657954011195236,0.3333333333333333,0.95,0.0,0.24210526315789482,0.0,0.5,0.55,0.2718819284574659,0.006502965510745311,0.0017680388037538248,0.0,0.0,0.0,0.0,0.29700000000000004,0.40625,0.0,0.0,0.0,0.0,0.0,0.0,0.0
13008,O3,C_style_shift,0.5025,0.502467491040099,0.5023880373083944,0.005,195,207,204,194,31.3175,23.45,0.0,0.0,1.0,0.0,1.0,0.0,0.0,0.0,0.0,0.0,0.0,0.5,0.0,0.0,,,,,,,,,,,,,,,,,,0.0,0.0,0.0,0.0,0.29700000000000004,,0.0,0.0,0.0,0.0,0.0,0.0,0.0
13008,O3,A_after_C,1.0,1.0,1.0,1.0,189,211,0,0,31.35,23.7575,0.0,1.0,1.0,1.0,1.0,0.0,0.0,0.0,0.0,0.0,0.0,0.5,0.0,0.0,,,,,,,,,,,,,,,,,,0.0,0.0,0.0,0.0,0.29700000000000004,,0.0,0.0,0.0,0.0,0.0,0.0,0.0
13008,O3,B_after_C,0.676,0.6754353642320448,0.6754807692307692,0.352,179,159,82,80,31.568,24.036,0.0,0.896774193548387,0.23809523809523808,0.21348314606741572,0.9302325581395349,0.0,0.0,0.0,0.0,0.0,0.0,0.5,0.0,0.0,,,,,,,,,,,,,,,,,,0.0,0.0,0.0,0.0,0.29700000000000004,,0.0,0.0,0.0,0.0,0.0,0.0,0.0
13008,O4R,A,1.0,1.0,1.0,1.0,189,211,0,0,32.0,7.48,0.0,1.0,1.0,1.0,1.0,0.0,0.0,0.0,0.0,0.0,0.0,0.5,0.0,0.0,1.0,0.0,0.0,1.0,1.0,0.0,0.8888888955701417,0.3333333333333333,0.95,0.0,1.0,0.0,0.5,1.0,0.43459681775334724,0.007937013196843614,0.0034494006778145563,0.0,0.0,0.0,0.0,0.29700000000000004,0.7325,0.0,0.0,0.0,0.0,0.0,0.0,0.0
13008,O4R,B,0.764,0.7574937118505582,0.753327981804803,0.528,243,139,102,16,31.578,10.992,0.0,0.896774193548387,0.7619047619047619,0.21348314606741572,0.9302325581395349,0.0,0.0,0.0,0.0,0.0,0.0,0.5,0.0,0.0,0.0,0.0,0.4534688498546746,0.5562809400983675,0.6754353642320448,0.0,0.7801447750830259,0.3333333333333333,0.95,0.25916230366492155,0.0,0.0,0.6980000000000001,0.764,0.30671419399277194,0.008109299191461063,0.002487237165355217,0.0,0.0,0.0,0.0,0.29700000000000004,0.764,0.0,0.0,0.0,0.0,0.0,0.0,0.0
13008,O4R,C,0.55,0.5516697955057732,0.549929676511955,0.1,215,225,202,158,29.175,28.2275,0.0,0.0,1.0,0.0,1.0,0.0,0.0,0.0,0.0,0.0,0.0,0.5,0.0,0.0,0.2309821385300501,0.0,0.0,0.5516697955057732,0.5516697955057732,0.0,0.5657954011195236,0.3333333333333333,0.95,0.0,0.24210526315789482,0.0,0.5,0.55,0.2718819284574659,0.006502965510745311,0.0017680388037538248,0.0,0.0,0.0,0.0,0.29700000000000004,0.40625,0.0,0.0,0.0,0.0,0.0,0.0,0.0
13008,O4R,C_style_shift,0.5025,0.502467491040099,0.5023880373083944,0.005,195,207,204,194,30.90375,24.7225,0.0,0.0,1.0,0.0,1.0,0.0,0.0,0.0,0.0,0.0,0.0,0.5,0.0,0.0,,,,,,,,,,,,,,,,,,0.0,0.0,0.0,0.0,0.29700000000000004,,0.0,0.0,0.0,0.0,0.0,0.0,0.0
13008,O4R,A_after_C,1.0,1.0,1.0,1.0,189,211,0,0,30.915,25.02,0.0,1.0,1.0,1.0,1.0,0.0,0.0,0.0,0.0,0.0,0.0,0.5,0.0,0.0,,,,,,,,,,,,,,,,,,0.0,0.0,0.0,0.0,0.29700000000000004,,0.0,0.0,0.0,0.0,0.0,0.0,0.0
13008,O4R,B_after_C,0.676,0.6754353642320448,0.6754807692307692,0.352,179,159,82,80,31.138,25.42,0.0,0.896774193548387,0.23809523809523808,0.21348314606741572,0.9302325581395349,0.0,0.0,0.0,0.0,0.0,0.0,0.5,0.0,0.0,,,,,,,,,,,,,,,,,,0.0,0.0,0.0,0.0,0.29700000000000004,,0.0,0.0,0.0,0.0,0.0,0.0,0.0
13008,O4M,A,1.0,1.0,1.0,1.0,189,211,0,0,32.0,6.3475,1.0,1.0,1.0,1.0,1.0,5.815,6.0,1.0,1.0,0.0,0.9599108847975731,0.4736,0.47285406403940883,14.01,1.0,0.0,0.0,1.0,1.0,0.0,0.8888888955701417,0.3333333333333333,0.95,0.0,1.0,0.0,0.5,1.0,0.352812350402761,0.007937013196843614,0.0028002762811561274,256.0,2048.0,0.0,0.0,0.6970000000000001,0.7325,0.0,0.0,0.0,0.0,0.0,0.0,0.0
13008,O4M,B,0.764,0.7574937118505582,0.753327981804803,0.528,243,139,102,16,31.07,11.948,0.6967222222222222,0.896774193548387,0.7619047619047619,0.21348314606741572,0.9302325581395349,6.88,6.0,1.0,1.912,0.0,0.9593304734230041,0.4282284815957961,0.5209285714285713,15.49,0.0,0.0,0.0,0.7690526922892068,0.6754353642320448,0.28843970580976347,0.7801447750830259,0.3333333333333333,0.95,0.0,0.0,0.2901234567901234,0.494,0.764,0.21732620208058448,0.4784119639603196,0.10397145515740971,256.0,2048.0,0.0,0.0,0.6970000000000001,0.764,0.0,0.0,0.0,0.0,0.0,0.0,0.0
13008,O4M,C,0.79875,0.7846908727891455,0.784008223786262,0.5975,215,424,3,158,18.4475,22.2025,0.7866266233766234,0.0,1.0,0.9851485148514851,1.0,7.085,6.0,1.0,1.2275,0.0,0.9999846719950437,0.292614661909964,0.7186767676767677,15.388964646464647,0.6306816652037887,0.5197532420244796,0.0,0.7870327931638528,0.5516697955057732,0.5249768926980924,0.5657954011195236,0.3333333333333333,0.95,0.0,0.6610526315789473,0.5583333333333333,0.49749999999999994,0.79875,0.2719123799903224,0.6053872022144474,0.16461227496981298,256.0,2048.0,0.0,0.0,0.6970000000000001,0.40625,0.0,0.0,0.0,0.0,0.0,0.0,0.0
13008,O4M,C_style_shift,0.6175,0.6066838046272494,0.5402091597547782,0.235,83,411,0,306,22.7875,21.64625,0.6175,0.0,1.0,1.0,0.4256410256410256,6.61375,6.0,1.0,1.395,0.0,0.9545983058214188,0.11960000000000001,0.47225831280788183,14.67125,,,,,,,,,,,,,,,,,,256.0,2048.0,0.0,0.0,0.6970000000000001,,0.0,0.0,0.0,0.0,0.0,0.0,0.0
13008,O4M,A_after_C,0.6475,0.626984126984127,0.5773096207028352,0.295,48,211,0,141,22.7225,21.0525,0.6475,1.0,1.0,0.0,0.5853658536585366,6.5575,6.0,1.0,1.3525,0.0,0.9597446836531163,0.13520000000000001,0.4728540640394089,14.01,,,,,,,,,,,,,,,,,,256.0,2048.0,0.0,0.0,0.6970000000000001,,0.0,0.0,0.0,0.0,0.0,0.0,0.0
13008,O4M,B_after_C,0.62,0.6319069514090261,0.5801735871736402,0.24,78,232,9,181,22.106,23.212,0.62,0.896774193548387,0.23809523809523808,0.7865168539325843,0.47093023255813954,6.646,6.0,1.0,1.348,0.0,0.9592744711637496,0.18704,0.5209285714285714,15.49,,,,,,,,,,,,,,,,,,256.0,2048.0,0.0,0.0,0.6970000000000001,,0.0,0.0,0.0,0.0,0.0,0.0,0.0
13008,O4D,A,1.0,1.0,1.0,1.0,189,211,0,0,32.0,6.3475,1.0,1.0,1.0,1.0,1.0,5.815,6.0,1.0,1.0,0.0,0.9599108847975731,0.4736,0.47285406403940883,14.01,1.0,0.0,0.0,1.0,1.0,0.0,0.8888888955701417,0.3333333333333333,0.95,0.0,1.0,0.0,0.5,1.0,0.352812350402761,0.007937013196843614,0.0028002762811561274,256.0,2048.0,0.0,0.0,0.6970000000000001,0.7325,0.0,0.0,0.0,0.0,0.0,0.0,0.0
13008,O4D,B,0.764,0.7574937118505582,0.753327981804803,0.528,243,139,102,16,31.07,11.948,0.6967222222222222,0.896774193548387,0.7619047619047619,0.21348314606741572,0.9302325581395349,6.88,6.0,1.0,1.912,0.0,0.9593304734230041,0.4282284815957961,0.5209285714285713,15.49,0.0,0.0,0.0,0.7690526922892068,0.6754353642320448,0.28843970580976347,0.7801447750830259,0.3333333333333333,0.95,0.0,0.0,0.2901234567901234,0.494,0.764,0.21732620208058448,0.4784119639603196,0.10397145515740971,256.0,2048.0,0.0,0.0,0.6970000000000001,0.764,0.0,0.0,0.0,0.0,0.0,0.0,0.0
13008,O4D,C,0.79875,0.7846908727891455,0.784008223786262,0.5975,215,424,3,158,18.96875,20.87375,0.7866266233766234,0.0,1.0,0.9851485148514851,1.0,7.085,6.0,1.0,1.2275,0.0,0.9999846719950437,0.292614661909964,0.7186767676767677,15.388964646464647,0.6306816652037887,0.5197532420244796,0.0,0.7870327931638528,0.5516697955057732,0.5249768926980924,0.5657954011195236,0.3333333333333333,0.95,0.0,0.6610526315789473,0.5583333333333333,0.49749999999999994,0.79875,0.25478835580804887,0.6053872022144474,0.15424560987945385,256.0,2048.0,0.0,0.0,0.8398571428571429,0.40625,640.0,640.0,73.0,88.0,232.0,247.0,1.0
13008,O4D,C_style_shift,0.6175,0.6066838046272494,0.5402091597547782,0.235,83,411,0,306,25.69875,19.48125,0.6175,0.0,1.0,1.0,0.4256410256410256,6.61375,6.0,1.0,1.395,0.0,0.9545983058214188,0.11960000000000001,0.47225831280788183,14.67125,,,,,,,,,,,,,,,,,,256.0,2048.0,0.0,0.0,0.8398571428571429,,640.0,640.0,73.0,88.0,232.0,247.0,1.0
13008,O4D,A_after_C,0.6475,0.626984126984127,0.5773096207028352,0.295,48,211,0,141,25.0625,18.995,0.6475,1.0,1.0,0.0,0.5853658536585366,6.5575,6.0,1.0,1.3525,0.0,0.9597446836531163,0.13520000000000001,0.4728540640394089,14.01,,,,,,,,,,,,,,,,,,256.0,2048.0,0.0,0.0,0.8398571428571429,,640.0,640.0,73.0,88.0,232.0,247.0,1.0
13008,O4D,B_after_C,0.62,0.6319069514090261,0.5801735871736402,0.24,78,232,9,181,25.134,21.108,0.62,0.896774193548387,0.23809523809523808,0.7865168539325843,0.47093023255813954,6.646,6.0,1.0,1.348,0.0,0.9592744711637496,0.18704,0.5209285714285714,15.49,,,,,,,,,,,,,,,,,,256.0,2048.0,0.0,0.0,0.8398571428571429,,640.0,640.0,73.0,88.0,232.0,247.0,1.0
13061,O1,A,1.0,1.0,1.0,1.0,193,207,0,0,32.0,24.78,0.0,1.0,1.0,1.0,1.0,0.0,0.0,0.0,0.0,0.0,0.0,0.5,0.0,0.0,0.0,0.0,0.0,1.0,1.0,0.0,0.9999999999999999,0.0,0.97,0.0,0.0,0.0,0.5,1.0,0.2633046061055618,0.007937013196843614,0.0020898521334495536,0.0,0.0,0.0,0.0,0.2277,1.0,0.0,0.0,0.0,0.0,0.0,0.0,0.0
13061,O1,B,0.678,0.675364907706915,0.6756007430959375,0.356,191,148,83,78,19.712,29.708,0.0,0.9420289855072463,0.20454545454545456,0.23711340206185566,0.9491525423728814,0.0,0.0,0.0,0.0,0.0,0.0,0.5,0.0,0.0,0.0,0.0,0.0,0.675364907706915,0.675364907706915,0.0,0.3168518526159977,0.0,0.97,0.0,0.0,0.0,0.5,0.678,0.15617175687465706,0.006972690725456894,0.0010889373607382302,0.0,0.0,0.0,0.0,0.2277,0.678,0.0,0.0,0.0,0.0,0.0,0.0,0.0
13061,O1,C,0.47,0.4699391267316316,0.4697315515979965,-0.06,179,197,221,203,21.24,31.0,0.0,0.0,1.0,0.0,1.0,0.0,0.0,0.0,0.0,0.0,0.0,0.5,0.0,0.0,0.0,0.0,0.0,0.4699391267316316,0.4699391267316316,0.0,0.005208220838865185,0.0,0.97,0.0,0.0,0.0,0.5,0.47,0.10729909236579191,0.006171014283377505,0.0006621442315827441,0.0,0.0,0.0,0.0,0.2277,0.47,0.0,0.0,0.0,0.0,0.0,0.0,0.0
13061,O1,C_style_shift,0.52625,0.526176472426574,0.5261604147034049,0.0525,216,205,192,187,22.41875,30.5075,0.0,0.0,1.0,0.0,1.0,0.0,0.0,0.0,0.0,0.0,0.0,0.5,0.0,0.0,,,,,,,,,,,,,,,,,,0.0,0.0,0.0,0.0,0.2277,,0.0,0.0,0.0,0.0,0.0,0.0,0.0
13061,O1,A_after_C,1.0,1.0,1.0,1.0,193,207,0,0,21.92,30.51,0.0,1.0,1.0,1.0,1.0,0.0,0.0,0.0,0.0,0.0,0.0,0.5,0.0,0.0,,,,,,,,,,,,,,,,,,0.0,0.0,0.0,0.0,0.2277,,0.0,0.0,0.0,0.0,0.0,0.0,0.0
13061,O1,B_after_C,0.678,0.675364907706915,0.6756007430959375,0.356,191,148,83,78,23.06,30.536,0.0,0.9420289855072463,0.20454545454545456,0.23711340206185566,0.9491525423728814,0.0,0.0,0.0,0.0,0.0,0.0,0.5,0.0,0.0,,,,,,,,,,,,,,,,,,0.0,0.0,0.0,0.0,0.2277,,0.0,0.0,0.0,0.0,0.0,0.0,0.0
13061,O3,A,1.0,1.0,1.0,1.0,193,207,0,0,31.8325,7.5775,0.0,1.0,1.0,1.0,1.0,0.0,0.0,0.0,0.0,0.0,0.0,0.5,0.0,0.0,1.0,0.0,0.0,1.0,1.0,0.0,0.8888888955614528,0.3333333333333333,0.95,0.0,1.0,0.0,0.5,1.0,0.4345968177520394,0.007937013196843614,0.0034494006778041757,0.0,0.0,0.0,0.0,0.29700000000000004,0.725,0.0,0.0,0.0,0.0,0.0,0.0,0.0
13061,O3,B,0.782,0.766515392909445,0.7659326830986217,0.564,261,130,101,8,31.648,11.802,0.0,0.9420289855072463,0.7954545454545454,0.23711340206185566,0.9491525423728814,0.0,0.0,0.0,0.0,0.0,0.0,0.5,0.0,0.0,0.0,0.0,0.2807782872722771,0.675364907706915,0.675364907706915,0.0,0.7567592519356473,0.3333333333333333,0.95,0.13299232736572889,0.0,0.0,0.604,0.782,0.28420247200396026,0.007787803566707241,0.0022133130251394567,0.0,0.0,0.0,0.0,0.29700000000000004,0.782,0.0,0.0,0.0,0.0,0.0,0.0,0.0
13061,O3,C,0.47,0.4699391267316316,0.4697315515979965,-0.06,179,197,221,203,31.5075,23.75875,0.0,0.0,1.0,0.0,1.0,0.0,0.0,0.0,0.0,0.0,0.0,0.5,0.0,0.0,0.18711102573953137,0.0,0.0,0.5,0.4699391267316316,0.05671211512559366,0.559025436412045,0.3333333333333333,0.95,0.0,0.19391634980988587,0.09905660377358488,0.4475,0.47,0.2636092872762291,0.2751652181798614,0.07253610704760134,0.0,0.0,0.0,0.0,0.29700000000000004,0.3425,0.0,0.0,0.0,0.0,0.0,0.0,0.0
13061,O3,C_style_shift,0.645,0.6458238275903019,0.6410424934907354,0.29,216,300,97,187,31.4875,21.69125,0.0,0.0,1.0,0.4947916666666667,1.0,0.0,0.0,0.0,0.0,0.0,0.0,0.5,0.0,0.0,,,,,,,,,,,,,,,,,,0.0,0.0,0.0,0.0,0.29700000000000004,,0.0,0.0,0.0,0.0,0.0,0.0,0.0
13061,O3,A_after_C,0.8875,0.883419689119171,0.8849979874647806,0.775,148,207,0,45,31.45,21.4575,0.0,1.0,1.0,0.5,1.0,0.0,0.0,0.0,0.0,0.0,0.0,0.5,0.0,0.0,,,,,,,,,,,,,,,,,,0.0,0.0,0.0,0.0,0.29700000000000004,,0.0,0.0,0.0,0.0,0.0,0.0,0.0
13061,O3,B_after_C,0.736,0.741193131527704,0.7359619785249076,0.472,181,187,44,88,31.648,22.97,0.0,0.9420289855072463,0.20454545454545456,0.5360824742268041,0.9491525423728814,0.0,0.0,0.0,0.0,0.0,0.0,0.5,0.0,0.0,,,,,,,,,,,,,,,,,,0.0,0.0,0.0,0.0,0.29700000000000004,,0.0,0.0,0.0,0.0,0.0,0.0,0.0
13061,O4R,A,1.0,1.0,1.0,1.0,193,207,0,0,31.8375,7.5775,0.0,1.0,1.0,1.0,1.0,0.0,0.0,0.0,0.0,0.0,0.0,0.5,0.0,0.0,1.0,0.0,0.0,1.0,1.0,0.0,0.8888888955614528,0.3333333333333333,0.95,0.0,1.0,0.0,0.5,1.0,0.4345968177520394,0.007937013196843614,0.0034494006778041757,0.0,0.0,0.0,0.0,0.29700000000000004,0.725,0.0,0.0,0.0,0.0,0.0,0.0,0.0
13061,O4R,B,0.782,0.766515392909445,0.7659326830986217,0.564,261,130,101,8,31.74,11.896,0.0,0.9420289855072463,0.7954545454545454,0.23711340206185566,0.9491525423728814,0.0,0.0,0.0,0.0,0.0,0.0,0.5,0.0,0.0,0.0,0.0,0.40702973331971,0.6062456750189092,0.675364907706915,0.0,0.7567592519356473,0.3333333333333333,0.95,0.19948849104859337,0.0,0.0,0.656,0.782,0.29421175388052506,0.008005170813371274,0.0023552153451151516,0.0,0.0,0.0,0.0,0.29700000000000004,0.782,0.0,0.0,0.0,0.0,0.0,0.0,0.0
13061,O4R,C,0.47,0.4699391267316316,0.4697315515979965,-0.06,179,197,221,203,31.62625,22.7525,0.0,0.0,1.0,0.0,1.0,0.0,0.0,0.0,0.0,0.0,0.0,0.5,0.0,0.0,0.18711102573953137,0.0,0.0,0.5,0.4699391267316316,0.05671211512559366,0.559025436412045,0.3333333333333333,0.95,0.0,0.19391634980988587,0.09905660377358488,0.4475,0.47,0.2636092872762291,0.2751652181798614,0.07253610704760134,0.0,0.0,0.0,0.0,0.29700000000000004,0.3425,0.0,0.0,0.0,0.0,0.0,0.0,0.0
13061,O4R,C_style_shift,0.5075,0.5093474007912945,0.4767283569403218,0.015,106,300,97,297,31.45625,20.3725,0.0,0.0,1.0,0.4947916666666667,0.49074074074074076,0.0,0.0,0.0,0.0,0.0,0.0,0.5,0.0,0.0,,,,,,,,,,,,,,,,,,0.0,0.0,0.0,0.0,0.29700000000000004,,0.0,0.0,0.0,0.0,0.0,0.0,0.0
13061,O4R,A_after_C,0.7725,0.7642487046632125,0.7556637019634167,0.545,102,207,0,91,31.415,20.1825,0.0,1.0,1.0,0.5,0.5533980582524272,0.0,0.0,0.0,0.0,0.0,0.0,0.5,0.0,0.0,,,,,,,,,,,,,,,,,,0.0,0.0,0.0,0.0,0.29700000000000004,,0.0,0.0,0.0,0.0,0.0,0.0,0.0
13061,O4R,B_after_C,0.566,0.5841178647870098,0.549027187218142,0.132,93,190,41,176,31.626,21.58,0.0,0.9420289855072463,0.20454545454545456,0.5360824742268041,0.4689265536723164,0.0,0.0,0.0,0.0,0.0,0.0,0.5,0.0,0.0,,,,,,,,,,,,,,,,,,0.0,0.0,0.0,0.0,0.29700000000000004,,0.0,0.0,0.0,0.0,0.0,0.0,0.0
13061,O4M,A,1.0,1.0,1.0,1.0,193,207,0,0,31.12,7.655,1.0,1.0,1.0,1.0,1.0,5.9025,6.0,1.0,1.0,0.0,0.9585453663766385,0.4832,0.4785621921182266,14.2775,1.0,0.0,0.0,1.0,1.0,0.0,0.8888888955614528,0.3333333333333333,0.95,0.0,1.0,0.0,0.5,1.0,0.3528123504016993,0.007937013196843614,0.0028002762811477006,256.0,2048.0,0.0,0.0,0.6970000000000001,0.725,0.0,0.0,0.0,0.0,0.0,0.0,0.0
13061,O4M,B,0.714,0.7268623569738811,0.7102342037114338,0.428,150,207,24,119,31.15,10.176,0.6557142857142857,0.9420289855072463,0.7954545454545454,0.7628865979381443,0.4689265536723164,7.466,6.0,1.0,1.444,0.0,0.9584309269189835,0.281409489281433,0.5506354679802955,16.16,0.0,0.0,0.0,0.7268623569738811,0.675364907706915,0.1586318007188006,0.7567592519356473,0.3333333333333333,0.95,0.0,0.0,0.19662921348314594,0.5,0.714,0.2144685414182259,0.41251522426383563,0.08847153846067718,256.0,2048.0,0.0,0.0,0.6970000000000001,0.782,0.0,0.0,0.0,0.0,0.0,0.0,0.0
13061,O4M,C,0.70125,0.6912309927603397,0.6806899235292447,0.4025,179,382,36,203,31.635,18.8225,0.7614944534632033,0.0,0.8984771573604061,0.9276018099547512,1.0,7.22375,6.0,1.01,1.475,0.0,0.9963340490311384,0.35698753061459826,0.6792675189393939,14.890899621212121,0.5264790626200538,0.41748387249226115,0.02271601022815115,0.6840539592675168,0.4699391267316316,0.4039438550060257,0.559025436412045,0.3333333333333333,0.95,0.010695187165775489,0.5456273764258556,0.4221698113207547,0.5075000000000001,0.70125,0.2582873156599001,0.5316178234299176,0.13731014057067215,256.0,2048.0,0.0,0.0,0.6970000000000001,0.3425,0.0,0.0,0.0,0.0,0.0,0.0,0.0
13061,O4M,C_style_shift,0.62875,0.6315136476426799,0.572137816282173,0.2575,106,397,0,297,31.7625,16.595,0.6791666666666667,0.0,1.0,1.0,0.49074074074074076,6.02,6.0,1.0,1.37125,0.0,0.9528233425319195,0.24246589630609416,0.4594329844006569,14.953333333333335,,,,,,,,,,,,,,,,,,256.0,2048.0,0.0,0.0,0.6970000000000001,,0.0,0.0,0.0,0.0,0.0,0.0,0.0
13061,O4M,A_after_C,0.66,0.6476683937823834,0.6043636363636363,0.32,57,207,0,136,31.73,15.845,0.5511666666666667,1.0,1.0,0.0,0.5533980582524272,6.04,6.0,1.0,1.3825,0.0,0.9555770492553711,0.2552333926695022,0.4360621921182266,14.200833333333332,,,,,,,,,,,,,,,,,,256.0,2048.0,0.0,0.0,0.6970000000000001,,0.0,0.0,0.0,0.0,0.0,0.0,0.0
13061,O4M,B_after_C,0.61,0.6357118717713514,0.5741893219783819,0.22,80,225,6,189,31.832,18.07,0.5398666666666667,0.9420289855072463,0.20454545454545456,0.7628865979381443,0.4689265536723164,6.244,6.0,1.0,1.368,0.0,0.9550905685424804,0.2850281907695817,0.5013021346469623,16.07466666666667,,,,,,,,,,,,,,,,,,256.0,2048.0,0.0,0.0,0.6970000000000001,,0.0,0.0,0.0,0.0,0.0,0.0,0.0
13061,O4D,A,1.0,1.0,1.0,1.0,193,207,0,0,31.12,7.655,1.0,1.0,1.0,1.0,1.0,5.9025,6.0,1.0,1.0,0.0,0.9585453663766385,0.4832,0.4785621921182266,14.2775,1.0,0.0,0.0,1.0,1.0,0.0,0.8888888955614528,0.3333333333333333,0.95,0.0,1.0,0.0,0.5,1.0,0.3528123504016993,0.007937013196843614,0.0028002762811477006,256.0,2048.0,0.0,0.0,0.6970000000000001,0.725,0.0,0.0,0.0,0.0,0.0,0.0,0.0
13061,O4D,B,0.714,0.7268623569738811,0.7102342037114338,0.428,150,207,24,119,31.15,10.176,0.6557142857142857,0.9420289855072463,0.7954545454545454,0.7628865979381443,0.4689265536723164,7.466,6.0,1.0,1.444,0.0,0.9584309269189835,0.281409489281433,0.5506354679802955,16.16,0.0,0.0,0.0,0.7268623569738811,0.675364907706915,0.1586318007188006,0.7567592519356473,0.3333333333333333,0.95,0.0,0.0,0.19662921348314594,0.5,0.714,0.2144685414182259,0.41251522426383563,0.08847153846067718,256.0,2048.0,0.0,0.0,0.6970000000000001,0.782,0.0,0.0,0.0,0.0,0.0,0.0,0.0
13061,O4D,C,0.71375,0.703192715248378,0.6919097726152859,0.4275,179,392,26,203,31.635,19.94875,0.7614944534632033,0.0,0.8984771573604061,0.9728506787330317,1.0,7.22375,6.0,1.01,1.475,0.0,0.9963340490311384,0.35698753061459826,0.6792675189393939,14.890899621212121,0.5448232808298119,0.44005056830265366,0.060576027275069846,0.6840539592675168,0.4699391267316316,0.4039438550060257,0.559025436412045,0.3333333333333333,0.95,0.02802101576182139,0.564638783269962,0.4221698113207547,0.52,0.71375,0.24618204361130616,0.5391128752276307,0.13271990936070524,256.0,2048.0,0.0,0.0,0.8398571428571429,0.3425,640.0,640.0,83.0,132.0,171.0,254.0,1.0
13061,O4D,C_style_shift,0.62875,0.6315136476426799,0.572137816282173,0.2575,106,397,0,297,31.7625,17.9275,0.6791666666666667,0.0,1.0,1.0,0.49074074074074076,6.02,6.0,1.0,1.37125,0.0,0.9528233425319195,0.24246589630609416,0.4594329844006569,14.953333333333335,,,,,,,,,,,,,,,,,,256.0,2048.0,0.0,0.0,0.8398571428571429,,640.0,640.0,83.0,132.0,171.0,254.0,1.0
13061,O4D,A_after_C,0.66,0.6476683937823834,0.6043636363636363,0.32,57,207,0,136,31.73,17.1525,0.5511666666666667,1.0,1.0,0.0,0.5533980582524272,6.04,6.0,1.0,1.3825,0.0,0.9555770492553711,0.2552333926695022,0.4360621921182266,14.200833333333332,,,,,,,,,,,,,,,,,,256.0,2048.0,0.0,0.0,0.8398571428571429,,640.0,640.0,83.0,132.0,171.0,254.0,1.0
13061,O4D,B_after_C,0.61,0.6357118717713514,0.5741893219783819,0.22,80,225,6,189,31.832,19.518,0.5398666666666667,0.9420289855072463,0.20454545454545456,0.7628865979381443,0.4689265536723164,6.244,6.0,1.0,1.368,0.0,0.9550905685424804,0.2850281907695817,0.5013021346469623,16.07466666666667,,,,,,,,,,,,,,,,,,256.0,2048.0,0.0,0.0,0.8398571428571429,,640.0,640.0,83.0,132.0,171.0,254.0,1.0
13114,O1,A,1.0,1.0,1.0,1.0,212,188,0,0,32.0,23.775,0.0,1.0,1.0,1.0,1.0,0.0,0.0,0.0,0.0,0.0,0.0,0.5,0.0,0.0,0.0,0.0,0.0,1.0,1.0,0.0,0.9999999999999999,0.0,0.97,0.0,0.0,0.0,0.5,1.0,0.2633046061055618,0.007937013196843614,0.0020898521334495536,0.0,0.0,0.0,0.0,0.2277,1.0,0.0,0.0,0.0,0.0,0.0,0.0,0.0
13114,O1,B,0.626,0.6267713887687947,0.625962596259626,0.252,154,159,84,103,18.448,28.976,0.0,0.8742138364779874,0.1941747572815534,0.23333333333333334,0.8986486486486487,0.0,0.0,0.0,0.0,0.0,0.0,0.5,0.0,0.0,0.0,0.0,0.0,0.6267713887687947,0.6267713887687947,0.0,0.22193592632396753,0.0,0.97,0.0,0.0,0.0,0.5,0.626,0.1412868250191076,0.006789669478243969,0.0009592908435102313,0.0,0.0,0.0,0.0,0.2277,0.626,0.0,0.0,0.0,0.0,0.0,0.0,0.0
13114,O1,C,0.50375,0.5041825547394982,0.5036871854094034,0.0075,197,206,211,186,23.1,31.0,0.0,0.0,1.0,0.0,1.0,0.0,0.0,0.0,0.0,0.0,0.0,0.5,0.0,0.0,0.0,0.0,0.0,0.5041825547394982,0.5041825547394982,0.0,0.0001009418023126818,0.0,0.97,0.0,0.0,0.0,0.5,0.50375,0.10649815722881119,0.00631532344237746,0.0006725703089171118,0.0,0.0,0.0,0.0,0.2277,0.50375,0.0,0.0,0.0,0.0,0.0,0.0,0.0
13114,O1,C_style_shift,0.48375,0.4836683417085427,0.4835684420304013,-0.0325,201,186,212,201,25.4375,30.4925,0.0,0.0,1.0,0.0,1.0,0.0,0.0,0.0,0.0,0.0,0.0,0.5,0.0,0.0,,,,,,,,,,,,,,,,,,0.0,0.0,0.0,0.0,0.2277,,0.0,0.0,0.0,0.0,0.0,0.0,0.0
13114,O1,A_after_C,1.0,1.0,1.0,1.0,212,188,0,0,25.5175,30.455,0.0,1.0,1.0,1.0,1.0,0.0,0.0,0.0,0.0,0.0,0.0,0.5,0.0,0.0,,,,,,,,,,,,,,,,,,0.0,0.0,0.0,0.0,0.2277,,0.0,0.0,0.0,0.0,0.0,0.0,0.0
13114,O1,B_after_C,0.626,0.6267713887687947,0.625962596259626,0.252,154,159,84,103,24.972,30.5,0.0,0.8742138364779874,0.1941747572815534,0.23333333333333334,0.8986486486486487,0.0,0.0,0.0,0.0,0.0,0.0,0.5,0.0,0.0,,,,,,,,,,,,,,,,,,0.0,0.0,0.0,0.0,0.2277,,0.0,0.0,0.0,0.0,0.0,0.0,0.0
13114,O3,A,1.0,1.0,1.0,1.0,212,188,0,0,32.0,8.69,0.0,1.0,1.0,1.0,1.0,0.0,0.0,0.0,0.0,0.0,0.0,0.5,0.0,0.0,1.0,0.0,0.0,1.0,1.0,0.0,0.8888888955729233,0.3333333333333333,0.95,0.0,1.0,0.0,0.5,1.0,0.434596817753766,0.007937013196843614,0.00344940067781788,0.0,0.0,0.0,0.0,0.29700000000000004,0.775,0.0,0.0,0.0,0.0,0.0,0.0,0.0
13114,O3,B,0.752,0.747097724616099,0.7420922145127207,0.504,237,139,104,20,31.662,9.91,0.0,0.8742138364779874,0.8058252427184466,0.23333333333333334,0.8986486486486487,0.0,0.0,0.0,0.0,0.0,0.0,0.5,0.0,0.0,0.0,0.0,0.3223931183902869,0.6267713887687947,0.6267713887687947,0.0,0.6988777507272755,0.3333333333333333,0.95,0.1675531914893617,0.0,0.0,0.626,0.752,0.28069215175096834,0.007779132134238785,0.0021835413375145872,0.0,0.0,0.0,0.0,0.29700000000000004,0.752,0.0,0.0,0.0,0.0,0.0,0.0,0.0
13114,O3,C,0.50375,0.5041825547394982,0.5036871854094034,0.0075,197,206,211,186,28.5825,26.10625,0.0,0.0,1.0,0.0,1.0,0.0,0.0,0.0,0.0,0.0,0.0,0.5,0.0,0.0,0.1963026114138985,0.0,0.0,0.5041825547394982,0.5041825547394982,0.0,0.5556228492412839,0.3333333333333333,0.95,0.0,0.2028112449799197,0.0,0.5,0.50375,0.26443601254687504,0.00631532344237746,0.0016699989490461,0.0,0.0,0.0,0.0,0.29700000000000004,0.3775,0.0,0.0,0.0,0.0,0.0,0.0,0.0
13114,O3,C_style_shift,0.48375,0.4836683417085427,0.4835684420304013,-0.0325,201,186,212,201,31.3875,23.2175,0.0,0.0,1.0,0.0,1.0,0.0,0.0,0.0,0.0,0.0,0.0,0.5,0.0,0.0,,,,,,,,,,,,,,,,,,0.0,0.0,0.0,0.0,0.29700000000000004,,0.0,0.0,0.0,0.0,0.0,0.0,0.0
13114,O3,A_after_C,1.0,1.0,1.0,1.0,212,188,0,0,31.395,23.215,0.0,1.0,1.0,1.0,1.0,0.0,0.0,0.0,0.0,0.0,0.0,0.5,0.0,0.0,,,,,,,,,,,,,,,,,,0.0,0.0,0.0,0.0,0.29700000000000004,,0.0,0.0,0.0,0.0,0.0,0.0,0.0
13114,O3,B_after_C,0.626,0.6267713887687947,0.625962596259626,0.252,154,159,84,103,31.338,23.848,0.0,0.8742138364779874,0.1941747572815534,0.23333333333333334,0.8986486486486487,0.0,0.0,0.0,0.0,0.0,0.0,0.5,0.0,0.0,,,,,,,,,,,,,,,,,,0.0,0.0,0.0,0.0,0.29700000000000004,,0.0,0.0,0.0,0.0,0.0,0.0,0.0
13114,O4R,A,1.0,1.0,1.0,1.0,212,188,0,0,32.0,8.69,0.0,1.0,1.0,1.0,1.0,0.0,0.0,0.0,0.0,0.0,0.0,0.5,0.0,0.0,1.0,0.0,0.0,1.0,1.0,0.0,0.8888888955729233,0.3333333333333333,0.95,0.0,1.0,0.0,0.5,1.0,0.434596817753766,0.007937013196843614,0.00344940067781788,0.0,0.0,0.0,0.0,0.29700000000000004,0.775,0.0,0.0,0.0,0.0,0.0,0.0,0.0
13114,O4R,B,0.752,0.747097724616099,0.7420922145127207,0.504,237,139,104,20,31.662,9.646,0.0,0.8742138364779874,0.8058252427184466,0.23333333333333334,0.8986486486486487,0.0,0.0,0.0,0.0,0.0,0.0,0.5,0.0,0.0,0.0,0.0,0.3223931183902869,0.6267713887687947,0.6267713887687947,0.0,0.6988777507272755,0.3333333333333333,0.95,0.1675531914893617,0.0,0.0,0.626,0.752,0.28069215175096834,0.007779132134238785,0.0021835413375145872,0.0,0.0,0.0,0.0,0.29700000000000004,0.752,0.0,0.0,0.0,0.0,0.0,0.0,0.0
13114,O4R,C,0.50375,0.5041825547394982,0.5036871854094034,0.0075,197,206,211,186,30.2125,24.04,0.0,0.0,1.0,0.0,1.0,0.0,0.0,0.0,0.0,0.0,0.0,0.5,0.0,0.0,0.1963026114138985,0.0,0.0,0.5041825547394982,0.5041825547394982,0.0,0.5556228492412839,0.3333333333333333,0.95,0.0,0.2028112449799197,0.0,0.5,0.50375,0.26443601254687504,0.00631532344237746,0.0016699989490461,0.0,0.0,0.0,0.0,0.29700000000000004,0.3775,0.0,0.0,0.0,0.0,0.0,0.0,0.0
13114,O4R,C_style_shift,0.48375,0.4836683417085427,0.4835684420304013,-0.0325,201,186,212,201,30.0175,21.04625,0.0,0.0,1.0,0.0,1.0,0.0,0.0,0.0,0.0,0.0,0.0,0.5,0.0,0.0,,,,,,,,,,,,,,,,,,0.0,0.0,0.0,0.0,0.29700000000000004,,0.0,0.0,0.0,0.0,0.0,0.0,0.0
13114,O4R,A_after_C,1.0,1.0,1.0,1.0,212,188,0,0,30.08,21.1475,0.0,1.0,1.0,1.0,1.0,0.0,0.0,0.0,0.0,0.0,0.0,0.5,0.0,0.0,,,,,,,,,,,,,,,,,,0.0,0.0,0.0,0.0,0.29700000000000004,,0.0,0.0,0.0,0.0,0.0,0.0,0.0
13114,O4R,B_after_C,0.626,0.6267713887687947,0.625962596259626,0.252,154,159,84,103,29.408,21.584,0.0,0.8742138364779874,0.1941747572815534,0.23333333333333334,0.8986486486486487,0.0,0.0,0.0,0.0,0.0,0.0,0.5,0.0,0.0,,,,,,,,,,,,,,,,,,0.0,0.0,0.0,0.0,0.29700000000000004,,0.0,0.0,0.0,0.0,0.0,0.0,0.0
13114,O4M,A,1.0,1.0,1.0,1.0,212,188,0,0,32.0,7.1375,1.0,1.0,1.0,1.0,1.0,6.4225,6.0,1.0,1.0,0.0,0.9544039323925972,0.5287999999999999,0.5100523399014779,15.5775,1.0,0.0,0.0,1.0,1.0,0.0,0.8888888955729233,0.3333333333333333,0.95,0.0,1.0,0.0,0.5,1.0,0.352812350403101,0.007937013196843614,0.002800276281158826,256.0,2048.0,0.0,0.0,0.6970000000000001,0.775,0.0,0.0,0.0,0.0,0.0,0.0,0.0
13114,O4M,B,0.752,0.747097724616099,0.7420922145127207,0.504,237,139,104,20,29.732,16.198,0.6248530303030303,0.8742138364779874,0.8058252427184466,0.23333333333333334,0.8986486486486487,8.066,6.0,1.312,1.868,0.0,0.9617420945167542,0.5985415298732419,0.4678379907448873,14.1392,0.0,0.0,0.5044786421321787,0.48962386511024647,0.6267713887687947,0.0,0.6988777507272755,0.3333333333333333,0.95,0.34308510638297873,0.0,0.0,0.758,0.752,0.24931980893676722,0.008291429242411757,0.0020672175545308237,256.0,2048.0,0.0,0.0,0.6970000000000001,0.752,0.0,0.0,0.0,0.0,0.0,0.0,0.0
13114,O4M,C,0.7675,0.7571801566579635,0.7484787018255579,0.535,197,417,0,186,31.08375,22.62625,0.801251939033189,0.0,1.0,1.0,1.0,7.06625,6.0,1.2325,1.86,0.0,0.9955866133421659,0.28561738716631235,0.649130808080808,15.128037878787877,0.6064001461498645,0.5102636148382005,0.0,0.7571801566579635,0.5041825547394982,0.5102636148382005,0.5556228492412839,0.3333333333333333,0.95,0.0,0.6265060240963854,0.5314861460957178,0.5,0.7675,0.2664477948384853,0.5886369626310735,0.15684102065347338,256.0,2048.0,0.0,0.0,0.6970000000000001,0.3775,0.0,0.0,0.0,0.0,0.0,0.0,0.0
13114,O4M,C_style_shift,0.62625,0.6281094527363185,0.5674307156743071,0.2525,103,398,0,299,31.45625,20.60625,0.6765000000000001,0.0,1.0,1.0,0.5124378109452736,5.90625,6.0,1.25125,1.5025,0.0,0.9519783829897642,0.18297482294617168,0.44679710591133004,15.116,,,,,,,,,,,,,,,,,,256.0,2048.0,0.0,0.0,0.6970000000000001,,0.0,0.0,0.0,0.0,0.0,0.0,0.0
13114,O4M,A_after_C,0.605,0.6273584905660378,0.5550674438906255,0.21,54,188,0,158,31.4375,20.9125,0.5559999999999999,1.0,1.0,0.0,0.5046728971962616,5.9325,6.0,1.245,1.49,0.0,0.9508671087026596,0.1879088279251417,0.4570523399014778,15.4875,,,,,,,,,,,,,,,,,,256.0,2048.0,0.0,0.0,0.6970000000000001,,0.0,0.0,0.0,0.0,0.0,0.0,0.0
13114,O4M,B_after_C,0.604,0.6142255528334214,0.5494347454078753,0.208,64,238,5,193,31.398,21.41,0.5563999999999999,0.8742138364779874,0.1941747572815534,0.7666666666666667,0.5,5.916,6.0,1.318,1.636,0.0,0.9585343135595321,0.2026221775615863,0.42719556650246304,14.028799999999999,,,,,,,,,,,,,,,,,,256.0,2048.0,0.0,0.0,0.6970000000000001,,0.0,0.0,0.0,0.0,0.0,0.0,0.0
13114,O4D,A,1.0,1.0,1.0,1.0,212,188,0,0,32.0,7.1375,1.0,1.0,1.0,1.0,1.0,6.4225,6.0,1.0,1.0,0.0,0.9544039323925972,0.5287999999999999,0.5100523399014779,15.5775,1.0,0.0,0.0,1.0,1.0,0.0,0.8888888955729233,0.3333333333333333,0.95,0.0,1.0,0.0,0.5,1.0,0.352812350403101,0.007937013196843614,0.002800276281158826,256.0,2048.0,0.0,0.0,0.6970000000000001,0.775,0.0,0.0,0.0,0.0,0.0,0.0,0.0
13114,O4D,B,0.752,0.747097724616099,0.7420922145127207,0.504,237,139,104,20,29.732,16.198,0.6248530303030303,0.8742138364779874,0.8058252427184466,0.23333333333333334,0.8986486486486487,8.066,6.0,1.312,1.868,0.0,0.9617420945167542,0.5985415298732419,0.4678379907448873,14.1392,0.0,0.0,0.5044786421321787,0.48962386511024647,0.6267713887687947,0.0,0.6988777507272755,0.3333333333333333,0.95,0.34308510638297873,0.0,0.0,0.758,0.752,0.24931980893676722,0.008291429242411757,0.0020672175545308237,256.0,2048.0,0.0,0.0,0.6970000000000001,0.752,0.0,0.0,0.0,0.0,0.0,0.0,0.0
13114,O4D,C,0.7675,0.7571801566579635,0.7484787018255579,0.535,197,417,0,186,30.9575,22.985,0.801251939033189,0.0,1.0,1.0,1.0,7.06625,6.0,1.2325,1.86,0.0,0.9955866133421659,0.28561738716631235,0.649130808080808,15.128037878787877,0.6064001461498645,0.5102636148382005,0.0,0.7571801566579635,0.5041825547394982,0.5102636148382005,0.5556228492412839,0.3333333333333333,0.95,0.0,0.6265060240963854,0.5314861460957178,0.5,0.7675,0.24966790978032766,0.5886369626310735,0.14696376007954096,256.0,2048.0,0.0,0.0,0.8398571428571429,0.3775,640.0,640.0,70.0,110.0,201.0,259.0,1.0
13114,O4D,C_style_shift,0.62625,0.6281094527363185,0.5674307156743071,0.2525,103,398,0,299,31.585,19.765,0.6765000000000001,0.0,1.0,1.0,0.5124378109452736,5.90625,6.0,1.25125,1.5025,0.0,0.9519783829897642,0.18297482294617168,0.44679710591133004,15.116,,,,,,,,,,,,,,,,,,256.0,2048.0,0.0,0.0,0.8398571428571429,,640.0,640.0,70.0,110.0,201.0,259.0,1.0
13114,O4D,A_after_C,0.605,0.6273584905660378,0.5550674438906255,0.21,54,188,0,158,31.55,20.0075,0.5559999999999999,1.0,1.0,0.0,0.5046728971962616,5.9325,6.0,1.245,1.49,0.0,0.9508671087026596,0.1879088279251417,0.4570523399014778,15.4875,,,,,,,,,,,,,,,,,,256.0,2048.0,0.0,0.0,0.8398571428571429,,640.0,640.0,70.0,110.0,201.0,259.0,1.0
13114,O4D,B_after_C,0.604,0.6142255528334214,0.5494347454078753,0.208,64,238,5,193,31.472,20.716,0.5563999999999999,0.8742138364779874,0.1941747572815534,0.7666666666666667,0.5,5.916,6.0,1.318,1.636,0.0,0.9585343135595321,0.2026221775615863,0.42719556650246304,14.028799999999999,,,,,,,,,,,,,,,,,,256.0,2048.0,0.0,0.0,0.8398571428571429,,640.0,640.0,70.0,110.0,201.0,259.0,1.0
13167,O1,A,1.0,1.0,1.0,1.0,193,207,0,0,32.0,25.1175,0.0,1.0,1.0,1.0,1.0,0.0,0.0,0.0,0.0,0.0,0.0,0.5,0.0,0.0,0.0,0.0,0.0,1.0,1.0,0.0,0.9999999999999999,0.0,0.97,0.0,0.0,0.0,0.5,1.0,0.2633046061055618,0.007937013196843614,0.0020898521334495536,0.0,0.0,0.0,0.0,0.2277,1.0,0.0,0.0,0.0,0.0,0.0,0.0,0.0
13167,O1,B,0.626,0.6246556473829201,0.6245567963250735,0.252,141,172,86,101,17.69,28.468,0.0,0.9161676646706587,0.1792452830188679,0.20987654320987653,0.8493150684931506,0.0,0.0,0.0,0.0,0.0,0.0,0.5,0.0,0.0,0.0,0.0,0.0,0.6246556473829201,0.6246556473829201,0.0,0.20640344561166413,0.0,0.97,0.0,0.0,0.0,0.5,0.626,0.1388509859983838,0.006789669478243969,0.0009427523016573071,0.0,0.0,0.0,0.0,0.2277,0.626,0.0,0.0,0.0,0.0,0.0,0.0,0.0
13167,O1,C,0.5225,0.5225816533833412,0.5225,0.045,209,209,196,186,21.33625,30.245,0.0,0.0,1.0,0.0,1.0,0.0,0.0,0.0,0.0,0.0,0.0,0.5,0.0,0.0,0.0,0.0,0.0,0.5225816533833412,0.5225816533833412,0.0,0.002941895275085149,0.0,0.97,0.0,0.0,0.0,0.5,0.5225,0.10694368202637675,0.006392724663248785,0.0006836615136686544,0.0,0.0,0.0,0.0,0.2277,0.5225,0.0,0.0,0.0,0.0,0.0,0.0,0.0
13167,O1,C_style_shift,0.5125,0.5110397430750703,0.511020838035056,0.025,227,183,193,197,23.32,30.0,0.0,0.0,1.0,0.0,1.0,0.0,0.0,0.0,0.0,0.0,0.0,0.5,0.0,0.0,,,,,,,,,,,,,,,,,,0.0,0.0,0.0,0.0,0.2277,,0.0,0.0,0.0,0.0,0.0,0.0,0.0
13167,O1,A_after_C,1.0,1.0,1.0,1.0,193,207,0,0,22.7,30.0,0.0,1.0,1.0,1.0,1.0,0.0,0.0,0.0,0.0,0.0,0.0,0.5,0.0,0.0,,,,,,,,,,,,,,,,,,0.0,0.0,0.0,0.0,0.2277,,0.0,0.0,0.0,0.0,0.0,0.0,0.0
13167,O1,B_after_C,0.626,0.6246556473829201,0.6245567963250735,0.252,141,172,86,101,22.324,30.0,0.0,0.9161676646706587,0.1792452830188679,0.20987654320987653,0.8493150684931506,0.0,0.0,0.0,0.0,0.0,0.0,0.5,0.0,0.0,,,,,,,,,,,,,,,,,,0.0,0.0,0.0,0.0,0.2277,,0.0,0.0,0.0,0.0,0.0,0.0,0.0
13167,O3,A,1.0,1.0,1.0,1.0,193,207,0,0,32.0,7.69,0.0,1.0,1.0,1.0,1.0,0.0,0.0,0.0,0.0,0.0,0.0,0.5,0.0,0.0,1.0,0.0,0.0,1.0,1.0,0.0,0.8888888955614528,0.3333333333333333,0.95,0.0,1.0,0.0,0.5,1.0,0.4345968177520394,0.007937013196843614,0.0034494006778041757,0.0,0.0,0.0,0.0,0.29700000000000004,0.765,0.0,0.0,0.0,0.0,0.0,0.0,0.0
13167,O3,B,0.762,0.7675860080722661,0.7565217391304347,0.524,228,153,105,14,31.676,6.932,0.0,0.9161676646706587,0.8207547169811321,0.20987654320987653,0.8493150684931506,0.0,0.0,0.0,0.0,0.0,0.0,0.5,0.0,0.0,0.0,0.0,0.5351720161445321,0.5,0.6246556473829201,0.0,0.6891859105965984,0.3333333333333333,0.95,0.36482939632545935,0.0,0.0,0.778,0.762,0.30892813827986837,0.008400630810530598,0.0025951912366737194,0.0,0.0,0.0,0.0,0.29700000000000004,0.762,0.0,0.0,0.0,0.0,0.0,0.0,0.0
13167,O3,C,0.5225,0.5225816533833412,0.5225,0.045,209,209,196,186,31.475,27.70875,0.0,0.0,1.0,0.0,1.0,0.0,0.0,0.0,0.0,0.0,0.0,0.5,0.0,0.0,0.2135409962672159,0.0,0.0,0.5225816533833412,0.5225816533833412,0.0,0.5575160967804501,0.3333333333333333,0.95,0.0,0.21560574948665293,0.0,0.5,0.5225,0.26664687468114256,0.006392724663248785,0.001704600052152348,0.0,0.0,0.0,0.0,0.29700000000000004,0.39125,0.0,0.0,0.0,0.0,0.0,0.0,0.0
13167,O3,C_style_shift,0.5125,0.5110397430750703,0.511020838035056,0.025,227,183,193,197,31.77125,24.775,0.0,0.0,1.0,0.0,1.0,0.0,0.0,0.0,0.0,0.0,0.0,0.5,0.0,0.0,,,,,,,,,,,,,,,,,,0.0,0.0,0.0,0.0,0.29700000000000004,,0.0,0.0,0.0,0.0,0.0,0.0,0.0
13167,O3,A_after_C,1.0,1.0,1.0,1.0,193,207,0,0,31.765,24.555,0.0,1.0,1.0,1.0,1.0,0.0,0.0,0.0,0.0,0.0,0.0,0.5,0.0,0.0,,,,,,,,,,,,,,,,,,0.0,0.0,0.0,0.0,0.29700000000000004,,0.0,0.0,0.0,0.0,0.0,0.0,0.0
13167,O3,B_after_C,0.626,0.6246556473829201,0.6245567963250735,0.252,141,172,86,101,31.788,25.18,0.0,0.9161676646706587,0.1792452830188679,0.20987654320987653,0.8493150684931506,0.0,0.0,0.0,0.0,0.0,0.0,0.5,0.0,0.0,,,,,,,,,,,,,,,,,,0.0,0.0,0.0,0.0,0.29700000000000004,,0.0,0.0,0.0,0.0,0.0,0.0,0.0
13167,O4R,A,1.0,1.0,1.0,1.0,193,207,0,0,32.0,7.69,0.0,1.0,1.0,1.0,1.0,0.0,0.0,0.0,0.0,0.0,0.0,0.5,0.0,0.0,1.0,0.0,0.0,1.0,1.0,0.0,0.8888888955614528,0.3333333333333333,0.95,0.0,1.0,0.0,0.5,1.0,0.4345968177520394,0.007937013196843614,0.0034494006778041757,0.0,0.0,0.0,0.0,0.29700000000000004,0.765,0.0,0.0,0.0,0.0,0.0,0.0,0.0
13167,O4R,B,0.762,0.7675860080722661,0.7565217391304347,0.524,228,153,105,14,31.11,5.58,0.0,0.9161676646706587,0.8207547169811321,0.20987654320987653,0.8493150684931506,0.0,0.0,0.0,0.0,0.0,0.0,0.5,0.0,0.0,0.0,0.0,0.5351720161445321,0.5,0.6246556473829201,0.0,0.6891859105965984,0.3333333333333333,0.95,0.36482939632545935,0.0,0.0,0.778,0.762,0.30892813827986837,0.008400630810530598,0.0025951912366737194,0.0,0.0,0.0,0.0,0.29700000000000004,0.762,0.0,0.0,0.0,0.0,0.0,0.0,0.0
13167,O4R,C,0.5225,0.5225816533833412,0.5225,0.045,209,209,196,186,27.96625,26.21375,0.0,0.0,1.0,0.0,1.0,0.0,0.0,0.0,0.0,0.0,0.0,0.5,0.0,0.0,0.2135409962672159,0.0,0.0,0.5225816533833412,0.5225816533833412,0.0,0.5575160967804501,0.3333333333333333,0.95,0.0,0.21560574948665293,0.0,0.5,0.5225,0.26664687468114256,0.006392724663248785,0.001704600052152348,0.0,0.0,0.0,0.0,0.29700000000000004,0.39125,0.0,0.0,0.0,0.0,0.0,0.0,0.0
13167,O4R,C_style_shift,0.6175,0.6227418707346447,0.6165413533834586,0.235,227,267,109,197,28.12875,21.2375,0.0,0.0,1.0,0.43523316062176165,1.0,0.0,0.0,0.0,0.0,0.0,0.0,0.5,0.0,0.0,,,,,,,,,,,,,,,,,,0.0,0.0,0.0,0.0,0.29700000000000004,,0.0,0.0,0.0,0.0,0.0,0.0,0.0
13167,O4R,A_after_C,0.88,0.8756476683937824,0.8770460308921848,0.76,145,207,0,48,27.725,21.51,0.0,1.0,1.0,0.5,1.0,0.0,0.0,0.0,0.0,0.0,0.0,0.5,0.0,0.0,,,,,,,,,,,,,,,,,,0.0,0.0,0.0,0.0,0.29700000000000004,,0.0,0.0,0.0,0.0,0.0,0.0,0.0
13167,O4R,B_after_C,0.672,0.6683323723492857,0.6658189880020866,0.344,134,202,56,108,27.314,21.904,0.0,0.9161676646706587,0.1792452830188679,0.49382716049382713,0.8493150684931506,0.0,0.0,0.0,0.0,0.0,0.0,0.5,0.0,0.0,,,,,,,,,,,,,,,,,,0.0,0.0,0.0,0.0,0.29700000000000004,,0.0,0.0,0.0,0.0,0.0,0.0,0.0
13167,O4M,A,1.0,1.0,1.0,1.0,193,207,0,0,32.0,6.9225,1.0,1.0,1.0,1.0,1.0,6.3925,6.0,1.0,1.0,0.0,0.9613320243358612,0.4832,0.48997536945812803,14.3625,1.0,0.0,0.0,1.0,1.0,0.0,0.8888888955614528,0.3333333333333333,0.95,0.0,1.0,0.0,0.5,1.0,0.3528123504016993,0.007937013196843614,0.0028002762811477006,256.0,2048.0,0.0,0.0,0.6970000000000001,0.765,0.0,0.0,0.0,0.0,0.0,0.0,0.0
13167,O4M,B,0.74,0.7352488948683452,0.732073667375641,0.48,142,228,30,100,29.762,7.558,0.7110666666666666,0.9161676646706587,0.8207547169811321,0.7901234567901234,0.4520547945205479,6.526,6.0,1.0,1.546,0.0,0.9640561809539795,0.3980449778090783,0.5182733990147783,13.612,0.0,0.0,0.0,0.7352488948683452,0.6246556473829201,0.29464476210795826,0.6891859105965984,0.3333333333333333,0.95,0.0,0.0,0.3048128342245989,0.5,0.74,0.2062112243528013,0.4831469969569074,0.09963033378486302,256.0,2048.0,0.0,0.0,0.6970000000000001,0.762,0.0,0.0,0.0,0.0,0.0,0.0,0.0
13167,O4M,C,0.76,0.757149554617909,0.7456532538499752,0.52,209,399,6,186,30.96125,23.94375,0.7876863275613276,0.0,1.0,0.9693877551020408,1.0,6.9675,6.0,1.1175,1.11625,0.0,0.9999822219461203,0.29504617946868383,0.7385242424242423,15.034515151515151,0.5999485133221778,0.49132569558101463,0.0,0.7645569620253165,0.5225816533833412,0.5068412438625206,0.5575160967804501,0.3333333333333333,0.95,0.0,0.6057494866529775,0.5130890052356021,0.49250000000000005,0.76,0.2641427413580777,0.5769501338135025,0.1523971899724083,256.0,2048.0,0.0,0.0,0.6970000000000001,0.39125,0.0,0.0,0.0,0.0,0.0,0.0,0.0
13167,O4M,C_style_shift,0.62125,0.6426886792452831,0.5784164528892561,0.2425,121,376,0,303,31.4175,21.77,0.6496607142857143,0.0,1.0,1.0,0.5330396475770925,5.9275,6.0,1.24625,1.13625,0.0,0.9600225713104009,0.22490566869551173,0.4982373768472906,15.45625,,,,,,,,,,,,,,,,,,256.0,2048.0,0.0,0.0,0.6970000000000001,,0.0,0.0,0.0,0.0,0.0,0.0,0.0
13167,O4M,A_after_C,0.68,0.6683937823834196,0.633856803684316,0.36,65,207,0,128,31.4075,21.25,0.6426428571428571,1.0,1.0,0.0,0.6701030927835051,5.9125,6.0,1.2825,1.12,0.0,0.9612946131825447,0.23961155753944788,0.48997536945812814,14.3625,,,,,,,,,,,,,,,,,,256.0,2048.0,0.0,0.0,0.6970000000000001,,0.0,0.0,0.0,0.0,0.0,0.0,0.0
13167,O4M,B_after_C,0.604,0.5923185341789993,0.5355078447563997,0.208,55,247,11,187,31.454,21.342,0.5430761904761905,0.9161676646706587,0.1792452830188679,0.7901234567901234,0.4520547945205479,5.8,6.0,1.334,1.088,0.0,0.9639519819021225,0.2157394214087646,0.5182733990147783,13.612,,,,,,,,,,,,,,,,,,256.0,2048.0,0.0,0.0,0.6970000000000001,,0.0,0.0,0.0,0.0,0.0,0.0,0.0
13167,O4D,A,1.0,1.0,1.0,1.0,193,207,0,0,32.0,6.9225,1.0,1.0,1.0,1.0,1.0,6.3925,6.0,1.0,1.0,0.0,0.9613320243358612,0.4832,0.48997536945812803,14.3625,1.0,0.0,0.0,1.0,1.0,0.0,0.8888888955614528,0.3333333333333333,0.95,0.0,1.0,0.0,0.5,1.0,0.3528123504016993,0.007937013196843614,0.0028002762811477006,256.0,2048.0,0.0,0.0,0.6970000000000001,0.765,0.0,0.0,0.0,0.0,0.0,0.0,0.0
13167,O4D,B,0.74,0.7352488948683452,0.732073667375641,0.48,142,228,30,100,29.762,7.558,0.7110666666666666,0.9161676646706587,0.8207547169811321,0.7901234567901234,0.4520547945205479,6.526,6.0,1.0,1.546,0.0,0.9640561809539795,0.3980449778090783,0.5182733990147783,13.612,0.0,0.0,0.0,0.7352488948683452,0.6246556473829201,0.29464476210795826,0.6891859105965984,0.3333333333333333,0.95,0.0,0.0,0.3048128342245989,0.5,0.74,0.2062112243528013,0.4831469969569074,0.09963033378486302,256.0,2048.0,0.0,0.0,0.6970000000000001,0.762,0.0,0.0,0.0,0.0,0.0,0.0,0.0
13167,O4D,C,0.76,0.757149554617909,0.7456532538499752,0.52,209,399,6,186,30.95625,23.08125,0.7876863275613276,0.0,1.0,0.9693877551020408,1.0,6.9675,6.0,1.1175,1.11625,0.0,0.9999822219461203,0.29504617946868383,0.7385242424242423,15.034515151515151,0.5999485133221778,0.49132569558101463,0.0,0.7645569620253165,0.5225816533833412,0.5068412438625206,0.5575160967804501,0.3333333333333333,0.95,0.0,0.6057494866529775,0.5130890052356021,0.49250000000000005,0.76,0.24750801994249247,0.5769501338135025,0.14279978522573605,256.0,2048.0,0.0,0.0,0.8398571428571429,0.39125,640.0,640.0,101.0,118.0,193.0,228.0,1.0
13167,O4D,C_style_shift,0.62125,0.6426886792452831,0.5784164528892561,0.2425,121,376,0,303,31.42625,21.54875,0.6496607142857143,0.0,1.0,1.0,0.5330396475770925,5.9275,6.0,1.24625,1.13625,0.0,0.9600225713104009,0.22490566869551173,0.4982373768472906,15.45625,,,,,,,,,,,,,,,,,,256.0,2048.0,0.0,0.0,0.8398571428571429,,640.0,640.0,101.0,118.0,193.0,228.0,1.0
13167,O4D,A_after_C,0.68,0.6683937823834196,0.633856803684316,0.36,65,207,0,128,31.42,21.075,0.6426428571428571,1.0,1.0,0.0,0.6701030927835051,5.9125,6.0,1.2825,1.12,0.0,0.9612946131825447,0.23961155753944788,0.48997536945812814,14.3625,,,,,,,,,,,,,,,,,,256.0,2048.0,0.0,0.0,0.8398571428571429,,640.0,640.0,101.0,118.0,193.0,228.0,1.0
13167,O4D,B_after_C,0.604,0.5923185341789993,0.5355078447563997,0.208,55,247,11,187,31.464,21.048,0.5430761904761905,0.9161676646706587,0.1792452830188679,0.7901234567901234,0.4520547945205479,5.8,6.0,1.334,1.088,0.0,0.9639519819021225,0.2157394214087646,0.5182733990147783,13.612,,,,,,,,,,,,,,,,,,256.0,2048.0,0.0,0.0,0.8398571428571429,,640.0,640.0,101.0,118.0,193.0,228.0,1.0
13220,O1,A,1.0,1.0,1.0,1.0,200,200,0,0,32.0,25.34,0.0,1.0,1.0,1.0,1.0,0.0,0.0,0.0,0.0,0.0,0.0,0.5,0.0,0.0,0.0,0.0,0.0,1.0,1.0,0.0,0.9999999999999999,0.0,0.97,0.0,0.0,0.0,0.5,1.0,0.2633046061055618,0.007937013196843614,0.0020898521334495536,0.0,0.0,0.0,0.0,0.2277,1.0,0.0,0.0,0.0,0.0,0.0,0.0,0.0
13220,O1,B,0.62,0.620137299771167,0.6199939199027185,0.24,156,154,99,91,19.242,29.254,0.0,0.8888888888888888,0.1956521739130435,0.20952380952380953,0.8933333333333333,0.0,0.0,0.0,0.0,0.0,0.0,0.5,0.0,0.0,0.0,0.0,0.0,0.620137299771167,0.620137299771167,0.0,0.19369696831595984,0.0,0.97,0.0,0.0,0.0,0.5,0.62,0.13685832727334826,0.006767907602693059,0.0009262445136451484,0.0,0.0,0.0,0.0,0.2277,0.62,0.0,0.0,0.0,0.0,0.0,0.0,0.0
13220,O1,C,0.4825,0.48252801580009874,0.48244824482448245,-0.035,197,189,212,202,22.6075,31.0225,0.0,0.0,1.0,0.0,1.0,0.0,0.0,0.0,0.0,0.0,0.0,0.5,0.0,0.0,0.0,0.0,0.0,0.48252801580009874,0.48252801580009874,0.0,0.0017621148316134816,0.0,0.97,0.0,0.0,0.0,0.5,0.4825,0.10675866616874759,0.0062252437876041625,0.0006645987233399026,0.0,0.0,0.0,0.0,0.2277,0.4825,0.0,0.0,0.0,0.0,0.0,0.0,0.0
13220,O1,C_style_shift,0.47875,0.47869321733043324,0.4786514325364639,-0.0425,197,186,212,205,24.8925,30.2425,0.0,0.0,1.0,0.0,1.0,0.0,0.0,0.0,0.0,0.0,0.0,0.5,0.0,0.0,,,,,,,,,,,,,,,,,,0.0,0.0,0.0,0.0,0.2277,,0.0,0.0,0.0,0.0,0.0,0.0,0.0
13220,O1,A_after_C,1.0,1.0,1.0,1.0,200,200,0,0,24.6625,30.3775,0.0,1.0,1.0,1.0,1.0,0.0,0.0,0.0,0.0,0.0,0.0,0.5,0.0,0.0,,,,,,,,,,,,,,,,,,0.0,0.0,0.0,0.0,0.2277,,0.0,0.0,0.0,0.0,0.0,0.0,0.0
13220,O1,B_after_C,0.62,0.620137299771167,0.6199939199027185,0.24,156,154,99,91,24.874,30.252,0.0,0.8888888888888888,0.1956521739130435,0.20952380952380953,0.8933333333333333,0.0,0.0,0.0,0.0,0.0,0.0,0.5,0.0,0.0,,,,,,,,,,,,,,,,,,0.0,0.0,0.0,0.0,0.2277,,0.0,0.0,0.0,0.0,0.0,0.0,0.0
13220,O3,A,1.0,1.0,1.0,1.0,200,200,0,0,32.0,8.115,0.0,1.0,1.0,1.0,1.0,0.0,0.0,0.0,0.0,0.0,0.0,0.5,0.0,0.0,1.0,0.0,0.0,1.0,1.0,0.0,0.8888888955555554,0.3333333333333333,0.95,0.0,1.0,0.0,0.5,1.0,0.4345968177511517,0.007937013196843614,0.00344940067779713,0.0,0.0,0.0,0.0,0.29700000000000004,0.795,0.0,0.0,0.0,0.0,0.0,0.0,0.0
13220,O3,B,0.732,0.7343617480917253,0.7221807566635152,0.464,230,136,117,17,31.542,7.512,0.0,0.8888888888888888,0.8043478260869565,0.20952380952380953,0.8933333333333333,0.0,0.0,0.0,0.0,0.0,0.0,0.5,0.0,0.0,0.0,0.0,0.5231392375973113,0.44294378390488226,0.620137299771167,0.0,0.681215043739121,0.3333333333333333,0.95,0.3989071038251366,0.0,0.0,0.792,0.732,0.3128578495958562,0.008338331072873111,0.0026087123286773904,0.0,0.0,0.0,0.0,0.29700000000000004,0.732,0.0,0.0,0.0,0.0,0.0,0.0,0.0
13220,O3,C,0.4825,0.48252801580009874,0.48244824482448245,-0.035,197,189,212,202,31.645,22.79125,0.0,0.0,1.0,0.0,1.0,0.0,0.0,0.0,0.0,0.0,0.0,0.5,0.0,0.0,0.18467128845472094,0.0,0.0,0.5,0.48252801580009874,0.033764116190591234,0.556730039794346,0.3333333333333333,0.95,0.0,0.18503937007874013,0.03623188405797099,0.48125,0.4825,0.2619275742583175,0.2033874988691325,0.05327279421325816,0.0,0.0,0.0,0.0,0.29700000000000004,0.365,0.0,0.0,0.0,0.0,0.0,0.0,0.0
13220,O3,C_style_shift,0.49625,0.4974936873421835,0.4637311603134445,-0.0075,100,297,101,302,31.64125,19.83375,0.0,0.0,1.0,0.5235849056603774,0.5076142131979695,0.0,0.0,0.0,0.0,0.0,0.0,0.5,0.0,0.0,,,,,,,,,,,,,,,,,,0.0,0.0,0.0,0.0,0.29700000000000004,,0.0,0.0,0.0,0.0,0.0,0.0,0.0
13220,O3,A_after_C,0.7925,0.7925,0.7831638484498175,0.585,117,200,0,83,31.7025,20.72,0.0,1.0,1.0,0.57,0.6,0.0,0.0,0.0,0.0,0.0,0.0,0.5,0.0,0.0,,,,,,,,,,,,,,,,,,0.0,0.0,0.0,0.0,0.29700000000000004,,0.0,0.0,0.0,0.0,0.0,0.0,0.0
13220,O3,B_after_C,0.56,0.5570562160951177,0.5301635031009209,0.12,77,203,50,170,31.718,20.55,0.0,0.8888888888888888,0.1956521739130435,0.4857142857142857,0.5,0.0,0.0,0.0,0.0,0.0,0.0,0.5,0.0,0.0,,,,,,,,,,,,,,,,,,0.0,0.0,0.0,0.0,0.29700000000000004,,0.0,0.0,0.0,0.0,0.0,0.0,0.0
13220,O4R,A,1.0,1.0,1.0,1.0,200,200,0,0,32.0,9.1925,0.0,1.0,1.0,1.0,1.0,0.0,0.0,0.0,0.0,0.0,0.0,0.5,0.0,0.0,1.0,0.0,0.0,1.0,1.0,0.0,0.8888888955555554,0.3333333333333333,0.95,0.0,1.0,0.0,0.5,1.0,0.4345968177511517,0.007937013196843614,0.00344940067779713,0.0,0.0,0.0,0.0,0.29700000000000004,0.795,0.0,0.0,0.0,0.0,0.0,0.0,0.0
13220,O4R,B,0.732,0.7343617480917253,0.7221807566635152,0.464,230,136,117,17,31.51,11.856,0.0,0.8888888888888888,0.8043478260869565,0.20952380952380953,0.8933333333333333,0.0,0.0,0.0,0.0,0.0,0.0,0.5,0.0,0.0,0.0,0.0,0.5716460661110109,0.37986270022883295,0.620137299771167,0.0,0.681215043739121,0.3333333333333333,0.95,0.4808743169398907,0.0,0.0,0.852,0.732,0.3251958988194906,0.008543790546357522,0.0027784056460482013,0.0,0.0,0.0,0.0,0.29700000000000004,0.732,0.0,0.0,0.0,0.0,0.0,0.0,0.0
13220,O4R,C,0.7475,0.7468671679197995,0.7299393031899248,0.495,197,401,0,202,31.3675,9.6725,0.0,0.0,1.0,1.0,1.0,0.0,0.0,0.0,0.0,0.0,0.0,0.5,0.0,0.0,0.6011639815653681,0.0,0.4937343358395989,0.5,0.48252801580009874,0.033764116190591234,0.556730039794346,0.3333333333333333,0.95,0.32943143812709036,0.6023622047244095,0.03623188405797099,0.7462500000000001,0.7475,0.374332164158559,0.2723954628387931,0.10196638311141777,0.0,0.0,0.0,0.0,0.29700000000000004,0.365,0.0,0.0,0.0,0.0,0.0,0.0,0.0
13220,O4R,C_style_shift,0.49875,0.5000062501562539,0.46568865038083007,-0.0025,100,299,99,302,28.22375,8.67375,0.0,0.0,0.46774193548387094,1.0,0.5076142131979695,0.0,0.0,0.0,0.0,0.0,0.0,0.5,0.0,0.0,,,,,,,,,,,,,,,,,,0.0,0.0,0.0,0.0,0.29700000000000004,,0.0,0.0,0.0,0.0,0.0,0.0,0.0
13220,O4R,A_after_C,0.56,0.5599999999999999,0.5280995280995281,0.12,60,164,36,140,29.17,8.365,0.0,1.0,0.5609756097560976,0.0,0.6,0.0,0.0,0.0,0.0,0.0,0.0,0.5,0.0,0.0,,,,,,,,,,,,,,,,,,0.0,0.0,0.0,0.0,0.29700000000000004,,0.0,0.0,0.0,0.0,0.0,0.0,0.0
13220,O4R,B_after_C,0.68,0.6769774847578052,0.6567996567996568,0.36,105,235,18,142,29.01,8.812,0.0,0.8888888888888888,0.5,0.7904761904761904,0.5,0.0,0.0,0.0,0.0,0.0,0.0,0.5,0.0,0.0,,,,,,,,,,,,,,,,,,0.0,0.0,0.0,0.0,0.29700000000000004,,0.0,0.0,0.0,0.0,0.0,0.0,0.0
13220,O4M,A,1.0,1.0,1.0,1.0,200,200,0,0,32.0,6.825,1.0,1.0,1.0,1.0,1.0,7.075,6.0,1.0,1.0,0.0,0.9639140649139881,0.5,0.5099291871921182,14.8325,1.0,0.0,0.0,1.0,1.0,0.0,0.8888888955555554,0.3333333333333333,0.95,0.0,1.0,0.0,0.5,1.0,0.35281235040097864,0.007937013196843614,0.0028002762811419808,256.0,2048.0,0.0,0.0,0.6970000000000001,0.795,0.0,0.0,0.0,0.0,0.0,0.0,0.0
13220,O4M,B,0.558,0.5555119937270967,0.5367866829315324,0.116,86,193,60,161,30.812,11.42,0.599195670995671,0.8823529411764706,0.8043478260869565,0.5142857142857142,0.10666666666666667,8.204,6.0,1.152,1.658,0.0,0.9594397203922271,0.3490731479732361,0.5136256157635468,15.14,0.0,0.34332186720569285,0.0,0.7320654174201084,0.620137299771167,0.29465414103968307,0.681215043739121,0.3333333333333333,0.95,0.0,0.0,0.3,0.32400000000000007,0.558,0.20523720155587852,0.3785309052887149,0.07768862370386914,256.0,2048.0,0.0,0.0,0.6970000000000001,0.732,0.0,0.0,0.0,0.0,0.0,0.0,0.0
13220,O4M,C,0.73625,0.7356452227826423,0.7195896839569749,0.4725,197,392,9,202,18.945,26.71,0.7024681637806637,0.0,1.0,0.9575471698113207,1.0,7.09875,6.0,1.26125,1.61375,0.0,0.997482581436634,0.29788228097288133,0.7123760732323232,15.223728535353535,0.583482687989916,0.4891418563922941,0.0,0.7356452227826423,0.48252801580009874,0.4891418563922941,0.556730039794346,0.3333333333333333,0.95,0.0,0.5846456692913385,0.49033816425120763,0.5,0.73625,0.26146784576419696,0.5651509357600452,0.14776879770479906,256.0,2048.0,0.0,0.0,0.6970000000000001,0.365,0.0,0.0,0.0,0.0,0.0,0.0,0.0
13220,O4M,C_style_shift,0.605,0.605577639440986,0.5999366988447539,0.21,197,287,111,205,25.845,25.09,0.555,0.0,1.0,0.47641509433962265,1.0,5.8575,6.0,1.25625,1.875,0.0,0.9527437055110931,0.2435887980712776,0.46145289408866996,15.025250000000002,,,,,,,,,,,,,,,,,,256.0,2048.0,0.0,0.0,0.6970000000000001,,0.0,0.0,0.0,0.0,0.0,0.0,0.0
13220,O4M,A_after_C,0.8575,0.8574999999999999,0.8545463824792187,0.715,143,200,0,57,24.83,26.0725,0.6779999999999999,1.0,1.0,0.43,1.0,6.005,6.0,1.295,1.85,0.0,0.961852872222662,0.25537341442585093,0.4819291871921182,14.7705,,,,,,,,,,,,,,,,,,256.0,2048.0,0.0,0.0,0.6970000000000001,,0.0,0.0,0.0,0.0,0.0,0.0,0.0
13220,O4M,B_after_C,0.684,0.6828983373605799,0.6808080808080808,0.368,146,196,57,101,25.754,26.11,0.6457999999999999,0.8888888888888888,0.1956521739130435,0.5142857142857142,0.8933333333333333,5.94,6.0,1.306,1.85,0.0,0.9573166583776473,0.2555577934045319,0.4852256157635468,15.074399999999999,,,,,,,,,,,,,,,,,,256.0,2048.0,0.0,0.0,0.6970000000000001,,0.0,0.0,0.0,0.0,0.0,0.0,0.0
13220,O4D,A,1.0,1.0,1.0,1.0,200,200,0,0,32.0,6.825,1.0,1.0,1.0,1.0,1.0,7.075,6.0,1.0,1.0,0.0,0.9639140649139881,0.5,0.5099291871921182,14.8325,1.0,0.0,0.0,1.0,1.0,0.0,0.8888888955555554,0.3333333333333333,0.95,0.0,1.0,0.0,0.5,1.0,0.35281235040097864,0.007937013196843614,0.0028002762811419808,256.0,2048.0,0.0,0.0,0.6970000000000001,0.795,0.0,0.0,0.0,0.0,0.0,0.0,0.0
13220,O4D,B,0.558,0.5555119937270967,0.5367866829315324,0.116,86,193,60,161,30.812,11.42,0.599195670995671,0.8823529411764706,0.8043478260869565,0.5142857142857142,0.10666666666666667,8.204,6.0,1.152,1.658,0.0,0.9594397203922271,0.3490731479732361,0.5136256157635468,15.14,0.0,0.34332186720569285,0.0,0.7320654174201084,0.620137299771167,0.29465414103968307,0.681215043739121,0.3333333333333333,0.95,0.0,0.0,0.3,0.32400000000000007,0.558,0.20523720155587852,0.3785309052887149,0.07768862370386914,256.0,2048.0,0.0,0.0,0.6970000000000001,0.732,0.0,0.0,0.0,0.0,0.0,0.0,0.0
13220,O4D,C,0.705,0.7044731529572059,0.6910489281623302,0.41,197,367,34,202,19.21875,26.92125,0.7024681637806637,0.0,1.0,0.839622641509434,1.0,7.09875,6.0,1.26125,1.61375,0.0,0.997482581436634,0.29788228097288133,0.7123760732323232,15.223728535353535,0.5343679836136604,0.4289027115163958,0.0,0.7044731529572059,0.48252801580009874,0.4289027115163958,0.556730039794346,0.3333333333333333,0.95,0.0,0.5354330708661417,0.42995169082125595,0.5,0.705,0.2393666241856106,0.5331635190013684,0.1276215516822782,256.0,2048.0,0.0,0.0,0.8398571428571429,0.365,640.0,640.0,92.0,111.0,179.0,258.0,1.0
13220,O4D,C_style_shift,0.605,0.605577639440986,0.5999366988447539,0.21,197,287,111,205,26.09625,24.99875,0.555,0.0,1.0,0.47641509433962265,1.0,5.8575,6.0,1.25625,1.875,0.0,0.9527437055110931,0.2435887980712776,0.46145289408866996,15.025250000000002,,,,,,,,,,,,,,,,,,256.0,2048.0,0.0,0.0,0.8398571428571429,,640.0,640.0,92.0,111.0,179.0,258.0,1.0
13220,O4D,A_after_C,0.8575,0.8574999999999999,0.8545463824792187,0.715,143,200,0,57,25.1225,25.99,0.6779999999999999,1.0,1.0,0.43,1.0,6.005,6.0,1.295,1.85,0.0,0.961852872222662,0.25537341442585093,0.4819291871921182,14.7705,,,,,,,,,,,,,,,,,,256.0,2048.0,0.0,0.0,0.8398571428571429,,640.0,640.0,92.0,111.0,179.0,258.0,1.0
13220,O4D,B_after_C,0.684,0.6828983373605799,0.6808080808080808,0.368,146,196,57,101,26.008,25.986,0.6457999999999999,0.8888888888888888,0.1956521739130435,0.5142857142857142,0.8933333333333333,5.94,6.0,1.306,1.85,0.0,0.9573166583776473,0.2555577934045319,0.4852256157635468,15.074399999999999,,,,,,,,,,,,,,,,,,256.0,2048.0,0.0,0.0,0.8398571428571429,,640.0,640.0,92.0,111.0,179.0,258.0,1.0
13273,O1,A,1.0,1.0,1.0,1.0,207,193,0,0,32.0,23.81,0.0,1.0,1.0,1.0,1.0,0.0,0.0,0.0,0.0,0.0,0.0,0.5,0.0,0.0,0.0,0.0,0.0,1.0,1.0,0.0,0.9999999999999999,0.0,0.97,0.0,0.0,0.0,0.5,1.0,0.2633046061055618,0.007937013196843614,0.0020898521334495536,0.0,0.0,0.0,0.0,0.2277,1.0,0.0,0.0,0.0,0.0,0.0,0.0,0.0
13273,O1,B,0.46,0.4690705128205128,0.43558097531607465,-0.08,63,167,73,197,19.642,25.404,0.0,0.5225806451612903,0.6213592233009708,0.7474747474747475,0.07692307692307693,0.0,0.0,0.0,0.0,0.0,0.0,0.5,0.0,0.0,0.0,0.0,0.0,0.5,0.6248397435897436,0.0,0.18784279336970977,0.0,0.97,0.0,0.0,0.0,0.48000000000000004,0.46,0.13594026221778222,0.006044127808607997,0.0008216403191799606,0.0,0.0,0.0,0.0,0.2277,0.624,0.0,0.0,0.0,0.0,0.0,0.0,0.0
13273,O1,C,0.47625,0.47727601405944453,0.4759544055318703,-0.0475,200,181,188,231,21.55875,26.115,0.0,0.0,1.0,0.0,1.0,0.0,0.0,0.0,0.0,0.0,0.0,0.5,0.0,0.0,0.0,0.0,0.0,0.47727601405944453,0.47727601405944453,0.0,0.0029760072984620356,0.0,0.97,0.0,0.0,0.0,0.5,0.47625,0.1069490315516172,0.006198247651238937,0.0006628965836170903,0.0,0.0,0.0,0.0,0.2277,0.47625,0.0,0.0,0.0,0.0,0.0,0.0,0.0
13273,O1,C_style_shift,0.47,0.46992199219921993,0.4699171745585248,-0.06,183,193,211,213,24.6225,23.70125,0.0,0.0,1.0,0.0,1.0,0.0,0.0,0.0,0.0,0.0,0.0,0.5,0.0,0.0,,,,,,,,,,,,,,,,,,0.0,0.0,0.0,0.0,0.2277,,0.0,0.0,0.0,0.0,0.0,0.0,0.0
13273,O1,A_after_C,1.0,1.0,1.0,1.0,207,193,0,0,24.2725,23.82,0.0,1.0,1.0,1.0,1.0,0.0,0.0,0.0,0.0,0.0,0.0,0.5,0.0,0.0,,,,,,,,,,,,,,,,,,0.0,0.0,0.0,0.0,0.2277,,0.0,0.0,0.0,0.0,0.0,0.0,0.0
13273,O1,B_after_C,0.624,0.6248397435897436,0.6239939839037425,0.248,157,155,85,103,24.772,23.638,0.0,0.9032258064516129,0.14563106796116504,0.25252525252525254,0.9230769230769231,0.0,0.0,0.0,0.0,0.0,0.0,0.5,0.0,0.0,,,,,,,,,,,,,,,,,,0.0,0.0,0.0,0.0,0.2277,,0.0,0.0,0.0,0.0,0.0,0.0,0.0
13273,O3,A,1.0,1.0,1.0,1.0,207,193,0,0,32.0,7.2175,0.0,1.0,1.0,1.0,1.0,0.0,0.0,0.0,0.0,0.0,0.0,0.5,0.0,0.0,1.0,0.0,0.0,1.0,1.0,0.0,0.8888888955614528,0.3333333333333333,0.95,0.0,1.0,0.0,0.5,1.0,0.4345968177520394,0.007937013196843614,0.0034494006778041757,0.0,0.0,0.0,0.0,0.29700000000000004,0.765,0.0,0.0,0.0,0.0,0.0,0.0,0.0
13273,O3,B,0.77,0.7628205128205128,0.7593890574327858,0.54,245,140,100,15,29.008,7.772,0.0,0.9032258064516129,0.8543689320388349,0.25252525252525254,0.9230769230769231,0.0,0.0,0.0,0.0,0.0,0.0,0.5,0.0,0.0,0.0,0.0,0.5513792058199454,0.47131410256410255,0.6248397435897436,0.0,0.6775301164296201,0.3333333333333333,0.95,0.37402597402597404,0.0,0.0,0.788,0.77,0.30855796668732777,0.0084658912610308,0.002612218193699681,0.0,0.0,0.0,0.0,0.29700000000000004,0.77,0.0,0.0,0.0,0.0,0.0,0.0,0.0
13273,O3,C,0.47625,0.47727601405944453,0.4759544055318703,-0.0475,200,181,188,231,31.5475,19.845,0.0,0.0,1.0,0.0,1.0,0.0,0.0,0.0,0.0,0.0,0.0,0.5,0.0,0.0,0.18229210211820016,0.0,0.0,0.47727601405944453,0.47727601405944453,0.0,0.5575388212693064,0.3333333333333333,0.95,0.0,0.17029702970297028,0.0,0.5,0.47625,0.2598302364442586,0.006198247651238937,0.0016104921527614838,0.0,0.0,0.0,0.0,0.29700000000000004,0.36875,0.0,0.0,0.0,0.0,0.0,0.0,0.0
13273,O3,C_style_shift,0.47,0.46992199219921993,0.4699171745585248,-0.06,183,193,211,213,31.5175,16.735,0.0,0.0,1.0,0.0,1.0,0.0,0.0,0.0,0.0,0.0,0.0,0.5,0.0,0.0,,,,,,,,,,,,,,,,,,0.0,0.0,0.0,0.0,0.29700000000000004,,0.0,0.0,0.0,0.0,0.0,0.0,0.0
13273,O3,A_after_C,1.0,1.0,1.0,1.0,207,193,0,0,31.53,17.05,0.0,1.0,1.0,1.0,1.0,0.0,0.0,0.0,0.0,0.0,0.0,0.5,0.0,0.0,,,,,,,,,,,,,,,,,,0.0,0.0,0.0,0.0,0.29700000000000004,,0.0,0.0,0.0,0.0,0.0,0.0,0.0
13273,O3,B_after_C,0.624,0.6248397435897436,0.6239939839037425,0.248,157,155,85,103,31.588,17.216,0.0,0.9032258064516129,0.14563106796116504,0.25252525252525254,0.9230769230769231,0.0,0.0,0.0,0.0,0.0,0.0,0.5,0.0,0.0,,,,,,,,,,,,,,,,,,0.0,0.0,0.0,0.0,0.29700000000000004,,0.0,0.0,0.0,0.0,0.0,0.0,0.0
13273,O4R,A,1.0,1.0,1.0,1.0,207,193,0,0,32.0,6.9675,0.0,1.0,1.0,1.0,1.0,0.0,0.0,0.0,0.0,0.0,0.0,0.5,0.0,0.0,1.0,0.0,0.0,1.0,1.0,0.0,0.8888888955614528,0.3333333333333333,0.95,0.0,1.0,0.0,0.5,1.0,0.4345968177520394,0.007937013196843614,0.0034494006778041757,0.0,0.0,0.0,0.0,0.29700000000000004,0.765,0.0,0.0,0.0,0.0,0.0,0.0,0.0
13273,O4R,B,0.77,0.7628205128205128,0.7593890574327858,0.54,245,140,100,15,28.492,7.964,0.0,0.9032258064516129,0.8543689320388349,0.25252525252525254,0.9230769230769231,0.0,0.0,0.0,0.0,0.0,0.0,0.5,0.0,0.0,0.0,0.0,0.5256410256410255,0.5,0.6248397435897436,0.0,0.6775301164296201,0.3333333333333333,0.95,0.3246753246753247,0.0,0.0,0.75,0.77,0.30112949964826674,0.00832755885112722,0.0025076736301314346,0.0,0.0,0.0,0.0,0.29700000000000004,0.77,0.0,0.0,0.0,0.0,0.0,0.0,0.0
13273,O4R,C,0.47625,0.47727601405944453,0.4759544055318703,-0.0475,200,181,188,231,31.43375,19.00625,0.0,0.0,1.0,0.0,1.0,0.0,0.0,0.0,0.0,0.0,0.0,0.5,0.0,0.0,0.18229210211820016,0.0,0.0,0.5,0.47727601405944453,0.04347224644697987,0.5575388212693064,0.3333333333333333,0.95,0.03149606299212601,0.17029702970297028,0.0,0.515,0.47625,0.26457115614593857,0.006259620309686748,0.001656114982368421,0.0,0.0,0.0,0.0,0.29700000000000004,0.36875,0.0,0.0,0.0,0.0,0.0,0.0,0.0
13273,O4R,C_style_shift,0.45625,0.4536828682868287,0.41641973507468316,-0.0875,78,287,117,318,31.5175,15.66375,0.0,0.0,1.0,0.44549763033175355,0.4262295081967213,0.0,0.0,0.0,0.0,0.0,0.0,0.5,0.0,0.0,,,,,,,,,,,,,,,,,,0.0,0.0,0.0,0.0,0.29700000000000004,,0.0,0.0,0.0,0.0,0.0,0.0,0.0
13273,O4R,A_after_C,0.7325,0.7415458937198067,0.717213629245925,0.465,100,193,0,107,31.53,16.0,0.0,1.0,1.0,0.5050505050505051,0.46296296296296297,0.0,0.0,0.0,0.0,0.0,0.0,0.5,0.0,0.0,,,,,,,,,,,,,,,,,,0.0,0.0,0.0,0.0,0.29700000000000004,,0.0,0.0,0.0,0.0,0.0,0.0,0.0
13273,O4R,B_after_C,0.518,0.5286858974358974,0.486952412175194,0.036,68,191,49,192,31.588,16.062,0.0,0.9032258064516129,0.14563106796116504,0.46464646464646464,0.40559440559440557,0.0,0.0,0.0,0.0,0.0,0.0,0.5,0.0,0.0,,,,,,,,,,,,,,,,,,0.0,0.0,0.0,0.0,0.29700000000000004,,0.0,0.0,0.0,0.0,0.0,0.0,0.0
13273,O4M,A,1.0,1.0,1.0,1.0,207,193,0,0,32.0,6.9875,1.0,1.0,1.0,1.0,1.0,7.725,6.0,1.0,1.0,0.0,0.9560443086922169,0.5168,0.5082296798029557,15.225,1.0,0.0,0.0,1.0,1.0,0.0,0.8888888955614528,0.3333333333333333,0.95,0.0,1.0,0.0,0.5,1.0,0.3528123504016993,0.007937013196843614,0.0028002762811477006,256.0,2048.0,0.0,0.0,0.6970000000000001,0.765,0.0,0.0,0.0,0.0,0.0,0.0,0.0
13273,O4M,B,0.72,0.7275641025641025,0.7126436781609196,0.44,140,220,20,120,31.498,8.474,0.6783722222222222,0.9032258064516129,0.8543689320388349,0.7474747474747475,0.40559440559440557,7.96,6.0,1.024,1.59,0.0,0.9629865622520447,0.4436590707663081,0.4994783251231527,14.37,0.0,0.0,0.0,0.7275641025641025,0.6248397435897436,0.2738146091413925,0.6775301164296201,0.3333333333333333,0.95,0.0,0.0,0.25531914893617014,0.5,0.72,0.20478691135926208,0.4512975964635976,0.09241984088363879,256.0,2048.0,0.0,0.0,0.6970000000000001,0.77,0.0,0.0,0.0,0.0,0.0,0.0,0.0
13273,O4M,C,0.71125,0.7320185614849188,0.6977621643369167,0.4225,200,369,0,231,30.32375,8.42,0.6945405393217894,0.0,1.0,1.0,1.0,6.87375,6.0,1.28875,1.44375,0.0,0.9945679003745318,0.27535049692610497,0.6581708333333333,14.541583333333334,0.58079111605101,0.0,0.0,0.7320185614849188,0.47727601405944453,0.48733663324652526,0.5575388212693064,0.3333333333333333,0.95,0.0,0.5425742574257426,0.44868735083532235,0.5,0.71125,0.2564256410228427,0.5423914718336402,0.13908308085026433,256.0,2048.0,0.0,0.0,0.6970000000000001,0.36875,0.0,0.0,0.0,0.0,0.0,0.0,0.0
13273,O4M,C_style_shift,0.6025,0.5984848484848485,0.5233491467500055,0.205,78,404,0,318,31.805,6.95375,0.5489285714285714,0.0,1.0,1.0,0.4262295081967213,5.86875,6.0,1.26625,1.39125,0.0,0.9541392368823289,0.16466785931802988,0.43755665024630547,14.437249999999999,,,,,,,,,,,,,,,,,,256.0,2048.0,0.0,0.0,0.6970000000000001,,0.0,0.0,0.0,0.0,0.0,0.0,0.0
13273,O4M,A_after_C,0.6075,0.6207729468599034,0.5499853100300248,0.215,50,193,0,157,31.75,7.2525,0.5560714285714284,1.0,1.0,0.0,0.46296296296296297,6.01,6.0,1.2475,1.3675,0.0,0.9524862448871135,0.18902511750824225,0.45322967980295564,15.136999999999999,,,,,,,,,,,,,,,,,,256.0,2048.0,0.0,0.0,0.6970000000000001,,0.0,0.0,0.0,0.0,0.0,0.0,0.0
13273,O4M,B_after_C,0.574,0.5895833333333333,0.5081081330740701,0.148,52,235,5,208,31.772,6.778,0.616,0.9032258064516129,0.14563106796116504,0.7474747474747475,0.40559440559440557,5.986,6.0,1.31,1.432,0.0,0.9589210400581359,0.17928222346054629,0.4442783251231527,14.241999999999997,,,,,,,,,,,,,,,,,,256.0,2048.0,0.0,0.0,0.6970000000000001,,0.0,0.0,0.0,0.0,0.0,0.0,0.0
13273,O4D,A,1.0,1.0,1.0,1.0,207,193,0,0,32.0,6.9875,1.0,1.0,1.0,1.0,1.0,7.725,6.0,1.0,1.0,0.0,0.9560443086922169,0.5168,0.5082296798029557,15.225,1.0,0.0,0.0,1.0,1.0,0.0,0.8888888955614528,0.3333333333333333,0.95,0.0,1.0,0.0,0.5,1.0,0.3528123504016993,0.007937013196843614,0.0028002762811477006,256.0,2048.0,0.0,0.0,0.6970000000000001,0.765,0.0,0.0,0.0,0.0,0.0,0.0,0.0
13273,O4D,B,0.72,0.7275641025641025,0.7126436781609196,0.44,140,220,20,120,31.498,8.474,0.6783722222222222,0.9032258064516129,0.8543689320388349,0.7474747474747475,0.40559440559440557,7.96,6.0,1.024,1.59,0.0,0.9629865622520447,0.4436590707663081,0.4994783251231527,14.37,0.0,0.0,0.0,0.7275641025641025,0.6248397435897436,0.2738146091413925,0.6775301164296201,0.3333333333333333,0.95,0.0,0.0,0.25531914893617014,0.5,0.72,0.20478691135926208,0.4512975964635976,0.09241984088363879,256.0,2048.0,0.0,0.0,0.6970000000000001,0.77,0.0,0.0,0.0,0.0,0.0,0.0,0.0
13273,O4D,C,0.71125,0.7320185614849188,0.6977621643369167,0.4225,200,369,0,231,29.17125,8.13875,0.6945405393217894,0.0,1.0,1.0,1.0,6.87375,6.0,1.28875,1.44375,0.0,0.9945679003745318,0.27535049692610497,0.6581708333333333,14.541583333333334,0.58079111605101,0.3489478709184648,0.0,0.7320185614849188,0.47727601405944453,0.48733663324652526,0.5575388212693064,0.3333333333333333,0.95,0.0,0.5425742574257426,0.44868735083532235,0.5,0.71125,0.2402769137086011,0.5423914718336402,0.13032414887405272,256.0,2048.0,0.0,0.0,0.8398571428571429,0.36875,640.0,640.0,94.0,113.0,190.0,243.0,1.0
13273,O4D,C_style_shift,0.6025,0.5984848484848485,0.5233491467500055,0.205,78,404,0,318,31.7075,7.33375,0.5489285714285714,0.0,1.0,1.0,0.4262295081967213,5.86875,6.0,1.26625,1.39125,0.0,0.9541392368823289,0.16466785931802988,0.43755665024630547,14.437249999999999,,,,,,,,,,,,,,,,,,256.0,2048.0,0.0,0.0,0.8398571428571429,,640.0,640.0,94.0,113.0,190.0,243.0,1.0
13273,O4D,A_after_C,0.6075,0.6207729468599034,0.5499853100300248,0.215,50,193,0,157,31.625,7.64,0.5560714285714284,1.0,1.0,0.0,0.46296296296296297,6.01,6.0,1.2475,1.3675,0.0,0.9524862448871135,0.18902511750824225,0.45322967980295564,15.136999999999999,,,,,,,,,,,,,,,,,,256.0,2048.0,0.0,0.0,0.8398571428571429,,640.0,640.0,94.0,113.0,190.0,243.0,1.0
13273,O4D,B_after_C,0.574,0.5895833333333333,0.5081081330740701,0.148,52,235,5,208,31.658,7.226,0.616,0.9032258064516129,0.14563106796116504,0.7474747474747475,0.40559440559440557,5.986,6.0,1.31,1.432,0.0,0.9589210400581359,0.17928222346054629,0.4442783251231527,14.241999999999997,,,,,,,,,,,,,,,,,,256.0,2048.0,0.0,0.0,0.8398571428571429,,640.0,640.0,94.0,113.0,190.0,243.0,1.0
13326,O1,A,1.0,1.0,1.0,1.0,195,205,0,0,32.0,25.11,0.0,1.0,1.0,1.0,1.0,0.0,0.0,0.0,0.0,0.0,0.0,0.5,0.0,0.0,0.0,0.0,0.0,1.0,1.0,0.0,0.9999999999999999,0.0,0.97,0.0,0.0,0.0,0.5,1.0,0.2633046061055618,0.007937013196843614,0.0020898521334495536,0.0,0.0,0.0,0.0,0.2277,1.0,0.0,0.0,0.0,0.0,0.0,0.0,0.0
13326,O1,B,0.668,0.66487354476114,0.6651659647254361,0.336,144,190,75,91,16.908,29.876,0.0,0.9204545454545454,0.26666666666666666,0.2826086956521739,0.9291338582677166,0.0,0.0,0.0,0.0,0.0,0.0,0.5,0.0,0.0,0.0,0.0,0.0,0.66487354476114,0.66487354476114,0.0,0.34100128389293816,0.0,0.97,0.0,0.0,0.0,0.5,0.668,0.15995892571923612,0.006938240161493004,0.0011098334426144802,0.0,0.0,0.0,0.0,0.2277,0.668,0.0,0.0,0.0,0.0,0.0,0.0,0.0
13326,O1,C,0.54625,0.5467351237493417,0.5460450109502573,0.0925,210,227,195,168,22.0875,30.0125,0.0,0.0,1.0,0.0,1.0,0.0,0.0,0.0,0.0,0.0,0.0,0.5,0.0,0.0,0.0,0.0,0.0,0.5467351237493417,0.5467351237493417,0.0,0.0125756015146532,0.0,0.97,0.0,0.0,0.0,0.5,0.54625,0.10845446179215766,0.006488152353157155,0.0007036690714871805,0.0,0.0,0.0,0.0,0.2277,0.54625,0.0,0.0,0.0,0.0,0.0,0.0,0.0
13326,O1,C_style_shift,0.50125,0.5014194686059817,0.5012429862294938,0.0025,202,199,192,207,23.91,29.22375,0.0,0.0,1.0,0.0,1.0,0.0,0.0,0.0,0.0,0.0,0.0,0.5,0.0,0.0,,,,,,,,,,,,,,,,,,0.0,0.0,0.0,0.0,0.2277,,0.0,0.0,0.0,0.0,0.0,0.0,0.0
13326,O1,A_after_C,1.0,1.0,1.0,1.0,195,205,0,0,23.805,29.345,0.0,1.0,1.0,1.0,1.0,0.0,0.0,0.0,0.0,0.0,0.0,0.5,0.0,0.0,,,,,,,,,,,,,,,,,,0.0,0.0,0.0,0.0,0.2277,,0.0,0.0,0.0,0.0,0.0,0.0,0.0
13326,O1,B_after_C,0.668,0.66487354476114,0.6651659647254361,0.336,144,190,75,91,23.084,29.282,0.0,0.9204545454545454,0.26666666666666666,0.2826086956521739,0.9291338582677166,0.0,0.0,0.0,0.0,0.0,0.0,0.5,0.0,0.0,,,,,,,,,,,,,,,,,,0.0,0.0,0.0,0.0,0.2277,,0.0,0.0,0.0,0.0,0.0,0.0,0.0
13326,O3,A,1.0,1.0,1.0,1.0,195,205,0,0,32.0,7.795,0.0,1.0,1.0,1.0,1.0,0.0,0.0,0.0,0.0,0.0,0.0,0.5,0.0,0.0,1.0,0.0,0.0,1.0,1.0,0.0,0.8888888955585627,0.3333333333333333,0.95,0.0,1.0,0.0,0.5,1.0,0.43459681775160436,0.007937013196843614,0.0034494006778007227,0.0,0.0,0.0,0.0,0.29700000000000004,0.7525,0.0,0.0,0.0,0.0,0.0,0.0,0.0
13326,O3,B,0.766,0.7758731433159374,0.7626957759848125,0.532,221,162,103,14,31.496,12.602,0.0,0.9204545454545454,0.7333333333333333,0.2826086956521739,0.9291338582677166,0.0,0.0,0.0,0.0,0.0,0.0,0.5,0.0,0.0,0.0,0.0,0.6629030310348992,0.33512645523885987,0.66487354476114,0.0,0.7710817453971119,0.3333333333333333,0.95,0.5665796344647519,0.0,0.0,0.9339999999999999,0.766,0.3516237366421358,0.008943871672094046,0.0031448775773894556,0.0,0.0,0.0,0.0,0.29700000000000004,0.766,0.0,0.0,0.0,0.0,0.0,0.0,0.0
13326,O3,C,0.54625,0.5467351237493417,0.5460450109502573,0.0925,210,227,195,168,31.285,20.64375,0.0,0.0,1.0,0.0,1.0,0.0,0.0,0.0,0.0,0.0,0.0,0.5,0.0,0.0,0.2217450271247739,0.0,0.0,0.5467351237493417,0.5467351237493417,0.0,0.5639260275630286,0.3333333333333333,0.95,0.0,0.23093220338983053,0.0,0.5,0.54625,0.2699187266083424,0.006488152353157155,0.0017512738212050994,0.0,0.0,0.0,0.0,0.29700000000000004,0.41,0.0,0.0,0.0,0.0,0.0,0.0,0.0
13326,O3,C_style_shift,0.50125,0.5014194686059817,0.5012429862294938,0.0025,202,199,192,207,31.6275,16.8275,0.0,0.0,1.0,0.0,1.0,0.0,0.0,0.0,0.0,0.0,0.0,0.5,0.0,0.0,,,,,,,,,,,,,,,,,,0.0,0.0,0.0,0.0,0.29700000000000004,,0.0,0.0,0.0,0.0,0.0,0.0,0.0
13326,O3,A_after_C,1.0,1.0,1.0,1.0,195,205,0,0,31.605,16.795,0.0,1.0,1.0,1.0,1.0,0.0,0.0,0.0,0.0,0.0,0.0,0.5,0.0,0.0,,,,,,,,,,,,,,,,,,0.0,0.0,0.0,0.0,0.29700000000000004,,0.0,0.0,0.0,0.0,0.0,0.0,0.0
13326,O3,B_after_C,0.668,0.66487354476114,0.6651659647254361,0.336,144,190,75,91,31.694,17.044,0.0,0.9204545454545454,0.26666666666666666,0.2826086956521739,0.9291338582677166,0.0,0.0,0.0,0.0,0.0,0.0,0.5,0.0,0.0,,,,,,,,,,,,,,,,,,0.0,0.0,0.0,0.0,0.29700000000000004,,0.0,0.0,0.0,0.0,0.0,0.0,0.0
13326,O4R,A,1.0,1.0,1.0,1.0,195,205,0,0,32.0,7.5225,0.0,1.0,1.0,1.0,1.0,0.0,0.0,0.0,0.0,0.0,0.0,0.5,0.0,0.0,1.0,0.0,0.0,1.0,1.0,0.0,0.8888888955585627,0.3333333333333333,0.95,0.0,1.0,0.0,0.5,1.0,0.43459681775160436,0.007937013196843614,0.0034494006778007227,0.0,0.0,0.0,0.0,0.29700000000000004,0.7525,0.0,0.0,0.0,0.0,0.0,0.0,0.0
13326,O4R,B,0.628,0.6109995985547972,0.5855614973262032,0.256,77,237,28,158,31.382,14.408,0.0,0.9204545454545454,0.7333333333333333,0.717391304347826,0.07086614173228346,0.0,0.0,0.0,0.0,0.0,0.0,0.5,0.0,0.0,0.0,0.0,0.41492573360705226,0.33512645523885987,0.66487354476114,0.0,0.7710817453971119,0.3333333333333333,0.95,0.47133757961783435,0.0,0.0,0.796,0.628,0.33728750247962724,0.00793642012184695,0.002676855321526817,0.0,0.0,0.0,0.0,0.29700000000000004,0.766,0.0,0.0,0.0,0.0,0.0,0.0,0.0
13326,O4R,C,0.54625,0.5467351237493417,0.5460450109502573,0.0925,210,227,195,168,31.28375,15.7175,0.0,0.0,1.0,0.0,1.0,0.0,0.0,0.0,0.0,0.0,0.0,0.5,0.0,0.0,0.2217450271247739,0.0,0.09347024749868349,0.5,0.5467351237493417,0.0,0.5639260275630286,0.3333333333333333,0.95,0.13501144164759732,0.23093220338983053,0.0,0.57375,0.54625,0.2902412159245256,0.0067926395090289115,0.001971503950437524,0.0,0.0,0.0,0.0,0.29700000000000004,0.41,0.0,0.0,0.0,0.0,0.0,0.0,0.0
13326,O4R,C_style_shift,0.61,0.6185819070904646,0.5491036266809257,0.22,97,391,0,312,31.5025,12.58375,0.0,0.0,1.0,1.0,0.4801980198019802,0.0,0.0,0.0,0.0,0.0,0.0,0.5,0.0,0.0,,,,,,,,,,,,,,,,,,0.0,0.0,0.0,0.0,0.29700000000000004,,0.0,0.0,0.0,0.0,0.0,0.0,0.0
13326,O4R,A_after_C,0.6525,0.6435897435897435,0.5965137627994398,0.305,56,205,0,139,31.505,12.7175,0.0,1.0,1.0,0.0,0.5773195876288659,0.0,0.0,0.0,0.0,0.0,0.0,0.5,0.0,0.0,,,,,,,,,,,,,,,,,,0.0,0.0,0.0,0.0,0.29700000000000004,,0.0,0.0,0.0,0.0,0.0,0.0,0.0
13326,O4R,B_after_C,0.654,0.6328783621035728,0.5919330109682746,0.308,66,261,4,169,31.58,11.918,0.0,0.9204545454545454,0.26666666666666666,0.717391304347826,0.5590551181102362,0.0,0.0,0.0,0.0,0.0,0.0,0.5,0.0,0.0,,,,,,,,,,,,,,,,,,0.0,0.0,0.0,0.0,0.29700000000000004,,0.0,0.0,0.0,0.0,0.0,0.0,0.0
13326,O4M,A,1.0,1.0,1.0,1.0,195,205,0,0,32.0,6.5175,1.0,1.0,1.0,1.0,1.0,6.5975,6.0,1.0,1.0,0.0,0.9599233828485012,0.488,0.49078509852216756,14.4675,1.0,0.0,0.0,1.0,1.0,0.0,0.8888888955585627,0.3333333333333333,0.95,0.0,1.0,0.0,0.5,1.0,0.3528123504013461,0.007937013196843614,0.0028002762811448977,256.0,2048.0,0.0,0.0,0.6970000000000001,0.7525,0.0,0.0,0.0,0.0,0.0,0.0,0.0
13326,O4M,B,0.752,0.7438779606583701,0.7436957420421662,0.504,143,233,32,92,28.032,13.98,0.7049904761904762,0.9204545454545454,0.7333333333333333,0.717391304347826,0.5590551181102362,6.634,6.0,1.0,1.854,0.0,0.9665488584041595,0.3655137414777198,0.49451724137931036,13.204,0.0,0.34158926728586164,0.0,0.7438779606583701,0.66487354476114,0.23574508864398663,0.7710817453971119,0.3333333333333333,0.95,0.0,0.0,0.253012048192771,0.5,0.752,0.21621871933358733,0.45650345622531846,0.0987045926763947,256.0,2048.0,0.0,0.0,0.6970000000000001,0.766,0.0,0.0,0.0,0.0,0.0,0.0,0.0
13326,O4M,C,0.79,0.7777777777777778,0.7741389045736872,0.58,210,422,0,168,17.825,19.255,0.7836612103174603,0.0,1.0,1.0,1.0,7.01625,6.0,1.21,1.20875,0.0,0.9999881619960069,0.27746379522844217,0.71625,14.98,0.6184448462929475,0.5097298867266918,0.0,0.7777777777777778,0.5467351237493417,0.5097298867266918,0.5639260275630286,0.3333333333333333,0.95,0.0,0.6440677966101696,0.5371900826446282,0.5,0.79,0.26960843623490477,0.5964523713581265,0.16080859113046517,256.0,2048.0,0.0,0.0,0.6970000000000001,0.41,0.0,0.0,0.0,0.0,0.0,0.0,0.0
13326,O4M,C_style_shift,0.61875,0.6216240721865445,0.6137523170903518,0.2375,202,293,98,207,25.11,16.60125,0.61,0.0,1.0,0.4895833333333333,1.0,5.98125,6.0,1.25875,1.37125,0.0,0.9566972616314888,0.1364,0.48080511083743843,14.5525,,,,,,,,,,,,,,,,,,256.0,2048.0,0.0,0.0,0.6970000000000001,,0.0,0.0,0.0,0.0,0.0,0.0,0.0
13326,O4M,A_after_C,0.8625,0.858974358974359,0.8587706628149574,0.725,140,205,0,55,24.4325,16.5625,0.6525,1.0,1.0,0.4387755102040816,1.0,6.095,6.0,1.265,1.3475,0.0,0.9599608290195465,0.1544,0.49078509852216756,14.4675,,,,,,,,,,,,,,,,,,256.0,2048.0,0.0,0.0,0.6970000000000001,,0.0,0.0,0.0,0.0,0.0,0.0,0.0
13326,O4M,B_after_C,0.716,0.707025291047772,0.7051299089640508,0.432,131,227,38,104,25.32,17.222,0.654,0.9204545454545454,0.26666666666666666,0.5434782608695652,0.9291338582677166,5.966,6.0,1.352,1.298,0.0,0.9665824964046478,0.1544,0.49451724137931036,13.204,,,,,,,,,,,,,,,,,,256.0,2048.0,0.0,0.0,0.6970000000000001,,0.0,0.0,0.0,0.0,0.0,0.0,0.0
13326,O4D,A,1.0,1.0,1.0,1.0,195,205,0,0,32.0,6.5175,1.0,1.0,1.0,1.0,1.0,6.5975,6.0,1.0,1.0,0.0,0.9599233828485012,0.488,0.49078509852216756,14.4675,1.0,0.0,0.0,1.0,1.0,0.0,0.8888888955585627,0.3333333333333333,0.95,0.0,1.0,0.0,0.5,1.0,0.3528123504013461,0.007937013196843614,0.0028002762811448977,256.0,2048.0,0.0,0.0,0.6970000000000001,0.7525,0.0,0.0,0.0,0.0,0.0,0.0,0.0
13326,O4D,B,0.752,0.7438779606583701,0.7436957420421662,0.504,143,233,32,92,28.032,13.98,0.7049904761904762,0.9204545454545454,0.7333333333333333,0.717391304347826,0.5590551181102362,6.634,6.0,1.0,1.854,0.0,0.9665488584041595,0.3655137414777198,0.49451724137931036,13.204,0.0,0.34158926728586164,0.0,0.7438779606583701,0.66487354476114,0.23574508864398663,0.7710817453971119,0.3333333333333333,0.95,0.0,0.0,0.253012048192771,0.5,0.752,0.21621871933358733,0.45650345622531846,0.0987045926763947,256.0,2048.0,0.0,0.0,0.6970000000000001,0.766,0.0,0.0,0.0,0.0,0.0,0.0,0.0
13326,O4D,C,0.79,0.7777777777777778,0.7741389045736872,0.58,210,422,0,168,17.80875,19.895,0.7836612103174603,0.0,1.0,1.0,1.0,7.01625,6.0,1.21,1.20875,0.0,0.9999881619960069,0.27746379522844217,0.71625,14.98,0.6184448462929475,0.5097298867266918,0.0,0.7777777777777778,0.5467351237493417,0.5097298867266918,0.5639260275630286,0.3333333333333333,0.95,0.0,0.6440677966101696,0.5371900826446282,0.5,0.79,0.2526295058088764,0.5964523713581265,0.1506814678147359,256.0,2048.0,0.0,0.0,0.8398571428571429,0.41,640.0,640.0,94.0,104.0,209.0,233.0,1.0
13326,O4D,C_style_shift,0.61,0.6185819070904646,0.5491036266809257,0.22,97,391,0,312,26.71875,17.21625,0.61,0.0,1.0,1.0,0.4801980198019802,5.98125,6.0,1.25875,1.37125,0.0,0.9566972616314888,0.1364,0.48080511083743843,14.5525,,,,,,,,,,,,,,,,,,256.0,2048.0,0.0,0.0,0.8398571428571429,,640.0,640.0,94.0,104.0,209.0,233.0,1.0
13326,O4D,A_after_C,0.6525,0.6435897435897435,0.5965137627994398,0.305,56,205,0,139,25.9975,17.2075,0.6525,1.0,1.0,0.0,0.5773195876288659,6.095,6.0,1.265,1.3475,0.0,0.9599608290195465,0.1544,0.49078509852216756,14.4675,,,,,,,,,,,,,,,,,,256.0,2048.0,0.0,0.0,0.8398571428571429,,640.0,640.0,94.0,104.0,209.0,233.0,1.0
13326,O4D,B_after_C,0.654,0.6328783621035728,0.5919330109682746,0.308,66,261,4,169,26.748,17.85,0.654,0.9204545454545454,0.26666666666666666,0.717391304347826,0.5590551181102362,5.966,6.0,1.352,1.298,0.0,0.9665824964046478,0.1544,0.49451724137931036,13.204,,,,,,,,,,,,,,,,,,256.0,2048.0,0.0,0.0,0.8398571428571429,,640.0,640.0,94.0,104.0,209.0,233.0,1.0
13379,O1,A,1.0,1.0,1.0,1.0,210,190,0,0,32.0,25.405,0.0,1.0,1.0,1.0,1.0,0.0,0.0,0.0,0.0,0.0,0.0,0.5,0.0,0.0,0.0,0.0,0.0,1.0,1.0,0.0,0.9999999999999999,0.0,0.97,0.0,0.0,0.0,0.5,1.0,0.2633046061055618,0.007937013196843614,0.0020898521334495536,0.0,0.0,0.0,0.0,0.2277,1.0,0.0,0.0,0.0,0.0,0.0,0.0,0.0
13379,O1,B,0.64,0.64010496671787,0.6399769585253456,0.28,158,162,86,94,17.938,30.488,0.0,0.9025974025974026,0.22549019607843138,0.20618556701030927,0.9387755102040817,0.0,0.0,0.0,0.0,0.0,0.0,0.5,0.0,0.0,0.0,0.0,0.0,0.64010496671787,0.64010496671787,0.0,0.23374533421182064,0.0,0.97,0.0,0.0,0.0,0.5,0.64,0.143138803275362,0.0068399119090900165,0.0009790568051760416,0.0,0.0,0.0,0.0,0.2277,0.64,0.0,0.0,0.0,0.0,0.0,0.0,0.0
13379,O1,C,0.5075,0.507754846779237,0.5074969218557616,0.015,204,202,188,206,20.90625,32.0,0.0,0.0,1.0,0.0,1.0,0.0,0.0,0.0,0.0,0.0,0.0,0.5,0.0,0.0,0.0,0.0,0.0,0.507754846779237,0.507754846779237,0.0,0.00034710698395523654,0.0,0.97,0.0,0.0,0.0,0.5,0.5075,0.10653676141355764,0.006330955463912932,0.0006744794917787511,0.0,0.0,0.0,0.0,0.2277,0.5075,0.0,0.0,0.0,0.0,0.0,0.0,0.0
13379,O1,C_style_shift,0.5,0.5001125253181966,0.5,0.0,200,200,194,206,23.245,30.85625,0.0,0.0,1.0,0.0,1.0,0.0,0.0,0.0,0.0,0.0,0.0,0.5,0.0,0.0,,,,,,,,,,,,,,,,,,0.0,0.0,0.0,0.0,0.2277,,0.0,0.0,0.0,0.0,0.0,0.0,0.0
13379,O1,A_after_C,1.0,1.0,1.0,1.0,210,190,0,0,23.675,30.7,0.0,1.0,1.0,1.0,1.0,0.0,0.0,0.0,0.0,0.0,0.0,0.5,0.0,0.0,,,,,,,,,,,,,,,,,,0.0,0.0,0.0,0.0,0.2277,,0.0,0.0,0.0,0.0,0.0,0.0,0.0
13379,O1,B_after_C,0.64,0.64010496671787,0.6399769585253456,0.28,158,162,86,94,23.188,30.82,0.0,0.9025974025974026,0.22549019607843138,0.20618556701030927,0.9387755102040817,0.0,0.0,0.0,0.0,0.0,0.0,0.5,0.0,0.0,,,,,,,,,,,,,,,,,,0.0,0.0,0.0,0.0,0.2277,,0.0,0.0,0.0,0.0,0.0,0.0,0.0
13379,O3,A,1.0,1.0,1.0,1.0,210,190,0,0,32.0,8.64,0.0,1.0,1.0,1.0,1.0,0.0,0.0,0.0,0.0,0.0,0.0,0.5,0.0,0.0,1.0,0.0,0.0,1.0,1.0,0.0,0.8888888955676046,0.3333333333333333,0.95,0.0,1.0,0.0,0.5,1.0,0.4345968177529653,0.007937013196843614,0.003449400677811525,0.0,0.0,0.0,0.0,0.29700000000000004,0.7625,0.0,0.0,0.0,0.0,0.0,0.0,0.0
13379,O3,B,0.752,0.7504800307219661,0.7420922145127207,0.504,237,139,109,15,30.996,14.674,0.0,0.9025974025974026,0.7745098039215687,0.20618556701030927,0.9387755102040817,0.0,0.0,0.0,0.0,0.0,0.0,0.5,0.0,0.0,0.0,0.0,0.6101889811018896,0.3598950332821301,0.64010496671787,0.0,0.7062073798164643,0.3333333333333333,0.95,0.5212765957446809,0.0,0.0,0.892,0.752,0.33503937094348246,0.008753759011835312,0.0029328539127161436,0.0,0.0,0.0,0.0,0.29700000000000004,0.752,0.0,0.0,0.0,0.0,0.0,0.0,0.0
13379,O3,C,0.5075,0.507754846779237,0.5074969218557616,0.015,204,202,188,206,32.0,11.33,0.0,0.0,1.0,0.0,1.0,0.0,0.0,0.0,0.0,0.0,0.0,0.5,0.0,0.0,0.19329712001639843,0.0,0.0,0.507754846779237,0.507754846779237,0.0,0.5557869501695113,0.3333333333333333,0.95,0.0,0.18930041152263366,0.0,0.5,0.5075,0.2624270063032728,0.006330955463912932,0.0016614136894340184,0.0,0.0,0.0,0.0,0.29700000000000004,0.3925,0.0,0.0,0.0,0.0,0.0,0.0,0.0
13379,O3,C_style_shift,0.5,0.5001125253181966,0.5,0.0,200,200,194,206,31.6375,6.28125,0.0,0.0,1.0,0.0,1.0,0.0,0.0,0.0,0.0,0.0,0.0,0.5,0.0,0.0,,,,,,,,,,,,,,,,,,0.0,0.0,0.0,0.0,0.29700000000000004,,0.0,0.0,0.0,0.0,0.0,0.0,0.0
13379,O3,A_after_C,1.0,1.0,1.0,1.0,210,190,0,0,31.59,6.6125,0.0,1.0,1.0,1.0,1.0,0.0,0.0,0.0,0.0,0.0,0.0,0.5,0.0,0.0,,,,,,,,,,,,,,,,,,0.0,0.0,0.0,0.0,0.29700000000000004,,0.0,0.0,0.0,0.0,0.0,0.0,0.0
13379,O3,B_after_C,0.64,0.64010496671787,0.6399769585253456,0.28,158,162,86,94,31.672,6.298,0.0,0.9025974025974026,0.22549019607843138,0.20618556701030927,0.9387755102040817,0.0,0.0,0.0,0.0,0.0,0.0,0.5,0.0,0.0,,,,,,,,,,,,,,,,,,0.0,0.0,0.0,0.0,0.29700000000000004,,0.0,0.0,0.0,0.0,0.0,0.0,0.0
13379,O4R,A,1.0,1.0,1.0,1.0,210,190,0,0,32.0,9.275,0.0,1.0,1.0,1.0,1.0,0.0,0.0,0.0,0.0,0.0,0.0,0.5,0.0,0.0,1.0,0.0,0.0,1.0,1.0,0.0,0.8888888955676046,0.3333333333333333,0.95,0.0,1.0,0.0,0.5,1.0,0.4345968177529653,0.007937013196843614,0.003449400677811525,0.0,0.0,0.0,0.0,0.29700000000000004,0.7625,0.0,0.0,0.0,0.0,0.0,0.0,0.0
13379,O4R,B,0.752,0.7504800307219661,0.7420922145127207,0.504,237,139,109,15,31.106,12.496,0.0,0.9025974025974026,0.7745098039215687,0.20618556701030927,0.9387755102040817,0.0,0.0,0.0,0.0,0.0,0.0,0.5,0.0,0.0,0.0,0.0,0.5683919180736229,0.42188300051203276,0.64010496671787,0.0,0.7062073798164643,0.3333333333333333,0.95,0.43617021276595747,0.0,0.0,0.8280000000000001,0.752,0.32222880068575144,0.008539185076552522,0.002751571366051186,0.0,0.0,0.0,0.0,0.29700000000000004,0.752,0.0,0.0,0.0,0.0,0.0,0.0,0.0
13379,O4R,C,0.5075,0.507754846779237,0.5074969218557616,0.015,204,202,188,206,32.0,12.4525,0.0,0.0,1.0,0.0,1.0,0.0,0.0,0.0,0.0,0.0,0.0,0.5,0.0,0.0,0.19329712001639843,0.0,0.0,0.507754846779237,0.507754846779237,0.0,0.5557869501695113,0.3333333333333333,0.95,0.0,0.18930041152263366,0.0,0.5,0.5075,0.2624270063032728,0.006330955463912932,0.0016614136894340184,0.0,0.0,0.0,0.0,0.29700000000000004,0.3925,0.0,0.0,0.0,0.0,0.0,0.0,0.0
13379,O4R,C_style_shift,0.5,0.5001125253181966,0.5,0.0,200,200,194,206,32.0,7.405,0.0,0.0,1.0,0.0,1.0,0.0,0.0,0.0,0.0,0.0,0.0,0.5,0.0,0.0,,,,,,,,,,,,,,,,,,0.0,0.0,0.0,0.0,0.29700000000000004,,0.0,0.0,0.0,0.0,0.0,0.0,0.0
13379,O4R,A_after_C,1.0,1.0,1.0,1.0,210,190,0,0,32.0,7.7775,0.0,1.0,1.0,1.0,1.0,0.0,0.0,0.0,0.0,0.0,0.0,0.5,0.0,0.0,,,,,,,,,,,,,,,,,,0.0,0.0,0.0,0.0,0.29700000000000004,,0.0,0.0,0.0,0.0,0.0,0.0,0.0
13379,O4R,B_after_C,0.64,0.64010496671787,0.6399769585253456,0.28,158,162,86,94,32.0,7.426,0.0,0.9025974025974026,0.22549019607843138,0.20618556701030927,0.9387755102040817,0.0,0.0,0.0,0.0,0.0,0.0,0.5,0.0,0.0,,,,,,,,,,,,,,,,,,0.0,0.0,0.0,0.0,0.29700000000000004,,0.0,0.0,0.0,0.0,0.0,0.0,0.0
13379,O4M,A,1.0,1.0,1.0,1.0,210,190,0,0,32.0,7.31,1.0,1.0,1.0,1.0,1.0,7.035,6.0,1.0,1.0,0.0,0.9552609561383725,0.524,0.5004248768472906,15.4025,1.0,0.0,0.0,1.0,1.0,0.0,0.8888888955676046,0.3333333333333333,0.95,0.0,1.0,0.0,0.5,1.0,0.35281235040245096,0.007937013196843614,0.0028002762811536667,256.0,2048.0,0.0,0.0,0.6970000000000001,0.7625,0.0,0.0,0.0,0.0,0.0,0.0,0.0
13379,O4M,B,0.82,0.8192204301075269,0.8180318322981367,0.64,231,179,69,21,31.604,12.66,0.711047619047619,0.9025974025974026,0.7745098039215687,0.5567010309278351,0.9387755102040817,6.724,6.0,1.0,1.426,0.0,0.9610019997358322,0.3630240983397371,0.506091133004926,14.546,0.2754905732974223,0.2754905732974223,0.3017305315203956,0.7411034306195596,0.64010496671787,0.28063311399608737,0.7062073798164643,0.3333333333333333,0.95,0.09756097560975606,0.2741935483870966,0.16129032258064527,0.58,0.82,0.25371881506536365,0.4248980218113049,0.10780462261758132,256.0,2048.0,0.0,0.0,0.6970000000000001,0.752,0.0,0.0,0.0,0.0,0.0,0.0,0.0
13379,O4M,C,0.7425,0.748780487804878,0.7277850823582268,0.485,204,390,0,206,31.34875,21.825,0.7267458062770562,0.0,1.0,1.0,1.0,6.99,6.0,1.2725,1.1725,0.0,0.9999825697392225,0.26758884253810505,0.7472204545454545,14.606693181818182,0.588295582658604,0.4896455342396138,0.0,0.748780487804878,0.507754846779237,0.4896455342396138,0.5557869501695113,0.3333333333333333,0.95,0.0,0.5761316872427985,0.4771573604060915,0.5,0.7425,0.26031221193330967,0.5616211888225272,0.14619685393100704,256.0,2048.0,0.0,0.0,0.6970000000000001,0.3925,0.0,0.0,0.0,0.0,0.0,0.0,0.0
13379,O4M,C_style_shift,0.6225,0.6280788177339902,0.5653894585357079,0.245,104,394,0,302,31.62625,18.61,0.6084722222222223,0.0,1.0,1.0,0.52,6.02875,6.0,1.2575,1.48875,0.0,0.9595685727149248,0.15629987858495442,0.48271243842364525,14.56125,,,,,,,,,,,,,,,,,,256.0,2048.0,0.0,0.0,0.6970000000000001,,0.0,0.0,0.0,0.0,0.0,0.0,0.0
13379,O4M,A_after_C,0.59,0.6095238095238096,0.5289522058823529,0.18,46,190,0,164,31.6375,18.76,0.5775,1.0,1.0,0.0,0.4946236559139785,5.945,6.0,1.2375,1.5225,0.0,0.955213176459074,0.14064741930138785,0.5004248768472906,15.4025,,,,,,,,,,,,,,,,,,256.0,2048.0,0.0,0.0,0.6970000000000001,,0.0,0.0,0.0,0.0,0.0,0.0,0.0
13379,O4M,B_after_C,0.628,0.6307283666154634,0.5806579611860616,0.256,73,241,7,179,31.698,19.418,0.6335555555555556,0.9025974025974026,0.22549019607843138,0.7938144329896907,0.5102040816326531,5.996,6.0,1.308,1.434,0.0,0.9609981417655945,0.1832553468167276,0.506091133004926,14.546,,,,,,,,,,,,,,,,,,256.0,2048.0,0.0,0.0,0.6970000000000001,,0.0,0.0,0.0,0.0,0.0,0.0,0.0
13379,O4D,A,1.0,1.0,1.0,1.0,210,190,0,0,32.0,7.31,1.0,1.0,1.0,1.0,1.0,7.035,6.0,1.0,1.0,0.0,0.9552609561383725,0.524,0.5004248768472906,15.4025,1.0,0.0,0.0,1.0,1.0,0.0,0.8888888955676046,0.3333333333333333,0.95,0.0,1.0,0.0,0.5,1.0,0.35281235040245096,0.007937013196843614,0.0028002762811536667,256.0,2048.0,0.0,0.0,0.6970000000000001,0.7625,0.0,0.0,0.0,0.0,0.0,0.0,0.0
13379,O4D,B,0.82,0.8192204301075269,0.8180318322981367,0.64,231,179,69,21,31.604,12.66,0.711047619047619,0.9025974025974026,0.7745098039215687,0.5567010309278351,0.9387755102040817,6.724,6.0,1.0,1.426,0.0,0.9610019997358322,0.3630240983397371,0.506091133004926,14.546,0.2754905732974223,0.2754905732974223,0.3017305315203956,0.7411034306195596,0.64010496671787,0.28063311399608737,0.7062073798164643,0.3333333333333333,0.95,0.09756097560975606,0.2741935483870966,0.16129032258064527,0.58,0.82,0.25371881506536365,0.4248980218113049,0.10780462261758132,256.0,2048.0,0.0,0.0,0.6970000000000001,0.752,0.0,0.0,0.0,0.0,0.0,0.0,0.0
13379,O4D,C,0.7425,0.748780487804878,0.7277850823582268,0.485,204,390,0,206,31.4725,21.59875,0.7267458062770562,0.0,1.0,1.0,1.0,6.99,6.0,1.2725,1.1725,0.0,0.9999825697392225,0.26758884253810505,0.7472204545454545,14.606693181818182,0.588295582658604,0.0,0.05504587155963307,0.7341463414634146,0.507754846779237,0.4599161478846398,0.5557869501695113,0.3333333333333333,0.95,0.020202020202020218,0.5761316872427985,0.4467005076142133,0.515,0.7425,0.24623190044571885,0.5548481953354093,0.13662132559631526,256.0,2048.0,0.0,0.0,0.8398571428571429,0.3925,640.0,640.0,84.0,104.0,217.0,235.0,1.0
13379,O4D,C_style_shift,0.6225,0.6280788177339902,0.5653894585357079,0.245,104,394,0,302,31.7525,17.6875,0.6084722222222223,0.0,1.0,1.0,0.52,6.02875,6.0,1.2575,1.48875,0.0,0.9595685727149248,0.15629987858495442,0.48271243842364525,14.56125,,,,,,,,,,,,,,,,,,256.0,2048.0,0.0,0.0,0.8398571428571429,,640.0,640.0,84.0,104.0,217.0,235.0,1.0
13379,O4D,A_after_C,0.59,0.6095238095238096,0.5289522058823529,0.18,46,190,0,164,31.75,17.8575,0.5775,1.0,1.0,0.0,0.4946236559139785,5.945,6.0,1.2375,1.5225,0.0,0.955213176459074,0.14064741930138785,0.5004248768472906,15.4025,,,,,,,,,,,,,,,,,,256.0,2048.0,0.0,0.0,0.8398571428571429,,640.0,640.0,84.0,104.0,217.0,235.0,1.0
13379,O4D,B_after_C,0.628,0.6307283666154634,0.5806579611860616,0.256,73,241,7,179,31.804,18.608,0.6335555555555556,0.9025974025974026,0.22549019607843138,0.7938144329896907,0.5102040816326531,5.996,6.0,1.308,1.434,0.0,0.9609981417655945,0.1832553468167276,0.506091133004926,14.546,,,,,,,,,,,,,,,,,,256.0,2048.0,0.0,0.0,0.8398571428571429,,640.0,640.0,84.0,104.0,217.0,235.0,1.0
13432,O1,A,1.0,1.0,1.0,1.0,201,199,0,0,32.0,23.8025,0.0,1.0,1.0,1.0,1.0,0.0,0.0,0.0,0.0,0.0,0.0,0.5,0.0,0.0,0.0,0.0,0.0,1.0,1.0,0.0,0.9999999999999999,0.0,0.97,0.0,0.0,0.0,0.5,1.0,0.2633046061055618,0.007937013196843614,0.0020898521334495536,0.0,0.0,0.0,0.0,0.2277,1.0,0.0,0.0,0.0,0.0,0.0,0.0,0.0
13432,O1,B,0.668,0.6685074029611845,0.6679521851146566,0.336,170,164,91,75,25.912,30.764,0.0,0.9459459459459459,0.26373626373626374,0.20212765957446807,0.9041916167664671,0.0,0.0,0.0,0.0,0.0,0.0,0.5,0.0,0.0,0.0,0.0,0.337014805922369,0.5,0.6685074029611845,0.0,0.32475695423620443,0.0,0.97,0.2664670658682635,0.0,0.0,0.678,0.668,0.19919942541955338,0.007679550766281507,0.001529762100123567,0.0,0.0,0.0,0.0,0.2277,0.668,0.0,0.0,0.0,0.0,0.0,0.0,0.0
13432,O1,C,0.50625,0.5066895486742815,0.5061195847028356,0.0125,209,196,211,184,21.32,30.05,0.0,0.0,1.0,0.0,1.0,0.0,0.0,0.0,0.0,0.0,0.0,0.5,0.0,0.0,0.0,0.0,0.013379097348563018,0.5,0.5066895486742815,0.0,0.00025886302167166253,0.0,0.97,0.0,0.0,0.005063291139240623,0.49749999999999994,0.50625,0.10652292279430196,0.10844915494990617,0.011552320959836146,0.0,0.0,0.0,0.0,0.2277,0.50625,0.0,0.0,0.0,0.0,0.0,0.0,0.0
13432,O1,C_style_shift,0.49125,0.49135603390084753,0.49107107967644875,-0.0175,204,189,213,194,23.6725,29.5325,0.0,0.0,1.0,0.0,1.0,0.0,0.0,0.0,0.0,0.0,0.0,0.5,0.0,0.0,,,,,,,,,,,,,,,,,,0.0,0.0,0.0,0.0,0.2277,,0.0,0.0,0.0,0.0,0.0,0.0,0.0
13432,O1,A_after_C,1.0,1.0,1.0,1.0,201,199,0,0,23.8675,29.53,0.0,1.0,1.0,1.0,1.0,0.0,0.0,0.0,0.0,0.0,0.0,0.5,0.0,0.0,,,,,,,,,,,,,,,,,,0.0,0.0,0.0,0.0,0.2277,,0.0,0.0,0.0,0.0,0.0,0.0,0.0
13432,O1,B_after_C,0.668,0.6685074029611845,0.6679521851146566,0.336,170,164,91,75,23.54,29.572,0.0,0.9459459459459459,0.26373626373626374,0.20212765957446807,0.9041916167664671,0.0,0.0,0.0,0.0,0.0,0.0,0.5,0.0,0.0,,,,,,,,,,,,,,,,,,0.0,0.0,0.0,0.0,0.2277,,0.0,0.0,0.0,0.0,0.0,0.0,0.0
13432,O3,A,1.0,1.0,1.0,1.0,201,199,0,0,32.0,7.96,0.0,1.0,1.0,1.0,1.0,0.0,0.0,0.0,0.0,0.0,0.0,0.5,0.0,0.0,1.0,0.0,0.0,1.0,1.0,0.0,0.8888888955556756,0.3333333333333333,0.95,0.0,1.0,0.0,0.5,1.0,0.4345968177511698,0.007937013196843614,0.003449400677797274,0.0,0.0,0.0,0.0,0.29700000000000004,0.7825,0.0,0.0,0.0,0.0,0.0,0.0,0.0
13432,O3,B,0.806,0.8085234093637454,0.8036238485676688,0.612,229,174,81,16,31.204,6.052,0.0,0.9459459459459459,0.7362637362637363,0.4787234042553192,0.9041916167664671,0.0,0.0,0.0,0.0,0.0,0.0,0.5,0.0,0.0,0.20817474764189936,0.0,0.6170468187274909,0.5,0.6685074029611845,0.0,0.7614670003830663,0.3333333333333333,0.95,0.39205955334987597,0.2113821138211384,0.0,0.8160000000000001,0.806,0.3557251128385724,0.008696451726076566,0.003093546271553784,0.0,0.0,0.0,0.0,0.29700000000000004,0.754,0.0,0.0,0.0,0.0,0.0,0.0,0.0
13432,O3,C,0.50875,0.5,0.3371996685998343,0.0175,0,407,0,393,31.63125,21.87375,0.0,0.0,1.0,1.0,0.0,0.0,0.0,0.0,0.0,0.0,0.0,0.5,0.0,0.0,0.18364024253312375,0.0,0.0,0.5066895486742815,0.5066895486742815,0.0,0.5557281253184417,0.3333333333333333,0.95,0.0049140049140050275,0.201219512195122,0.0,0.5025000000000001,0.50875,0.2649519415004105,0.006346691696425795,0.0016815682870725485,0.0,0.0,0.0,0.0,0.29700000000000004,0.385,0.0,0.0,0.0,0.0,0.0,0.0,0.0
13432,O3,C_style_shift,0.36875,0.36691542288557216,0.2694063926940639,-0.2625,0,295,107,398,31.22875,17.79375,0.0,0.0,1.0,0.49765258215962443,0.0,0.0,0.0,0.0,0.0,0.0,0.0,0.5,0.0,0.0,,,,,,,,,,,,,,,,,,0.0,0.0,0.0,0.0,0.29700000000000004,,0.0,0.0,0.0,0.0,0.0,0.0,0.0
13432,O3,A_after_C,0.595,0.5970149253731343,0.5178571428571429,0.19,39,199,0,162,31.3925,18.0125,0.0,1.0,1.0,0.375,0.0,0.0,0.0,0.0,0.0,0.0,0.0,0.5,0.0,0.0,,,,,,,,,,,,,,,,,,0.0,0.0,0.0,0.0,0.29700000000000004,,0.0,0.0,0.0,0.0,0.0,0.0,0.0
13432,O3,B_after_C,0.458,0.4496598639455782,0.33783248872360494,-0.084,8,221,34,237,31.476,18.27,0.0,0.9459459459459459,0.26373626373626374,0.5212765957446809,0.09580838323353294,0.0,0.0,0.0,0.0,0.0,0.0,0.5,0.0,0.0,,,,,,,,,,,,,,,,,,0.0,0.0,0.0,0.0,0.29700000000000004,,0.0,0.0,0.0,0.0,0.0,0.0,0.0
13432,O4R,A,1.0,1.0,1.0,1.0,201,199,0,0,32.0,7.96,0.0,1.0,1.0,1.0,1.0,0.0,0.0,0.0,0.0,0.0,0.0,0.5,0.0,0.0,1.0,0.0,0.0,1.0,1.0,0.0,0.8888888955556756,0.3333333333333333,0.95,0.0,1.0,0.0,0.5,1.0,0.4345968177511698,0.007937013196843614,0.003449400677797274,0.0,0.0,0.0,0.0,0.29700000000000004,0.7825,0.0,0.0,0.0,0.0,0.0,0.0,0.0
13432,O4R,B,0.754,0.7581832733093238,0.7443794655660436,0.508,237,140,115,8,31.726,6.908,0.0,0.9459459459459459,0.7362637362637363,0.20212765957446807,0.9041916167664671,0.0,0.0,0.0,0.0,0.0,0.0,0.5,0.0,0.0,0.0,0.0,0.5163665466186476,0.5,0.6685074029611845,0.0,0.7614670003830663,0.3333333333333333,0.95,0.35013262599469497,0.0,0.0,0.764,0.754,0.3175959719289066,0.008320612232673446,0.0026425929290794727,0.0,0.0,0.0,0.0,0.29700000000000004,0.754,0.0,0.0,0.0,0.0,0.0,0.0,0.0
13432,O4R,C,0.50875,0.5,0.3371996685998343,0.0175,0,407,0,393,31.525,26.40875,0.0,0.0,1.0,1.0,0.0,0.0,0.0,0.0,0.0,0.0,0.0,0.5,0.0,0.0,0.18364024253312375,0.0,0.0,0.5066895486742815,0.5066895486742815,0.0,0.5557281253184417,0.3333333333333333,0.95,0.0049140049140050275,0.201219512195122,0.0,0.5025000000000001,0.50875,0.2649519415004105,0.006346691696425795,0.0016815682870725485,0.0,0.0,0.0,0.0,0.29700000000000004,0.385,0.0,0.0,0.0,0.0,0.0,0.0,0.0
13432,O4R,C_style_shift,0.5025,0.5,0.33444259567387685,0.005,0,402,0,398,31.52125,23.24,0.0,0.0,1.0,1.0,0.0,0.0,0.0,0.0,0.0,0.0,0.0,0.5,0.0,0.0,,,,,,,,,,,,,,,,,,0.0,0.0,0.0,0.0,0.29700000000000004,,0.0,0.0,0.0,0.0,0.0,0.0,0.0
13432,O4R,A_after_C,0.4975,0.5,0.332220367278798,-0.005,0,199,0,201,31.5025,23.6425,0.0,1.0,1.0,0.0,0.0,0.0,0.0,0.0,0.0,0.0,0.0,0.5,0.0,0.0,,,,,,,,,,,,,,,,,,0.0,0.0,0.0,0.0,0.29700000000000004,,0.0,0.0,0.0,0.0,0.0,0.0,0.0
13432,O4R,B_after_C,0.51,0.5,0.33774834437086093,0.02,0,255,0,245,31.522,23.868,0.0,0.9459459459459459,0.26373626373626374,0.7978723404255319,0.09580838323353294,0.0,0.0,0.0,0.0,0.0,0.0,0.5,0.0,0.0,,,,,,,,,,,,,,,,,,0.0,0.0,0.0,0.0,0.29700000000000004,,0.0,0.0,0.0,0.0,0.0,0.0,0.0
13432,O4M,A,1.0,1.0,1.0,1.0,201,199,0,0,32.0,6.975,1.0,1.0,1.0,1.0,1.0,5.925,6.0,1.0,1.0,0.0,0.9617635533213615,0.5024,0.49109298029556653,14.83,1.0,0.0,0.0,1.0,1.0,0.0,0.8888888955556756,0.3333333333333333,0.95,0.0,1.0,0.0,0.5,1.0,0.35281235040099335,0.007937013196843614,0.0028002762811420974,256.0,2048.0,0.0,0.0,0.6970000000000001,0.7825,0.0,0.0,0.0,0.0,0.0,0.0,0.0
13432,O4M,B,0.704,0.6995598239295718,0.6865416221894645,0.408,117,235,20,128,29.778,11.438,0.6803333333333332,0.9459459459459459,0.4835164835164835,0.7978723404255319,0.5568862275449101,7.662,6.0,1.0,2.0,0.0,0.9635404378175736,0.2959474072145453,0.5393152709359605,15.48,0.0,0.0,0.0,0.6995598239295718,0.6685074029611845,0.09367455335586669,0.7614670003830663,0.3333333333333333,0.95,0.0,0.0,0.10843373493975882,0.5,0.704,0.21504381815938262,0.3366956641436048,0.07240432117514992,256.0,2048.0,0.0,0.0,0.6970000000000001,0.754,0.0,0.0,0.0,0.0,0.0,0.0,0.0
13432,O4M,C,1.0,1.0,1.0,1.0,393,407,0,0,31.35375,15.70875,0.792871617965368,1.0,1.0,1.0,1.0,7.7225,6.0,1.305,1.60125,0.0,0.995831013917923,0.3766980513744565,0.6842938311688311,15.57571717171717,1.0,1.0,1.0,0.7659033078880407,0.5066895486742815,0.5254576677164456,0.5557281253184417,0.3333333333333333,0.95,0.22999999999999998,1.0,0.5341772151898735,0.73,1.0,0.34020632601797224,0.7305837709961408,0.24854922057895265,256.0,2048.0,0.0,0.0,0.6970000000000001,0.385,0.0,0.0,0.0,0.0,0.0,0.0,0.0
13432,O4M,C_style_shift,0.76125,0.7600502512562815,0.7461688608330911,0.5225,207,402,0,191,31.4975,14.04,0.6345937500000001,0.5154639175257731,1.0,1.0,0.5245098039215687,6.29125,6.0,1.37625,1.51,0.0,0.948069185167551,0.22762072049155826,0.4742441502463054,15.3005,,,,,,,,,,,,,,,,,,256.0,2048.0,0.0,0.0,0.6970000000000001,,0.0,0.0,0.0,0.0,0.0,0.0,0.0
13432,O4M,A_after_C,0.475,0.4763619090477262,0.4337180455182828,-0.05,41,149,50,160,31.5175,14.155,0.5074375,0.5535714285714286,1.0,0.0,0.422680412371134,6.185,6.0,1.3775,1.475,0.0,0.9560982018709183,0.1954250556138512,0.46609298029556656,14.767999999999999,,,,,,,,,,,,,,,,,,256.0,2048.0,0.0,0.0,0.6970000000000001,,0.0,0.0,0.0,0.0,0.0,0.0,0.0
13432,O4M,B_after_C,0.528,0.524609843937575,0.5121951219512195,0.056,87,177,78,158,31.532,14.656,0.6284500000000001,0.4864864864864865,0.26373626373626374,0.7978723404255319,0.5568862275449101,6.268,6.0,1.386,1.476,0.0,0.958014764547348,0.27289526972302836,0.5097152709359606,15.4208,,,,,,,,,,,,,,,,,,256.0,2048.0,0.0,0.0,0.6970000000000001,,0.0,0.0,0.0,0.0,0.0,0.0,0.0
13432,O4D,A,1.0,1.0,1.0,1.0,201,199,0,0,32.0,6.975,1.0,1.0,1.0,1.0,1.0,5.925,6.0,1.0,1.0,0.0,0.9617635533213615,0.5024,0.49109298029556653,14.83,1.0,0.0,0.0,1.0,1.0,0.0,0.8888888955556756,0.3333333333333333,0.95,0.0,1.0,0.0,0.5,1.0,0.35281235040099335,0.007937013196843614,0.0028002762811420974,256.0,2048.0,0.0,0.0,0.6970000000000001,0.7825,0.0,0.0,0.0,0.0,0.0,0.0,0.0
13432,O4D,B,0.704,0.6995598239295718,0.6865416221894645,0.408,117,235,20,128,29.778,11.438,0.6803333333333332,0.9459459459459459,0.4835164835164835,0.7978723404255319,0.5568862275449101,7.662,6.0,1.0,2.0,0.0,0.9635404378175736,0.2959474072145453,0.5393152709359605,15.48,0.0,0.0,0.0,0.6995598239295718,0.6685074029611845,0.09367455335586669,0.7614670003830663,0.3333333333333333,0.95,0.0,0.0,0.10843373493975882,0.5,0.704,0.21504381815938262,0.3366956641436048,0.07240432117514992,256.0,2048.0,0.0,0.0,0.6970000000000001,0.754,0.0,0.0,0.0,0.0,0.0,0.0,0.0
13432,O4D,C,0.87625,0.8740458015267176,0.8737307307833956,0.7525,294,407,0,99,31.755,21.74375,0.792871617965368,0.46195652173913043,1.0,1.0,1.0,7.7225,6.0,1.305,1.60125,0.0,0.995831013917923,0.3766980513744565,0.6842938311688311,15.57571717171717,0.7943521221648329,0.5263157894736845,0.49878094290334635,0.7487042906890236,0.5066895486742815,0.4905931779153545,0.5557281253184417,0.3333333333333333,0.95,0.14122681883024255,0.798780487804878,0.4987341772151898,0.62375,0.87625,0.2855765780174955,0.648390427126437,0.18516511939807015,256.0,2048.0,0.0,0.0,0.8398571428571429,0.385,640.0,640.0,80.0,93.0,218.0,249.0,1.0
13432,O4D,C_style_shift,0.63625,0.6344221105527639,0.5790044757900448,0.2725,107,402,0,291,31.4975,19.0025,0.6345937500000001,0.0,1.0,1.0,0.5245098039215687,6.29125,6.0,1.37625,1.51,0.0,0.948069185167551,0.22762072049155826,0.4742441502463054,15.3005,,,,,,,,,,,,,,,,,,256.0,2048.0,0.0,0.0,0.8398571428571429,,640.0,640.0,80.0,93.0,218.0,249.0,1.0
13432,O4D,A_after_C,0.6,0.6019900497512438,0.5260523119760656,0.2,41,199,0,160,31.5175,19.3825,0.5074375,1.0,1.0,0.0,0.422680412371134,6.185,6.0,1.3775,1.475,0.0,0.9560982018709183,0.1954250556138512,0.46609298029556656,14.767999999999999,,,,,,,,,,,,,,,,,,256.0,2048.0,0.0,0.0,0.8398571428571429,,640.0,640.0,80.0,93.0,218.0,249.0,1.0
13432,O4D,B_after_C,0.664,0.657703081232493,0.6234939759036144,0.328,84,248,7,161,31.532,20.134,0.6284500000000001,0.9459459459459459,0.26373626373626374,0.7978723404255319,0.5568862275449101,6.268,6.0,1.386,1.476,0.0,0.958014764547348,0.27289526972302836,0.5097152709359606,15.4208,,,,,,,,,,,,,,,,,,256.0,2048.0,0.0,0.0,0.8398571428571429,,640.0,640.0,80.0,93.0,218.0,249.0,1.0
13485,O1,A,1.0,1.0,1.0,1.0,201,199,0,0,32.0,24.7875,0.0,1.0,1.0,1.0,1.0,0.0,0.0,0.0,0.0,0.0,0.0,0.5,0.0,0.0,0.0,0.0,0.0,1.0,1.0,0.0,0.9999999999999999,0.0,0.97,0.0,0.0,0.0,0.5,1.0,0.2633046061055618,0.007937013196843614,0.0020898521334495536,0.0,0.0,0.0,0.0,0.2277,1.0,0.0,0.0,0.0,0.0,0.0,0.0,0.0
13485,O1,B,0.688,0.6884615384615385,0.6879201075475322,0.376,176,168,72,84,18.332,30.854,0.0,0.9290322580645162,0.24742268041237114,0.24444444444444444,0.9746835443037974,0.0,0.0,0.0,0.0,0.0,0.0,0.5,0.0,0.0,0.0,0.0,0.0,0.6884615384615385,0.6884615384615385,0.0,0.35709967013265986,0.0,0.97,0.0,0.0,0.0,0.5,0.688,0.16248351133435526,0.0070068041867339306,0.0011384901474927906,0.0,0.0,0.0,0.0,0.2277,0.688,0.0,0.0,0.0,0.0,0.0,0.0,0.0
13485,O1,C,0.50625,0.5069886317422778,0.5062307121371928,0.0125,205,200,213,182,20.55625,30.29875,0.0,0.0,1.0,0.0,1.0,0.0,0.0,0.0,0.0,0.0,0.0,0.5,0.0,0.0,0.0,0.0,0.0,0.5069886317422778,0.5069886317422778,0.0,0.00028233637553365387,0.0,0.97,0.0,0.0,0.0,0.5,0.50625,0.10652660393914569,0.006325753372023252,0.0006738610240782364,0.0,0.0,0.0,0.0,0.2277,0.50625,0.0,0.0,0.0,0.0,0.0,0.0,0.0
13485,O1,C_style_shift,0.50875,0.5088064701617541,0.5087123857920373,0.0175,207,200,202,191,21.91125,29.77875,0.0,0.0,1.0,0.0,1.0,0.0,0.0,0.0,0.0,0.0,0.0,0.5,0.0,0.0,,,,,,,,,,,,,,,,,,0.0,0.0,0.0,0.0,0.2277,,0.0,0.0,0.0,0.0,0.0,0.0,0.0
13485,O1,A_after_C,1.0,1.0,1.0,1.0,201,199,0,0,21.7825,29.7575,0.0,1.0,1.0,1.0,1.0,0.0,0.0,0.0,0.0,0.0,0.0,0.5,0.0,0.0,,,,,,,,,,,,,,,,,,0.0,0.0,0.0,0.0,0.2277,,0.0,0.0,0.0,0.0,0.0,0.0,0.0
13485,O1,B_after_C,0.688,0.6884615384615385,0.6879201075475322,0.376,176,168,72,84,21.578,29.778,0.0,0.9290322580645162,0.24742268041237114,0.24444444444444444,0.9746835443037974,0.0,0.0,0.0,0.0,0.0,0.0,0.5,0.0,0.0,,,,,,,,,,,,,,,,,,0.0,0.0,0.0,0.0,0.2277,,0.0,0.0,0.0,0.0,0.0,0.0,0.0
13485,O3,A,1.0,1.0,1.0,1.0,201,199,0,0,31.1325,7.705,0.0,1.0,1.0,1.0,1.0,0.0,0.0,0.0,0.0,0.0,0.0,0.5,0.0,0.0,1.0,0.0,0.0,1.0,1.0,0.0,0.8888888955556756,0.3333333333333333,0.95,0.0,1.0,0.0,0.5,1.0,0.4345968177511698,0.007937013196843614,0.003449400677797274,0.0,0.0,0.0,0.0,0.29700000000000004,0.775,0.0,0.0,0.0,0.0,0.0,0.0,0.0
13485,O3,B,0.786,0.7788461538461539,0.7761272099592007,0.572,249,144,96,11,31.728,10.24,0.0,0.9290322580645162,0.7525773195876289,0.24444444444444444,0.9746835443037974,0.0,0.0,0.0,0.0,0.0,0.0,0.5,0.0,0.0,0.0,0.0,0.29012345679012347,0.6884615384615385,0.6884615384615385,0.0,0.7805289970999415,0.3333333333333333,0.95,0.12468193384223929,0.0,0.0,0.5980000000000001,0.786,0.2865294785503788,0.007775142122351156,0.002227807417972362,0.0,0.0,0.0,0.0,0.29700000000000004,0.786,0.0,0.0,0.0,0.0,0.0,0.0,0.0
13485,O3,C,0.50625,0.5069886317422778,0.5062307121371928,0.0125,205,200,213,182,31.625,26.41125,0.0,0.0,1.0,0.0,1.0,0.0,0.0,0.0,0.0,0.0,0.0,0.5,0.0,0.0,0.19715023663122724,0.0,0.0,0.5069886317422778,0.5069886317422778,0.0,0.5557437731621544,0.3333333333333333,0.95,0.0,0.20202020202020202,0.0,0.5,0.50625,0.2643351434142937,0.006325753372023252,0.0016721189247972184,0.0,0.0,0.0,0.0,0.29700000000000004,0.38125,0.0,0.0,0.0,0.0,0.0,0.0,0.0
13485,O3,C_style_shift,0.50875,0.5088064701617541,0.5087123857920373,0.0175,207,200,202,191,31.895,24.53625,0.0,0.0,1.0,0.0,1.0,0.0,0.0,0.0,0.0,0.0,0.0,0.5,0.0,0.0,,,,,,,,,,,,,,,,,,0.0,0.0,0.0,0.0,0.29700000000000004,,0.0,0.0,0.0,0.0,0.0,0.0,0.0
13485,O3,A_after_C,1.0,1.0,1.0,1.0,201,199,0,0,31.8825,24.39,0.0,1.0,1.0,1.0,1.0,0.0,0.0,0.0,0.0,0.0,0.0,0.5,0.0,0.0,,,,,,,,,,,,,,,,,,0.0,0.0,0.0,0.0,0.29700000000000004,,0.0,0.0,0.0,0.0,0.0,0.0,0.0
13485,O3,B_after_C,0.688,0.6884615384615385,0.6879201075475322,0.376,176,168,72,84,31.922,24.508,0.0,0.9290322580645162,0.24742268041237114,0.24444444444444444,0.9746835443037974,0.0,0.0,0.0,0.0,0.0,0.0,0.5,0.0,0.0,,,,,,,,,,,,,,,,,,0.0,0.0,0.0,0.0,0.29700000000000004,,0.0,0.0,0.0,0.0,0.0,0.0,0.0
13485,O4R,A,1.0,1.0,1.0,1.0,201,199,0,0,31.3525,7.6,0.0,1.0,1.0,1.0,1.0,0.0,0.0,0.0,0.0,0.0,0.0,0.5,0.0,0.0,1.0,0.0,0.0,1.0,1.0,0.0,0.8888888955556756,0.3333333333333333,0.95,0.0,1.0,0.0,0.5,1.0,0.4345968177511698,0.007937013196843614,0.003449400677797274,0.0,0.0,0.0,0.0,0.29700000000000004,0.775,0.0,0.0,0.0,0.0,0.0,0.0,0.0
13485,O4R,B,0.786,0.7788461538461539,0.7761272099592007,0.572,249,144,96,11,31.728,10.736,0.0,0.9290322580645162,0.7525773195876289,0.24444444444444444,0.9746835443037974,0.0,0.0,0.0,0.0,0.0,0.0,0.5,0.0,0.0,0.0,0.0,0.29012345679012347,0.6884615384615385,0.6884615384615385,0.0,0.7805289970999415,0.3333333333333333,0.95,0.12468193384223929,0.0,0.0,0.5980000000000001,0.786,0.2865294785503788,0.007775142122351156,0.002227807417972362,0.0,0.0,0.0,0.0,0.29700000000000004,0.786,0.0,0.0,0.0,0.0,0.0,0.0,0.0
13485,O4R,C,0.50625,0.5069886317422778,0.5062307121371928,0.0125,205,200,213,182,31.625,24.46,0.0,0.0,1.0,0.0,1.0,0.0,0.0,0.0,0.0,0.0,0.0,0.5,0.0,0.0,0.19715023663122724,0.0,0.0,0.5069886317422778,0.5069886317422778,0.0,0.5557437731621544,0.3333333333333333,0.95,0.0,0.20202020202020202,0.0,0.5,0.50625,0.2643351434142937,0.006325753372023252,0.0016721189247972184,0.0,0.0,0.0,0.0,0.29700000000000004,0.38125,0.0,0.0,0.0,0.0,0.0,0.0,0.0
13485,O4R,C_style_shift,0.50875,0.5088064701617541,0.5087123857920373,0.0175,207,200,202,191,31.75,21.25875,0.0,0.0,1.0,0.0,1.0,0.0,0.0,0.0,0.0,0.0,0.0,0.5,0.0,0.0,,,,,,,,,,,,,,,,,,0.0,0.0,0.0,0.0,0.29700000000000004,,0.0,0.0,0.0,0.0,0.0,0.0,0.0
13485,O4R,A_after_C,1.0,1.0,1.0,1.0,201,199,0,0,31.775,21.205,0.0,1.0,1.0,1.0,1.0,0.0,0.0,0.0,0.0,0.0,0.0,0.5,0.0,0.0,,,,,,,,,,,,,,,,,,0.0,0.0,0.0,0.0,0.29700000000000004,,0.0,0.0,0.0,0.0,0.0,0.0,0.0
13485,O4R,B_after_C,0.688,0.6884615384615385,0.6879201075475322,0.376,176,168,72,84,31.806,21.274,0.0,0.9290322580645162,0.24742268041237114,0.24444444444444444,0.9746835443037974,0.0,0.0,0.0,0.0,0.0,0.0,0.5,0.0,0.0,,,,,,,,,,,,,,,,,,0.0,0.0,0.0,0.0,0.29700000000000004,,0.0,0.0,0.0,0.0,0.0,0.0,0.0
13485,O4M,A,1.0,1.0,1.0,1.0,201,199,0,0,29.0375,8.63,1.0,1.0,1.0,1.0,1.0,7.945,6.0,1.0,1.0,0.0,0.9596385748684406,0.5024,0.5017149014778325,14.8725,1.0,1.0,0.0,1.0,1.0,0.0,0.8888888955556756,0.3333333333333333,0.95,0.0,1.0,0.0,0.5,1.0,0.35281235040099335,0.007937013196843614,0.0028002762811420974,256.0,2048.0,0.0,0.0,0.6970000000000001,0.775,0.0,0.0,0.0,0.0,0.0,0.0,0.0
13485,O4M,B,0.786,0.7788461538461539,0.7761272099592007,0.572,249,144,96,11,31.118,10.614,0.7425793650793651,0.9290322580645162,0.7525773195876289,0.24444444444444444,0.9746835443037974,7.978,6.0,1.0,1.754,0.0,0.9636237781047821,0.5699422398296646,0.529615763546798,14.81,0.0,0.0,0.06377204884667595,0.7637820512820512,0.6884615384615385,0.24176954732510272,0.7805289970999415,0.3333333333333333,0.95,0.02035623409669213,0.0,0.262820512820513,0.516,0.786,0.2198606412368826,0.47414537381620586,0.10424590592673243,256.0,2048.0,0.0,0.0,0.6970000000000001,0.786,0.0,0.0,0.0,0.0,0.0,0.0,0.0
13485,O4M,C,0.76,0.7527513436066846,0.7443391766922549,0.52,205,403,10,182,30.99875,19.9875,0.7305473033910533,0.0,1.0,0.9530516431924883,1.0,7.05625,6.0,1.30125,1.29875,0.0,0.9999780371040106,0.30293501286214924,0.749675856471115,15.481848484848483,0.5973652169926185,0.041185961592119756,0.0,0.7551726511127379,0.5069886317422778,0.503404252619022,0.5557437731621544,0.3333333333333333,0.95,0.0,0.6121212121212122,0.5189873417721518,0.49750000000000005,0.76,0.26470477837790907,0.5811058417345938,0.15382149305046394,256.0,2048.0,0.0,0.0,0.6970000000000001,0.38125,0.0,0.0,0.0,0.0,0.0,0.0,0.0
13485,O4M,C_style_shift,0.63625,0.6344221105527639,0.5790044757900448,0.2725,107,402,0,291,31.855,17.2975,0.618125,0.0,1.0,1.0,0.5169082125603864,6.41875,6.0,1.23875,1.25,0.0,0.9561397214978933,0.16362862729523775,0.5003155788177339,15.07125,,,,,,,,,,,,,,,,,,256.0,2048.0,0.0,0.0,0.6970000000000001,,0.0,0.0,0.0,0.0,0.0,0.0,0.0
13485,O4M,A_after_C,0.6475,0.6492537313432836,0.5990872838163479,0.295,60,199,0,141,31.8925,17.8475,0.6340625,1.0,1.0,0.0,0.5128205128205128,6.3675,6.0,1.2725,1.225,0.0,0.9595987363159657,0.1752901983924625,0.5017149014778325,14.8725,,,,,,,,,,,,,,,,,,256.0,2048.0,0.0,0.0,0.6970000000000001,,0.0,0.0,0.0,0.0,0.0,0.0,0.0
13485,O4M,B_after_C,0.658,0.6708333333333334,0.6256419911467614,0.316,91,238,2,169,31.884,17.948,0.6655,0.9290322580645162,0.24742268041237114,0.7555555555555555,0.5886075949367089,6.354,6.0,1.31,1.194,0.0,0.9635883152484894,0.2107429049078499,0.529615763546798,14.81,,,,,,,,,,,,,,,,,,256.0,2048.0,0.0,0.0,0.6970000000000001,,0.0,0.0,0.0,0.0,0.0,0.0,0.0
13485,O4D,A,1.0,1.0,1.0,1.0,201,199,0,0,29.0375,8.63,1.0,1.0,1.0,1.0,1.0,7.945,6.0,1.0,1.0,0.0,0.9596385748684406,0.5024,0.5017149014778325,14.8725,1.0,1.0,0.0,1.0,1.0,0.0,0.8888888955556756,0.3333333333333333,0.95,0.0,1.0,0.0,0.5,1.0,0.35281235040099335,0.007937013196843614,0.0028002762811420974,256.0,2048.0,0.0,0.0,0.6970000000000001,0.775,0.0,0.0,0.0,0.0,0.0,0.0,0.0
13485,O4D,B,0.786,0.7788461538461539,0.7761272099592007,0.572,249,144,96,11,31.118,10.614,0.7425793650793651,0.9290322580645162,0.7525773195876289,0.24444444444444444,0.9746835443037974,7.978,6.0,1.0,1.754,0.0,0.9636237781047821,0.5699422398296646,0.529615763546798,14.81,0.0,0.0,0.06377204884667595,0.7637820512820512,0.6884615384615385,0.24176954732510272,0.7805289970999415,0.3333333333333333,0.95,0.02035623409669213,0.0,0.262820512820513,0.516,0.786,0.2198606412368826,0.47414537381620586,0.10424590592673243,256.0,2048.0,0.0,0.0,0.6970000000000001,0.786,0.0,0.0,0.0,0.0,0.0,0.0,0.0
13485,O4D,C,0.7725,0.7648578811369509,0.756006006006006,0.545,205,413,0,182,31.75,17.32625,0.7305473033910533,0.0,1.0,1.0,1.0,7.05625,6.0,1.30125,1.29875,0.0,0.9999780371040106,0.30293501286214924,0.749675856471115,15.481848484848483,0.617080240655741,0.11219512195121917,0.005464480874316637,0.7635658914728682,0.5069886317422778,0.5204286883633572,0.5557437731621544,0.3333333333333333,0.95,0.001618122977346244,0.6323232323232323,0.5367088607594936,0.50125,0.7725,0.2505331182746871,0.5923312227349438,0.1483985882832437,256.0,2048.0,0.0,0.0,0.8398571428571429,0.38125,640.0,640.0,88.0,102.0,214.0,236.0,1.0
13485,O4D,C_style_shift,0.63625,0.6344221105527639,0.5790044757900448,0.2725,107,402,0,291,31.4825,15.05625,0.618125,0.0,1.0,1.0,0.5169082125603864,6.41875,6.0,1.23875,1.25,0.0,0.9561397214978933,0.16362862729523775,0.5003155788177339,15.07125,,,,,,,,,,,,,,,,,,256.0,2048.0,0.0,0.0,0.8398571428571429,,640.0,640.0,88.0,102.0,214.0,236.0,1.0
13485,O4D,A_after_C,0.6475,0.6492537313432836,0.5990872838163479,0.295,60,199,0,141,31.52,15.45,0.6340625,1.0,1.0,0.0,0.5128205128205128,6.3675,6.0,1.2725,1.225,0.0,0.9595987363159657,0.1752901983924625,0.5017149014778325,14.8725,,,,,,,,,,,,,,,,,,256.0,2048.0,0.0,0.0,0.8398571428571429,,640.0,640.0,88.0,102.0,214.0,236.0,1.0
13485,O4D,B_after_C,0.658,0.6708333333333334,0.6256419911467614,0.316,91,238,2,169,31.524,15.844,0.6655,0.9290322580645162,0.24742268041237114,0.7555555555555555,0.5886075949367089,6.354,6.0,1.31,1.194,0.0,0.9635883152484894,0.2107429049078499,0.529615763546798,14.81,,,,,,,,,,,,,,,,,,256.0,2048.0,0.0,0.0,0.8398571428571429,,640.0,640.0,88.0,102.0,214.0,236.0,1.0
13538,O1,A,1.0,1.0,1.0,1.0,194,206,0,0,32.0,24.15,0.0,1.0,1.0,1.0,1.0,0.0,0.0,0.0,0.0,0.0,0.0,0.5,0.0,0.0,0.0,0.0,0.0,1.0,1.0,0.0,0.9999999999999999,0.0,0.97,0.0,0.0,0.0,0.5,1.0,0.2633046061055618,0.007937013196843614,0.0020898521334495536,0.0,0.0,0.0,0.0,0.2277,1.0,0.0,0.0,0.0,0.0,0.0,0.0,0.0
13538,O1,B,0.664,0.6646330723287057,0.6639946239139827,0.328,167,165,92,76,19.592,29.788,0.0,0.9056603773584906,0.25609756097560976,0.1919191919191919,0.925,0.0,0.0,0.0,0.0,0.0,0.0,0.5,0.0,0.0,0.0,0.0,0.0,0.6646330723287057,0.6646330723287057,0.0,0.3175303821064068,0.0,0.97,0.0,0.0,0.0,0.5,0.664,0.15627816541557618,0.006924363664943699,0.0010821268502276768,0.0,0.0,0.0,0.0,0.2277,0.664,0.0,0.0,0.0,0.0,0.0,0.0,0.0
13538,O1,C,0.49625,0.496012101210121,0.4958332746911119,-0.0075,210,187,209,194,22.4725,30.0475,0.0,0.0,1.0,0.0,1.0,0.0,0.0,0.0,0.0,0.0,0.0,0.5,0.0,0.0,0.0,0.0,0.0,0.496012101210121,0.496012101210121,0.0,9.197896907908731e-05,0.0,0.97,0.0,0.0,0.0,0.5,0.49625,0.10649675165687898,0.006283825109016812,0.0006692069620902239,0.0,0.0,0.0,0.0,0.2277,0.49625,0.0,0.0,0.0,0.0,0.0,0.0,0.0
13538,O1,C_style_shift,0.4975,0.4971968002806332,0.4970473426083475,-0.005,211,187,194,208,24.325,30.0125,0.0,0.0,1.0,0.0,1.0,0.0,0.0,0.0,0.0,0.0,0.0,0.5,0.0,0.0,,,,,,,,,,,,,,,,,,0.0,0.0,0.0,0.0,0.2277,,0.0,0.0,0.0,0.0,0.0,0.0,0.0
13538,O1,A_after_C,1.0,1.0,1.0,1.0,194,206,0,0,24.0475,29.97,0.0,1.0,1.0,1.0,1.0,0.0,0.0,0.0,0.0,0.0,0.0,0.5,0.0,0.0,,,,,,,,,,,,,,,,,,0.0,0.0,0.0,0.0,0.2277,,0.0,0.0,0.0,0.0,0.0,0.0,0.0
13538,O1,B_after_C,0.664,0.6646330723287057,0.6639946239139827,0.328,167,165,92,76,24.34,30.036,0.0,0.9056603773584906,0.25609756097560976,0.1919191919191919,0.925,0.0,0.0,0.0,0.0,0.0,0.0,0.5,0.0,0.0,,,,,,,,,,,,,,,,,,0.0,0.0,0.0,0.0,0.2277,,0.0,0.0,0.0,0.0,0.0,0.0,0.0
13538,O3,A,1.0,1.0,1.0,1.0,194,206,0,0,32.0,8.1025,0.0,1.0,1.0,1.0,1.0,0.0,0.0,0.0,0.0,0.0,0.0,0.5,0.0,0.0,1.0,0.0,0.0,1.0,1.0,0.0,0.8888888955598869,0.3333333333333333,0.95,0.0,1.0,0.0,0.5,1.0,0.43459681775180375,0.007937013196843614,0.0034494006778023056,0.0,0.0,0.0,0.0,0.29700000000000004,0.755,0.0,0.0,0.0,0.0,0.0,0.0,0.0
13538,O3,B,0.744,0.7492914444924821,0.7365648050579557,0.488,228,144,113,15,31.588,15.112,0.0,0.9056603773584906,0.7439024390243902,0.1919191919191919,0.925,0.0,0.0,0.0,0.0,0.0,0.0,0.5,0.0,0.0,0.0,0.0,0.6227865179367336,0.3353669276712943,0.6646330723287057,0.0,0.7571640668626106,0.3333333333333333,0.95,0.5483870967741935,0.0,0.0,0.9079999999999999,0.744,0.3467903720160666,0.008774450912202539,0.0030428950960794334,0.0,0.0,0.0,0.0,0.29700000000000004,0.744,0.0,0.0,0.0,0.0,0.0,0.0,0.0
13538,O3,C,0.7575,0.7599009900990099,0.7436422620266797,0.515,210,396,0,194,31.3475,14.51625,0.0,0.0,1.0,1.0,1.0,0.0,0.0,0.0,0.0,0.0,0.0,0.5,0.0,0.0,0.6096579476861167,0.0,0.5198019801980198,0.5,0.496012101210121,0.007912687585266026,0.5556168741632317,0.3333333333333333,0.95,0.3465346534653465,0.6048879837067209,0.0,0.7625,0.7575,0.3771192444691587,0.008328009451037947,0.0031406526321074435,0.0,0.0,0.0,0.0,0.29700000000000004,0.38625,0.0,0.0,0.0,0.0,0.0,0.0,0.0
13538,O3,C_style_shift,0.585,0.60381861575179,0.5202000130066262,0.17,87,381,0,332,29.0325,13.36375,0.0,0.0,1.0,1.0,0.41232227488151657,0.0,0.0,0.0,0.0,0.0,0.0,0.5,0.0,0.0,,,,,,,,,,,,,,,,,,0.0,0.0,0.0,0.0,0.29700000000000004,,0.0,0.0,0.0,0.0,0.0,0.0,0.0
13538,O3,A_after_C,0.6575,0.6469072164948454,0.602319320169232,0.315,57,206,0,137,29.09,13.0975,0.0,1.0,1.0,0.0,0.5876288659793815,0.0,0.0,0.0,0.0,0.0,0.0,0.5,0.0,0.0,,,,,,,,,,,,,,,,,,0.0,0.0,0.0,0.0,0.29700000000000004,,0.0,0.0,0.0,0.0,0.0,0.0,0.0
13538,O3,B_after_C,0.668,0.6588845654993515,0.6234393147502904,0.336,81,253,4,162,29.702,13.8,0.0,0.9056603773584906,0.25609756097560976,0.8080808080808081,0.55625,0.0,0.0,0.0,0.0,0.0,0.0,0.5,0.0,0.0,,,,,,,,,,,,,,,,,,0.0,0.0,0.0,0.0,0.29700000000000004,,0.0,0.0,0.0,0.0,0.0,0.0,0.0
13538,O4R,A,1.0,1.0,1.0,1.0,194,206,0,0,32.0,8.1025,0.0,1.0,1.0,1.0,1.0,0.0,0.0,0.0,0.0,0.0,0.0,0.5,0.0,0.0,1.0,0.0,0.0,1.0,1.0,0.0,0.8888888955598869,0.3333333333333333,0.95,0.0,1.0,0.0,0.5,1.0,0.43459681775180375,0.007937013196843614,0.0034494006778023056,0.0,0.0,0.0,0.0,0.29700000000000004,0.755,0.0,0.0,0.0,0.0,0.0,0.0,0.0
13538,O4R,B,0.744,0.7492914444924821,0.7365648050579557,0.488,228,144,113,15,31.516,15.378,0.0,0.9056603773584906,0.7439024390243902,0.1919191919191919,0.925,0.0,0.0,0.0,0.0,0.0,0.0,0.5,0.0,0.0,0.0,0.0,0.6227865179367336,0.3353669276712943,0.6646330723287057,0.0,0.7571640668626106,0.3333333333333333,0.95,0.5483870967741935,0.0,0.0,0.9079999999999999,0.744,0.3467903720160666,0.008774450912202539,0.0030428950960794334,0.0,0.0,0.0,0.0,0.29700000000000004,0.744,0.0,0.0,0.0,0.0,0.0,0.0,0.0
13538,O4R,C,0.49625,0.496012101210121,0.4958332746911119,-0.0075,210,187,209,194,31.16125,25.225,0.0,0.0,1.0,0.0,1.0,0.0,0.0,0.0,0.0,0.0,0.0,0.5,0.0,0.0,0.18063939190699754,0.0,0.0,0.496012101210121,0.496012101210121,0.0,0.5556168741632317,0.3333333333333333,0.95,0.0,0.17922606924643592,0.0,0.5,0.49625,0.260884973431425,0.006283825109016812,0.0016393555466135724,0.0,0.0,0.0,0.0,0.29700000000000004,0.38625,0.0,0.0,0.0,0.0,0.0,0.0,0.0
13538,O4R,C_style_shift,0.4575,0.46996034803525455,0.42434210526315785,-0.085,87,279,102,332,31.40875,20.51875,0.0,0.0,1.0,0.4742268041237113,0.41232227488151657,0.0,0.0,0.0,0.0,0.0,0.0,0.5,0.0,0.0,,,,,,,,,,,,,,,,,,0.0,0.0,0.0,0.0,0.29700000000000004,,0.0,0.0,0.0,0.0,0.0,0.0,0.0
13538,O4R,A_after_C,0.7825,0.7757731958762887,0.768307378877356,0.565,107,206,0,87,31.37,20.8225,0.0,1.0,1.0,0.5154639175257731,0.5876288659793815,0.0,0.0,0.0,0.0,0.0,0.0,0.5,0.0,0.0,,,,,,,,,,,,,,,,,,0.0,0.0,0.0,0.0,0.29700000000000004,,0.0,0.0,0.0,0.0,0.0,0.0,0.0
13538,O4R,B_after_C,0.612,0.6056428239739956,0.587437690331581,0.224,92,214,43,151,31.586,21.624,0.0,0.9056603773584906,0.25609756097560976,0.5252525252525253,0.55625,0.0,0.0,0.0,0.0,0.0,0.0,0.5,0.0,0.0,,,,,,,,,,,,,,,,,,0.0,0.0,0.0,0.0,0.29700000000000004,,0.0,0.0,0.0,0.0,0.0,0.0,0.0
13538,O4M,A,1.0,1.0,1.0,1.0,194,206,0,0,32.0,7.1075,1.0,1.0,1.0,1.0,1.0,7.615,6.0,1.0,1.0,0.0,0.9614046816527844,0.48560000000000003,0.4713300492610837,14.3675,1.0,0.0,0.0,1.0,1.0,0.0,0.8888888955598869,0.3333333333333333,0.95,0.0,1.0,0.0,0.5,1.0,0.352812350401508,0.007937013196843614,0.0028002762811461823,256.0,2048.0,0.0,0.0,0.6970000000000001,0.755,0.0,0.0,0.0,0.0,0.0,0.0,0.0
13538,O4M,B,0.748,0.743542937663128,0.739561802397685,0.496,142,232,25,101,30.0,17.854,0.6882063492063492,0.9056603773584906,0.7439024390243902,0.8080808080808081,0.55625,8.074,6.0,1.0,2.0,0.0,0.9622361233234406,0.301506900759131,0.5523423645320197,15.388,0.0,0.38253946835784663,0.38253946835784663,0.5846583721637764,0.6646330723287057,0.0,0.7571640668626106,0.3333333333333333,0.95,0.20588235294117652,0.015625000000000014,0.0,0.654,0.748,0.2415857313403419,0.007879406933563326,0.0019035522865730567,256.0,2048.0,0.0,0.0,0.6970000000000001,0.744,0.0,0.0,0.0,0.0,0.0,0.0,0.0
13538,O4M,C,0.7575,0.7599009900990099,0.7436422620266797,0.515,210,396,0,194,31.5325,20.7375,0.7443506493506494,0.0,1.0,1.0,1.0,7.03,6.0,1.26125,1.65375,0.0,0.9952835218608379,0.2821024340971284,0.6692222222222222,15.540416666666665,0.6096579476861167,0.5236016371077763,0.0,0.7599009900990099,0.496012101210121,0.5236016371077763,0.5556168741632317,0.3333333333333333,0.95,0.0,0.6048879837067209,0.5186104218362282,0.5,0.7575,0.26380538662829073,0.5812978548211387,0.1533495053372865,256.0,2048.0,0.0,0.0,0.6970000000000001,0.38625,0.0,0.0,0.0,0.0,0.0,0.0,0.0
13538,O4M,C_style_shift,0.585,0.60381861575179,0.5202000130066262,0.17,87,381,0,332,31.7525,18.7325,0.5666666666666667,0.0,1.0,1.0,0.41232227488151657,5.2425,6.0,1.26,1.63,0.0,0.9529827766120433,0.14053970453806225,0.4439732142857143,14.815750000000001,,,,,,,,,,,,,,,,,,256.0,2048.0,0.0,0.0,0.6970000000000001,,0.0,0.0,0.0,0.0,0.0,0.0,0.0
13538,O4M,A_after_C,0.6575,0.6469072164948454,0.602319320169232,0.315,57,206,0,137,31.72,18.3325,0.64,1.0,1.0,0.0,0.5876288659793815,5.29,6.0,1.27,1.645,0.0,0.9576750971376896,0.1722060859763214,0.4243300492610837,14.2455,,,,,,,,,,,,,,,,,,256.0,2048.0,0.0,0.0,0.6970000000000001,,0.0,0.0,0.0,0.0,0.0,0.0,0.0
13538,O4M,B_after_C,0.668,0.6588845654993515,0.6234393147502904,0.336,81,253,4,162,31.828,20.24,0.675,0.9056603773584906,0.25609756097560976,0.8080808080808081,0.55625,5.284,6.0,1.318,1.714,0.0,0.9576841750144959,0.19464451850921016,0.4843423645320197,15.2696,,,,,,,,,,,,,,,,,,256.0,2048.0,0.0,0.0,0.6970000000000001,,0.0,0.0,0.0,0.0,0.0,0.0,0.0
13538,O4D,A,1.0,1.0,1.0,1.0,194,206,0,0,32.0,7.1075,1.0,1.0,1.0,1.0,1.0,7.615,6.0,1.0,1.0,0.0,0.9614046816527844,0.48560000000000003,0.4713300492610837,14.3675,1.0,0.0,0.0,1.0,1.0,0.0,0.8888888955598869,0.3333333333333333,0.95,0.0,1.0,0.0,0.5,1.0,0.352812350401508,0.007937013196843614,0.0028002762811461823,256.0,2048.0,0.0,0.0,0.6970000000000001,0.755,0.0,0.0,0.0,0.0,0.0,0.0,0.0
13538,O4D,B,0.748,0.743542937663128,0.739561802397685,0.496,142,232,25,101,30.0,17.854,0.6882063492063492,0.9056603773584906,0.7439024390243902,0.8080808080808081,0.55625,8.074,6.0,1.0,2.0,0.0,0.9622361233234406,0.301506900759131,0.5523423645320197,15.388,0.0,0.38253946835784663,0.38253946835784663,0.5846583721637764,0.6646330723287057,0.0,0.7571640668626106,0.3333333333333333,0.95,0.20588235294117652,0.015625000000000014,0.0,0.654,0.748,0.2415857313403419,0.007879406933563326,0.0019035522865730567,256.0,2048.0,0.0,0.0,0.6970000000000001,0.744,0.0,0.0,0.0,0.0,0.0,0.0,0.0
13538,O4D,C,0.7575,0.7599009900990099,0.7436422620266797,0.515,210,396,0,194,31.5325,21.6625,0.7443506493506494,0.0,1.0,1.0,1.0,7.03,6.0,1.26125,1.65375,0.0,0.9952835218608379,0.2821024340971284,0.6692222222222222,15.540416666666665,0.6096579476861167,0.5236016371077763,0.0051282051282051325,0.7586633663366337,0.496012101210121,0.5211459754433835,0.5556168741632317,0.3333333333333333,0.95,0.001650165016501615,0.6048879837067209,0.5161290322580645,0.50125,0.7575,0.24738085821980862,0.5808525018236046,0.14369179040024627,256.0,2048.0,0.0,0.0,0.8398571428571429,0.38625,640.0,640.0,81.0,127.0,169.0,263.0,1.0
13538,O4D,C_style_shift,0.585,0.60381861575179,0.5202000130066262,0.17,87,381,0,332,31.6425,19.9975,0.5666666666666667,0.0,1.0,1.0,0.41232227488151657,5.2425,6.0,1.26,1.63,0.0,0.9529827766120433,0.14053970453806225,0.4439732142857143,14.815750000000001,,,,,,,,,,,,,,,,,,256.0,2048.0,0.0,0.0,0.8398571428571429,,640.0,640.0,81.0,127.0,169.0,263.0,1.0
13538,O4D,A_after_C,0.6575,0.6469072164948454,0.602319320169232,0.315,57,206,0,137,31.615,19.6825,0.64,1.0,1.0,0.0,0.5876288659793815,5.29,6.0,1.27,1.645,0.0,0.9576750971376896,0.1722060859763214,0.4243300492610837,14.2455,,,,,,,,,,,,,,,,,,256.0,2048.0,0.0,0.0,0.8398571428571429,,640.0,640.0,81.0,127.0,169.0,263.0,1.0
13538,O4D,B_after_C,0.668,0.6588845654993515,0.6234393147502904,0.336,81,253,4,162,31.75,21.466,0.675,0.9056603773584906,0.25609756097560976,0.8080808080808081,0.55625,5.284,6.0,1.318,1.714,0.0,0.9576841750144959,0.19464451850921016,0.4843423645320197,15.2696,,,,,,,,,,,,,,,,,,256.0,2048.0,0.0,0.0,0.8398571428571429,,640.0,640.0,81.0,127.0,169.0,263.0,1.0
13591,O1,A,1.0,1.0,1.0,1.0,199,201,0,0,32.0,23.8275,0.0,1.0,1.0,1.0,1.0,0.0,0.0,0.0,0.0,0.0,0.0,0.5,0.0,0.0,0.0,0.0,0.0,1.0,1.0,0.0,0.9999999999999999,0.0,0.97,0.0,0.0,0.0,0.5,1.0,0.2633046061055618,0.007937013196843614,0.0020898521334495536,0.0,0.0,0.0,0.0,0.2277,1.0,0.0,0.0,0.0,0.0,0.0,0.0,0.0
13591,O1,B,0.558,0.5513575819672132,0.5174145649088329,0.116,67,212,44,177,19.68,25.586,0.0,0.9337748344370861,0.20388349514563106,0.5092592592592593,0.4492753623188406,0.0,0.0,0.0,0.0,0.0,0.0,0.5,0.0,0.0,0.0,0.0,0.0,0.6278816598360656,0.6278816598360656,0.0,0.1571348456997469,0.0,0.97,0.0,0.0,0.0,0.43000000000000005,0.558,0.13112457188690085,0.006213955625706874,0.0008148022711450129,0.0,0.0,0.0,0.0,0.2277,0.628,0.0,0.0,0.0,0.0,0.0,0.0,0.0
13591,O1,C,0.5,0.49888129155986183,0.4988693239120766,0.0,219,181,198,202,19.9975,26.395,0.0,0.0,1.0,0.0,1.0,0.0,0.0,0.0,0.0,0.0,0.0,0.5,0.0,0.0,0.0,0.0,0.0,0.49888129155986183,0.49888129155986183,0.0,7.229729425128895e-06,0.0,0.97,0.0,0.0,0.0,0.5,0.5,0.10648346108798987,0.006299613648945233,0.0006708046648568296,0.0,0.0,0.0,0.0,0.2277,0.5,0.0,0.0,0.0,0.0,0.0,0.0,0.0
13591,O1,C_style_shift,0.52875,0.5284891025120163,0.5280413245513966,0.0575,196,227,176,201,23.89625,23.885,0.0,0.0,1.0,0.0,1.0,0.0,0.0,0.0,0.0,0.0,0.0,0.5,0.0,0.0,,,,,,,,,,,,,,,,,,0.0,0.0,0.0,0.0,0.2277,,0.0,0.0,0.0,0.0,0.0,0.0,0.0
13591,O1,A_after_C,1.0,1.0,1.0,1.0,199,201,0,0,23.2525,24.05,0.0,1.0,1.0,1.0,1.0,0.0,0.0,0.0,0.0,0.0,0.0,0.5,0.0,0.0,,,,,,,,,,,,,,,,,,0.0,0.0,0.0,0.0,0.2277,,0.0,0.0,0.0,0.0,0.0,0.0,0.0
13591,O1,B_after_C,0.628,0.6278816598360656,0.6278511404561824,0.256,152,162,94,92,23.462,23.888,0.0,0.9337748344370861,0.20388349514563106,0.14814814814814814,0.9855072463768116,0.0,0.0,0.0,0.0,0.0,0.0,0.5,0.0,0.0,,,,,,,,,,,,,,,,,,0.0,0.0,0.0,0.0,0.2277,,0.0,0.0,0.0,0.0,0.0,0.0,0.0
13591,O3,A,1.0,1.0,1.0,1.0,199,201,0,0,32.0,8.8825,0.0,1.0,1.0,1.0,1.0,0.0,0.0,0.0,0.0,0.0,0.0,0.5,0.0,0.0,1.0,0.0,0.0,1.0,1.0,0.0,0.8888888955556756,0.3333333333333333,0.95,0.0,1.0,0.0,0.5,1.0,0.4345968177511698,0.007937013196843614,0.003449400677797274,0.0,0.0,0.0,0.0,0.29700000000000004,0.735,0.0,0.0,0.0,0.0,0.0,0.0,0.0
13591,O3,B,0.75,0.7548988217213115,0.7410410563867562,0.5,234,141,115,10,31.524,15.942,0.0,0.9337748344370861,0.7961165048543689,0.14814814814814814,0.9855072463768116,0.0,0.0,0.0,0.0,0.0,0.0,0.5,0.0,0.0,0.0,0.0,0.6096379398266192,0.3721183401639344,0.6278816598360656,0.0,0.6580749867273411,0.3333333333333333,0.95,0.504,0.0,0.0,0.878,0.75,0.325193735191907,0.008699993957810577,0.0028291835312874436,0.0,0.0,0.0,0.0,0.29700000000000004,0.75,0.0,0.0,0.0,0.0,0.0,0.0,0.0
13591,O3,C,0.7475,0.7600950118764845,0.7369791666666666,0.495,219,379,0,202,31.32875,13.48875,0.0,0.0,1.0,1.0,1.0,0.0,0.0,0.0,0.0,0.0,0.0,0.5,0.0,0.0,0.6113096809569261,0.0,0.5201900237529691,0.5,0.49888129155986183,0.002232422021561402,0.5555603753708166,0.3333333333333333,0.95,0.3662207357859532,0.5860655737704918,0.0,0.77375,0.7475,0.3772407436287765,0.008331777567129415,0.003143085965173459,0.0,0.0,0.0,0.0,0.29700000000000004,0.39,0.0,0.0,0.0,0.0,0.0,0.0,0.0
13591,O3,C_style_shift,0.62125,0.6183879093198993,0.5548364703527333,0.2425,94,403,0,303,27.59,9.88,0.0,0.0,1.0,1.0,0.47959183673469385,0.0,0.0,0.0,0.0,0.0,0.0,0.5,0.0,0.0,,,,,,,,,,,,,,,,,,0.0,0.0,0.0,0.0,0.29700000000000004,,0.0,0.0,0.0,0.0,0.0,0.0,0.0
13591,O3,A_after_C,0.6475,0.6457286432160804,0.5958466797084937,0.295,58,201,0,141,28.0525,10.435,0.0,1.0,1.0,0.0,0.5370370370370371,0.0,0.0,0.0,0.0,0.0,0.0,0.5,0.0,0.0,,,,,,,,,,,,,,,,,,0.0,0.0,0.0,0.0,0.29700000000000004,,0.0,0.0,0.0,0.0,0.0,0.0,0.0
13591,O3,B_after_C,0.632,0.6231429303278688,0.5683507244200886,0.264,62,254,2,182,28.702,10.414,0.0,0.9337748344370861,0.20388349514563106,0.8518518518518519,0.4492753623188406,0.0,0.0,0.0,0.0,0.0,0.0,0.5,0.0,0.0,,,,,,,,,,,,,,,,,,0.0,0.0,0.0,0.0,0.29700000000000004,,0.0,0.0,0.0,0.0,0.0,0.0,0.0
13591,O4R,A,1.0,1.0,1.0,1.0,199,201,0,0,32.0,8.8825,0.0,1.0,1.0,1.0,1.0,0.0,0.0,0.0,0.0,0.0,0.0,0.5,0.0,0.0,1.0,0.0,0.0,1.0,1.0,0.0,0.8888888955556756,0.3333333333333333,0.95,0.0,1.0,0.0,0.5,1.0,0.4345968177511698,0.007937013196843614,0.003449400677797274,0.0,0.0,0.0,0.0,0.29700000000000004,0.735,0.0,0.0,0.0,0.0,0.0,0.0,0.0
13591,O4R,B,0.75,0.7548988217213115,0.7410410563867562,0.5,234,141,115,10,31.524,16.06,0.0,0.9337748344370861,0.7961165048543689,0.14814814814814814,0.9855072463768116,0.0,0.0,0.0,0.0,0.0,0.0,0.5,0.0,0.0,0.0,0.0,0.6096379398266192,0.3721183401639344,0.6278816598360656,0.0,0.6580749867273411,0.3333333333333333,0.95,0.504,0.0,0.0,0.878,0.75,0.325193735191907,0.008699993957810577,0.0028291835312874436,0.0,0.0,0.0,0.0,0.29700000000000004,0.75,0.0,0.0,0.0,0.0,0.0,0.0,0.0
13591,O4R,C,0.7475,0.7600950118764845,0.7369791666666666,0.495,219,379,0,202,31.34875,12.48125,0.0,0.0,1.0,1.0,1.0,0.0,0.0,0.0,0.0,0.0,0.0,0.5,0.0,0.0,0.6113096809569261,0.0,0.5201900237529691,0.5,0.49888129155986183,0.002232422021561402,0.5555603753708166,0.3333333333333333,0.95,0.3662207357859532,0.5860655737704918,0.0,0.77375,0.7475,0.3772407436287765,0.008331777567129415,0.003143085965173459,0.0,0.0,0.0,0.0,0.29700000000000004,0.39,0.0,0.0,0.0,0.0,0.0,0.0,0.0
13591,O4R,C_style_shift,0.62125,0.6183879093198993,0.5548364703527333,0.2425,94,403,0,303,30.17375,9.46375,0.0,0.0,1.0,1.0,0.47959183673469385,0.0,0.0,0.0,0.0,0.0,0.0,0.5,0.0,0.0,,,,,,,,,,,,,,,,,,0.0,0.0,0.0,0.0,0.29700000000000004,,0.0,0.0,0.0,0.0,0.0,0.0,0.0
13591,O4R,A_after_C,0.6475,0.6457286432160804,0.5958466797084937,0.295,58,201,0,141,30.315,10.0925,0.0,1.0,1.0,0.0,0.5370370370370371,0.0,0.0,0.0,0.0,0.0,0.0,0.5,0.0,0.0,,,,,,,,,,,,,,,,,,0.0,0.0,0.0,0.0,0.29700000000000004,,0.0,0.0,0.0,0.0,0.0,0.0,0.0
13591,O4R,B_after_C,0.632,0.6231429303278688,0.5683507244200886,0.264,62,254,2,182,30.584,9.93,0.0,0.9337748344370861,0.20388349514563106,0.8518518518518519,0.4492753623188406,0.0,0.0,0.0,0.0,0.0,0.0,0.5,0.0,0.0,,,,,,,,,,,,,,,,,,0.0,0.0,0.0,0.0,0.29700000000000004,,0.0,0.0,0.0,0.0,0.0,0.0,0.0
13591,O4M,A,1.0,1.0,1.0,1.0,199,201,0,0,32.0,7.23,1.0,1.0,1.0,1.0,1.0,6.705,6.0,1.0,1.0,0.0,0.9588226240873337,0.49760000000000004,0.458125,14.6775,1.0,0.0,0.0,1.0,1.0,0.0,0.8888888955556756,0.3333333333333333,0.95,0.0,1.0,0.0,0.5,1.0,0.35281235040099335,0.007937013196843614,0.0028002762811420974,256.0,2048.0,0.0,0.0,0.6970000000000001,0.735,0.0,0.0,0.0,0.0,0.0,0.0,0.0
13591,O4M,B,0.684,0.6776703381147541,0.6571180555555556,0.368,101,241,15,143,30.856,19.678,0.618290909090909,0.9337748344370861,0.46601941747572817,0.8518518518518519,0.4420289855072464,7.046,6.0,1.128,1.636,0.0,0.9566022733449936,0.15563583131968817,0.5198300492610838,14.614,0.0,0.48663946965833754,0.0,0.679719518442623,0.6278816598360656,0.1393047668215455,0.6580749867273411,0.3333333333333333,0.95,0.0,0.0,0.20304568527918798,0.498,0.684,0.20240953632767036,0.41048215832448054,0.08308550333723948,256.0,2048.0,0.0,0.0,0.6970000000000001,0.75,0.0,0.0,0.0,0.0,0.0,0.0,0.0
13591,O4M,C,0.7475,0.7600950118764845,0.7369791666666666,0.495,219,379,0,202,17.405,25.67125,0.761972673160173,0.0,1.0,1.0,1.0,7.1175,6.0,1.14,1.31,0.0,0.9997232593595982,0.31669891111066517,0.7708333333333333,15.498,0.6113096809569261,0.5212611621101078,0.0,0.7600950118764845,0.49888129155986183,0.5212611621101078,0.5555603753708166,0.3333333333333333,0.95,0.0,0.5860655737704918,0.4950000000000001,0.5,0.7475,0.2614984245611132,0.5698093558232029,0.14900424884795035,256.0,2048.0,0.0,0.0,0.6970000000000001,0.39,0.0,0.0,0.0,0.0,0.0,0.0,0.0
13591,O4M,C_style_shift,0.6325,0.6314667700058129,0.6248827758674586,0.265,196,310,93,201,24.50125,22.19375,0.62125,0.0,1.0,0.4715909090909091,1.0,5.64375,6.0,1.0,1.48625,0.0,0.9565930244326591,0.1328,0.45690732758620684,13.785,,,,,,,,,,,,,,,,,,256.0,2048.0,0.0,0.0,0.6970000000000001,,0.0,0.0,0.0,0.0,0.0,0.0,0.0
13591,O4M,A_after_C,0.8825,0.8819095477386935,0.8807099029816179,0.765,152,201,0,47,23.505,22.7125,0.6475,1.0,1.0,0.4835164835164835,1.0,5.665,6.0,1.0,1.49,0.0,0.958923891633749,0.1592,0.45812499999999995,14.6775,,,,,,,,,,,,,,,,,,256.0,2048.0,0.0,0.0,0.6970000000000001,,0.0,0.0,0.0,0.0,0.0,0.0,0.0
13591,O4M,B_after_C,0.702,0.6996670081967213,0.6980761982727527,0.404,147,204,52,97,24.264,23.972,0.632,0.9337748344370861,0.20388349514563106,0.49074074074074076,0.9855072463768116,5.528,6.0,1.0,1.464,0.0,0.9566854290962219,0.14288,0.5198300492610838,14.614,,,,,,,,,,,,,,,,,,256.0,2048.0,0.0,0.0,0.6970000000000001,,0.0,0.0,0.0,0.0,0.0,0.0,0.0
13591,O4D,A,1.0,1.0,1.0,1.0,199,201,0,0,32.0,7.23,1.0,1.0,1.0,1.0,1.0,6.705,6.0,1.0,1.0,0.0,0.9588226240873337,0.49760000000000004,0.458125,14.6775,1.0,0.0,0.0,1.0,1.0,0.0,0.8888888955556756,0.3333333333333333,0.95,0.0,1.0,0.0,0.5,1.0,0.35281235040099335,0.007937013196843614,0.0028002762811420974,256.0,2048.0,0.0,0.0,0.6970000000000001,0.735,0.0,0.0,0.0,0.0,0.0,0.0,0.0
13591,O4D,B,0.684,0.6776703381147541,0.6571180555555556,0.368,101,241,15,143,30.856,19.678,0.618290909090909,0.9337748344370861,0.46601941747572817,0.8518518518518519,0.4420289855072464,7.046,6.0,1.128,1.636,0.0,0.9566022733449936,0.15563583131968817,0.5198300492610838,14.614,0.0,0.48663946965833754,0.0,0.679719518442623,0.6278816598360656,0.1393047668215455,0.6580749867273411,0.3333333333333333,0.95,0.0,0.0,0.20304568527918798,0.498,0.684,0.20240953632767036,0.41048215832448054,0.08308550333723948,256.0,2048.0,0.0,0.0,0.6970000000000001,0.75,0.0,0.0,0.0,0.0,0.0,0.0,0.0
13591,O4D,C,0.7475,0.7600950118764845,0.7369791666666666,0.495,219,379,0,202,17.7825,26.03875,0.761972673160173,0.0,1.0,1.0,1.0,7.1175,6.0,1.14,1.31,0.0,0.9997232593595982,0.31669891111066517,0.7708333333333333,15.498,0.6113096809569261,0.5212611621101078,0.0,0.7600950118764845,0.49888129155986183,0.5212611621101078,0.5555603753708166,0.3333333333333333,0.95,0.0,0.5860655737704918,0.4950000000000001,0.5,0.7475,0.24503023232223717,0.5698093558232029,0.1396205188367437,256.0,2048.0,0.0,0.0,0.8398571428571429,0.39,640.0,640.0,114.0,111.0,245.0,170.0,1.0
13591,O4D,C_style_shift,0.62125,0.6183879093198993,0.5548364703527333,0.2425,94,403,0,303,24.58375,23.8425,0.62125,0.0,1.0,1.0,0.47959183673469385,5.64375,6.0,1.0,1.48625,0.0,0.9565930244326591,0.1328,0.45690732758620684,13.785,,,,,,,,,,,,,,,,,,256.0,2048.0,0.0,0.0,0.8398571428571429,,640.0,640.0,114.0,111.0,245.0,170.0,1.0
13591,O4D,A_after_C,0.6475,0.6457286432160804,0.5958466797084937,0.295,58,201,0,141,23.5925,24.425,0.6475,1.0,1.0,0.0,0.5370370370370371,5.665,6.0,1.0,1.49,0.0,0.958923891633749,0.1592,0.45812499999999995,14.6775,,,,,,,,,,,,,,,,,,256.0,2048.0,0.0,0.0,0.8398571428571429,,640.0,640.0,114.0,111.0,245.0,170.0,1.0
13591,O4D,B_after_C,0.632,0.6231429303278688,0.5683507244200886,0.264,62,254,2,182,24.356,25.55,0.632,0.9337748344370861,0.20388349514563106,0.8518518518518519,0.4492753623188406,5.528,6.0,1.0,1.464,0.0,0.9566854290962219,0.14288,0.5198300492610838,14.614,,,,,,,,,,,,,,,,,,256.0,2048.0,0.0,0.0,0.8398571428571429,,640.0,640.0,114.0,111.0,245.0,170.0,1.0
13644,O1,A,1.0,1.0,1.0,1.0,216,184,0,0,32.0,22.87,0.0,1.0,1.0,1.0,1.0,0.0,0.0,0.0,0.0,0.0,0.0,0.5,0.0,0.0,0.0,0.0,0.0,1.0,1.0,0.0,0.9999999999999999,0.0,0.97,0.0,0.0,0.0,0.5,1.0,0.2633046061055618,0.007937013196843614,0.0020898521334495536,0.0,0.0,0.0,0.0,0.2277,1.0,0.0,0.0,0.0,0.0,0.0,0.0,0.0
13644,O1,B,0.55,0.5520993343573989,0.5179101727381417,0.1,73,202,46,179,28.23,31.552,0.0,0.9066666666666666,0.20168067226890757,0.46153846153846156,0.5214285714285715,0.0,0.0,0.0,0.0,0.0,0.0,0.5,0.0,0.0,0.0,0.0,0.19182353620510456,0.4457885304659498,0.6063108038914491,0.0,0.14273034840756638,0.0,0.97,0.1854545454545455,0.0,0.0,0.6020000000000001,0.55,0.15794903022860954,0.006918100985819201,0.0010927073417337306,0.0,0.0,0.0,0.0,0.2277,0.606,0.0,0.0,0.0,0.0,0.0,0.0,0.0
13644,O1,C,0.5225,0.5224005600140003,0.5222581431849874,0.045,218,200,198,184,26.92,29.6,0.0,0.0,1.0,0.0,1.0,0.0,0.0,0.0,0.0,0.0,0.0,0.5,0.0,0.0,0.0,0.0,0.0,0.5224005600140003,0.5224005600140003,0.0,0.0028991515302516646,0.0,0.97,0.0,0.0,0.0,0.5,0.5225,0.10693697885490751,0.006392724663248785,0.000683618662139081,0.0,0.0,0.0,0.0,0.2277,0.5225,0.0,0.0,0.0,0.0,0.0,0.0,0.0
13644,O1,C_style_shift,0.505,0.503934884712581,0.5038806306729559,0.01,221,183,194,202,27.44375,28.8175,0.0,0.0,1.0,0.0,1.0,0.0,0.0,0.0,0.0,0.0,0.0,0.5,0.0,0.0,,,,,,,,,,,,,,,,,,0.0,0.0,0.0,0.0,0.2277,,0.0,0.0,0.0,0.0,0.0,0.0,0.0
13644,O1,A_after_C,1.0,1.0,1.0,1.0,216,184,0,0,27.38,28.8775,0.0,1.0,1.0,1.0,1.0,0.0,0.0,0.0,0.0,0.0,0.0,0.5,0.0,0.0,,,,,,,,,,,,,,,,,,0.0,0.0,0.0,0.0,0.2277,,0.0,0.0,0.0,0.0,0.0,0.0,0.0
13644,O1,B_after_C,0.606,0.6063108038914491,0.6055440088742587,0.212,143,160,88,109,27.614,28.624,0.0,0.9066666666666666,0.20168067226890757,0.17582417582417584,0.9071428571428571,0.0,0.0,0.0,0.0,0.0,0.0,0.5,0.0,0.0,,,,,,,,,,,,,,,,,,0.0,0.0,0.0,0.0,0.2277,,0.0,0.0,0.0,0.0,0.0,0.0,0.0
13644,O3,A,1.0,1.0,1.0,1.0,216,184,0,0,32.0,7.565,0.0,1.0,1.0,1.0,1.0,0.0,0.0,0.0,0.0,0.0,0.0,0.5,0.0,0.0,1.0,0.0,0.0,1.0,1.0,0.0,0.8888888955865089,0.3333333333333333,0.95,0.0,1.0,0.0,0.5,1.0,0.434596817755811,0.007937013196843614,0.003449400677834111,0.0,0.0,0.0,0.0,0.29700000000000004,0.7775,0.0,0.0,0.0,0.0,0.0,0.0,0.0
13644,O3,B,0.748,0.746415770609319,0.7370573799228701,0.496,238,136,112,14,31.3,12.092,0.0,0.9066666666666666,0.7983193277310925,0.17582417582417584,0.9071428571428571,0.0,0.0,0.0,0.0,0.0,0.0,0.5,0.0,0.0,0.0,0.0,0.3558770931555843,0.6063108038914491,0.6063108038914491,0.0,0.6488782866761154,0.3333333333333333,0.95,0.18983957219251338,0.0,0.0,0.642,0.748,0.2765206620358341,0.007830917122106174,0.0021654103869525477,0.0,0.0,0.0,0.0,0.29700000000000004,0.748,0.0,0.0,0.0,0.0,0.0,0.0,0.0
13644,O3,C,0.5225,0.5224005600140003,0.5222581431849874,0.045,218,200,198,184,31.03875,28.06,0.0,0.0,1.0,0.0,1.0,0.0,0.0,0.0,0.0,0.0,0.0,0.5,0.0,0.0,0.1948454260004635,0.0,0.0,0.5224005600140003,0.5224005600140003,0.0,0.5574876218019303,0.3333333333333333,0.95,0.0,0.1940928270042194,0.0,0.5,0.5225,0.2634043730500693,0.006392724663248785,0.0016838716320047617,0.0,0.0,0.0,0.0,0.29700000000000004,0.4075,0.0,0.0,0.0,0.0,0.0,0.0,0.0
13644,O3,C_style_shift,0.505,0.503934884712581,0.5038806306729559,0.01,221,183,194,202,31.895,24.71875,0.0,0.0,1.0,0.0,1.0,0.0,0.0,0.0,0.0,0.0,0.0,0.5,0.0,0.0,,,,,,,,,,,,,,,,,,0.0,0.0,0.0,0.0,0.29700000000000004,,0.0,0.0,0.0,0.0,0.0,0.0,0.0
13644,O3,A_after_C,1.0,1.0,1.0,1.0,216,184,0,0,31.8925,24.625,0.0,1.0,1.0,1.0,1.0,0.0,0.0,0.0,0.0,0.0,0.0,0.5,0.0,0.0,,,,,,,,,,,,,,,,,,0.0,0.0,0.0,0.0,0.29700000000000004,,0.0,0.0,0.0,0.0,0.0,0.0,0.0
13644,O3,B_after_C,0.606,0.6063108038914491,0.6055440088742587,0.212,143,160,88,109,31.906,24.758,0.0,0.9066666666666666,0.20168067226890757,0.17582417582417584,0.9071428571428571,0.0,0.0,0.0,0.0,0.0,0.0,0.5,0.0,0.0,,,,,,,,,,,,,,,,,,0.0,0.0,0.0,0.0,0.29700000000000004,,0.0,0.0,0.0,0.0,0.0,0.0,0.0
13644,O4R,A,1.0,1.0,1.0,1.0,216,184,0,0,32.0,8.46,0.0,1.0,1.0,1.0,1.0,0.0,0.0,0.0,0.0,0.0,0.0,0.5,0.0,0.0,1.0,0.0,0.0,1.0,1.0,0.0,0.8888888955865089,0.3333333333333333,0.95,0.0,1.0,0.0,0.5,1.0,0.434596817755811,0.007937013196843614,0.003449400677834111,0.0,0.0,0.0,0.0,0.29700000000000004,0.7775,0.0,0.0,0.0,0.0,0.0,0.0,0.0
13644,O4R,B,0.748,0.746415770609319,0.7370573799228701,0.496,238,136,112,14,31.524,9.382,0.0,0.9066666666666666,0.7983193277310925,0.17582417582417584,0.9071428571428571,0.0,0.0,0.0,0.0,0.0,0.0,0.5,0.0,0.0,0.0,0.0,0.3558770931555843,0.6063108038914491,0.6063108038914491,0.0,0.6488782866761154,0.3333333333333333,0.95,0.18983957219251338,0.0,0.0,0.642,0.748,0.2765206620358341,0.007830917122106174,0.0021654103869525477,0.0,0.0,0.0,0.0,0.29700000000000004,0.748,0.0,0.0,0.0,0.0,0.0,0.0,0.0
13644,O4R,C,0.5225,0.5224005600140003,0.5222581431849874,0.045,218,200,198,184,32.0,27.215,0.0,0.0,1.0,0.0,1.0,0.0,0.0,0.0,0.0,0.0,0.0,0.5,0.0,0.0,0.1948454260004635,0.0,0.0,0.5224005600140003,0.5224005600140003,0.0,0.5574876218019303,0.3333333333333333,0.95,0.0,0.1940928270042194,0.0,0.5,0.5225,0.2634043730500693,0.006392724663248785,0.0016838716320047617,0.0,0.0,0.0,0.0,0.29700000000000004,0.4075,0.0,0.0,0.0,0.0,0.0,0.0,0.0
13644,O4R,C_style_shift,0.505,0.503934884712581,0.5038806306729559,0.01,221,183,194,202,32.0,24.84625,0.0,0.0,1.0,0.0,1.0,0.0,0.0,0.0,0.0,0.0,0.0,0.5,0.0,0.0,,,,,,,,,,,,,,,,,,0.0,0.0,0.0,0.0,0.29700000000000004,,0.0,0.0,0.0,0.0,0.0,0.0,0.0
13644,O4R,A_after_C,1.0,1.0,1.0,1.0,216,184,0,0,32.0,24.7525,0.0,1.0,1.0,1.0,1.0,0.0,0.0,0.0,0.0,0.0,0.0,0.5,0.0,0.0,,,,,,,,,,,,,,,,,,0.0,0.0,0.0,0.0,0.29700000000000004,,0.0,0.0,0.0,0.0,0.0,0.0,0.0
13644,O4R,B_after_C,0.606,0.6063108038914491,0.6055440088742587,0.212,143,160,88,109,32.0,24.954,0.0,0.9066666666666666,0.20168067226890757,0.17582417582417584,0.9071428571428571,0.0,0.0,0.0,0.0,0.0,0.0,0.5,0.0,0.0,,,,,,,,,,,,,,,,,,0.0,0.0,0.0,0.0,0.29700000000000004,,0.0,0.0,0.0,0.0,0.0,0.0,0.0
13644,O4M,A,1.0,1.0,1.0,1.0,216,184,0,0,31.6925,8.37,1.0,1.0,1.0,1.0,1.0,7.06,6.0,1.0,1.0,0.0,0.9538222242891788,0.5384,0.503740763546798,15.84,1.0,0.0,0.0,1.0,1.0,0.0,0.8888888955865089,0.3333333333333333,0.95,0.0,1.0,0.0,0.5,1.0,0.3528123504047611,0.007937013196843614,0.0028002762811720023,256.0,2048.0,0.0,0.0,0.6970000000000001,0.7775,0.0,0.0,0.0,0.0,0.0,0.0,0.0
13644,O4M,B,0.748,0.746415770609319,0.7370573799228701,0.496,238,136,112,14,30.242,11.892,0.7307142857142858,0.9066666666666666,0.7983193277310925,0.17582417582417584,0.9071428571428571,7.386,6.0,1.0,1.762,0.0,0.9607415437698364,0.5146420919860631,0.4912044334975369,13.82,0.0,0.0,0.0,0.7588965693804404,0.6063108038914491,0.3875792554056251,0.6488782866761154,0.3333333333333333,0.95,0.0,0.0,0.2666666666666666,0.49,0.748,0.20128571934935124,0.46063454224555983,0.09271915519305664,256.0,2048.0,0.0,0.0,0.6970000000000001,0.748,0.0,0.0,0.0,0.0,0.0,0.0,0.0
13644,O4M,C,0.765,0.7661191529788245,0.7530474989491382,0.53,218,394,4,184,31.73,17.38125,0.7636687860750361,0.0,1.0,0.9797979797979798,1.0,7.13,6.0,1.24,1.12375,0.0,0.9999787600338459,0.2874160031494744,0.7498587676332289,15.424400568181818,0.6057151286536152,0.5102991598398201,0.0,0.7711442786069651,0.5224005600140003,0.5208207920014657,0.5574876218019303,0.3333333333333333,0.95,0.0,0.6033755274261604,0.518324607329843,0.495,0.765,0.2638491690621222,0.5811526843140108,0.15333665285447357,256.0,2048.0,0.0,0.0,0.6970000000000001,0.4075,0.0,0.0,0.0,0.0,0.0,0.0,0.0
13644,O4M,C_style_shift,0.6225,0.6286033197258436,0.6206411415938097,0.245,221,277,100,202,31.765,15.9525,0.55625,0.0,1.0,0.4845360824742268,1.0,6.67375,6.0,1.635,1.765,0.0,0.9556356763839722,0.32949706059623046,0.4938833641215106,15.4209375,,,,,,,,,,,,,,,,,,256.0,2048.0,0.0,0.0,0.6970000000000001,,0.0,0.0,0.0,0.0,0.0,0.0,0.0
13644,O4M,A_after_C,0.855,0.8657407407407407,0.8543847756772364,0.71,158,184,0,58,31.76,16.4725,0.80125,1.0,1.0,0.4423076923076923,1.0,6.74,6.0,1.635,1.795,0.0,0.9517572742700576,0.3421963971845598,0.4988479577175698,15.9890625,,,,,,,,,,,,,,,,,,256.0,2048.0,0.0,0.0,0.6970000000000001,,0.0,0.0,0.0,0.0,0.0,0.0,0.0
13644,O4M,B_after_C,0.658,0.6590821812596006,0.6521208422337503,0.316,132,197,51,120,31.788,14.538,0.611,0.9066666666666666,0.20168067226890757,0.46153846153846156,0.9071428571428571,6.492,6.0,1.61,1.62,0.0,0.9591468960046768,0.31055200036279484,0.48734700328407216,13.93625,,,,,,,,,,,,,,,,,,256.0,2048.0,0.0,0.0,0.6970000000000001,,0.0,0.0,0.0,0.0,0.0,0.0,0.0
13644,O4D,A,1.0,1.0,1.0,1.0,216,184,0,0,31.6925,8.37,1.0,1.0,1.0,1.0,1.0,7.06,6.0,1.0,1.0,0.0,0.9538222242891788,0.5384,0.503740763546798,15.84,1.0,0.0,0.0,1.0,1.0,0.0,0.8888888955865089,0.3333333333333333,0.95,0.0,1.0,0.0,0.5,1.0,0.3528123504047611,0.007937013196843614,0.0028002762811720023,256.0,2048.0,0.0,0.0,0.6970000000000001,0.7775,0.0,0.0,0.0,0.0,0.0,0.0,0.0
13644,O4D,B,0.748,0.746415770609319,0.7370573799228701,0.496,238,136,112,14,30.242,11.892,0.7307142857142858,0.9066666666666666,0.7983193277310925,0.17582417582417584,0.9071428571428571,7.386,6.0,1.0,1.762,0.0,0.9607415437698364,0.5146420919860631,0.4912044334975369,13.82,0.0,0.0,0.0,0.7588965693804404,0.6063108038914491,0.3875792554056251,0.6488782866761154,0.3333333333333333,0.95,0.0,0.0,0.2666666666666666,0.49,0.748,0.20128571934935124,0.46063454224555983,0.09271915519305664,256.0,2048.0,0.0,0.0,0.6970000000000001,0.748,0.0,0.0,0.0,0.0,0.0,0.0,0.0
13644,O4D,C,0.77,0.7711442786069651,0.7577353522053982,0.54,218,398,0,184,31.73,16.58,0.7636687860750361,0.0,1.0,1.0,1.0,7.13,6.0,1.24,1.12375,0.0,0.9999787600338459,0.2874160031494744,0.7498587676332289,15.424400568181818,0.6141866689145048,0.15596330275229311,0.0,0.7711442786069651,0.5224005600140003,0.5208207920014657,0.5574876218019303,0.3333333333333333,0.95,0.0,0.6118143459915613,0.518324607329843,0.5,0.77,0.2481991997580366,0.5843704890710862,0.14504028774965608,256.0,2048.0,0.0,0.0,0.8398571428571429,0.4075,640.0,640.0,118.0,109.0,214.0,199.0,1.0
13644,O4D,C_style_shift,0.6075,0.6288416075650118,0.5578834727267608,0.215,109,377,0,314,31.8025,15.0375,0.55625,0.0,1.0,1.0,0.49321266968325794,6.67375,6.0,1.635,1.765,0.0,0.9556356763839722,0.32949706059623046,0.4938833641215106,15.4209375,,,,,,,,,,,,,,,,,,256.0,2048.0,0.0,0.0,0.8398571428571429,,640.0,640.0,118.0,109.0,214.0,199.0,1.0
13644,O4D,A_after_C,0.6025,0.6319444444444444,0.5579373188481348,0.205,57,184,0,159,31.8025,15.62,0.80125,1.0,1.0,0.0,0.5089285714285714,6.74,6.0,1.635,1.795,0.0,0.9517572742700576,0.3421963971845598,0.4988479577175698,15.9890625,,,,,,,,,,,,,,,,,,256.0,2048.0,0.0,0.0,0.8398571428571429,,640.0,640.0,118.0,109.0,214.0,199.0,1.0
13644,O4D,B_after_C,0.616,0.6187916026625704,0.5644599303135889,0.232,68,240,8,184,31.804,13.54,0.611,0.9066666666666666,0.20168067226890757,0.8241758241758241,0.5214285714285715,6.492,6.0,1.61,1.62,0.0,0.9591468960046768,0.31055200036279484,0.48734700328407216,13.93625,,,,,,,,,,,,,,,,,,256.0,2048.0,0.0,0.0,0.8398571428571429,,640.0,640.0,118.0,109.0,214.0,199.0,1.0
13697,O1,A,1.0,1.0,1.0,1.0,206,194,0,0,32.0,24.7025,0.0,1.0,1.0,1.0,1.0,0.0,0.0,0.0,0.0,0.0,0.0,0.5,0.0,0.0,0.0,0.0,0.0,1.0,1.0,0.0,0.9999999999999999,0.0,0.97,0.0,0.0,0.0,0.5,1.0,0.2633046061055618,0.007937013196843614,0.0020898521334495536,0.0,0.0,0.0,0.0,0.2277,1.0,0.0,0.0,0.0,0.0,0.0,0.0,0.0
13697,O1,B,0.512,0.5129931547475913,0.512,0.024,128,128,111,133,18.168,30.718,0.0,0.5217391304347826,0.49504950495049505,0.51,0.515527950310559,0.0,0.0,0.0,0.0,0.0,0.0,0.5,0.0,0.0,0.0,0.0,0.0,0.5829846582984658,0.6513249651324965,0.0,0.2701269215769755,0.0,0.97,0.0,0.0,0.0,0.44000000000000006,0.512,0.1488442467123347,0.0060847325082633175,0.0009056774266385084,0.0,0.0,0.0,0.0,0.2277,0.652,0.0,0.0,0.0,0.0,0.0,0.0,0.0
13697,O1,C,0.51,0.5107450980392156,0.5098039215686274,0.02,212,196,179,213,19.51875,29.9775,0.0,0.0,1.0,0.0,1.0,0.0,0.0,0.0,0.0,0.0,0.0,0.5,0.0,0.0,0.0,0.0,0.0,0.5107450980392156,0.5107450980392156,0.0,0.000665856753463534,0.0,0.97,0.0,0.0,0.0,0.5,0.51,0.10658674847877897,0.00634133407759003,0.0006759021803479983,0.0,0.0,0.0,0.0,0.2277,0.51,0.0,0.0,0.0,0.0,0.0,0.0,0.0
13697,O1,C_style_shift,0.4925,0.49309378440596535,0.4924873121828046,-0.015,199,195,217,189,22.16,29.775,0.0,0.0,1.0,0.0,1.0,0.0,0.0,0.0,0.0,0.0,0.0,0.5,0.0,0.0,,,,,,,,,,,,,,,,,,0.0,0.0,0.0,0.0,0.2277,,0.0,0.0,0.0,0.0,0.0,0.0,0.0
13697,O1,A_after_C,1.0,1.0,1.0,1.0,206,194,0,0,22.235,29.7625,0.0,1.0,1.0,1.0,1.0,0.0,0.0,0.0,0.0,0.0,0.0,0.5,0.0,0.0,,,,,,,,,,,,,,,,,,0.0,0.0,0.0,0.0,0.2277,,0.0,0.0,0.0,0.0,0.0,0.0,0.0
13697,O1,B_after_C,0.652,0.6513249651324965,0.6513249651324965,0.304,174,152,87,87,22.14,29.776,0.0,0.927536231884058,0.2376237623762376,0.24,0.9316770186335404,0.0,0.0,0.0,0.0,0.0,0.0,0.5,0.0,0.0,,,,,,,,,,,,,,,,,,0.0,0.0,0.0,0.0,0.2277,,0.0,0.0,0.0,0.0,0.0,0.0,0.0
13697,O3,A,1.0,1.0,1.0,1.0,206,194,0,0,32.0,8.3425,0.0,1.0,1.0,1.0,1.0,0.0,0.0,0.0,0.0,0.0,0.0,0.5,0.0,0.0,1.0,0.0,0.0,1.0,1.0,0.0,0.8888888955598869,0.3333333333333333,0.95,0.0,1.0,0.0,0.5,1.0,0.43459681775180375,0.007937013196843614,0.0034494006778023056,0.0,0.0,0.0,0.0,0.29700000000000004,0.7375,0.0,0.0,0.0,0.0,0.0,0.0,0.0
13697,O3,B,0.758,0.7486253386556373,0.7424117920049729,0.516,251,128,111,10,31.188,8.102,0.0,0.927536231884058,0.7623762376237624,0.24,0.9316770186335404,0.0,0.0,0.0,0.0,0.0,0.0,0.5,0.0,0.0,0.0,0.0,0.4972506773112746,0.5,0.6513249651324965,0.0,0.728566541177956,0.3333333333333333,0.95,0.3113456464379947,0.0,0.0,0.736,0.758,0.3068052775213608,0.008232202805361227,0.002525683266310976,0.0,0.0,0.0,0.0,0.29700000000000004,0.758,0.0,0.0,0.0,0.0,0.0,0.0,0.0
13697,O3,C,0.735,0.7505882352941177,0.7236686891859305,0.47,213,375,0,212,31.51,16.06375,0.0,1.0,1.0,1.0,0.0,0.0,0.0,0.0,0.0,0.0,0.0,0.5,0.0,0.0,0.5932983757513749,0.0,0.5011764705882353,0.5,0.5107450980392156,0.0,0.5559994230984573,0.3333333333333333,0.95,0.3622448979591837,0.5628865979381443,0.0,0.76625,0.735,0.3732193743204387,0.008258217713172986,0.0030821268479123863,0.0,0.0,0.0,0.0,0.29700000000000004,0.39375,0.0,0.0,0.0,0.0,0.0,0.0,0.0
13697,O3,C_style_shift,0.75125,0.7435567010309279,0.7302933737215618,0.5025,189,412,0,199,31.5125,13.38,0.0,1.0,1.0,1.0,0.0,0.0,0.0,0.0,0.0,0.0,0.0,0.5,0.0,0.0,,,,,,,,,,,,,,,,,,0.0,0.0,0.0,0.0,0.29700000000000004,,0.0,0.0,0.0,0.0,0.0,0.0,0.0
13697,O3,A_after_C,0.2625,0.2706185567010309,0.2079207920792079,-0.475,0,105,89,206,31.475,13.2475,0.0,0.0,1.0,0.0,0.0,0.0,0.0,0.0,0.0,0.0,0.0,0.5,0.0,0.0,,,,,,,,,,,,,,,,,,0.0,0.0,0.0,0.0,0.29700000000000004,,0.0,0.0,0.0,0.0,0.0,0.0,0.0
13697,O3,B_after_C,0.242,0.2513746613443627,0.20975483634210318,-0.516,10,111,128,251,31.596,13.412,0.0,0.07246376811594203,0.2376237623762376,0.76,0.06832298136645963,0.0,0.0,0.0,0.0,0.0,0.0,0.5,0.0,0.0,,,,,,,,,,,,,,,,,,0.0,0.0,0.0,0.0,0.29700000000000004,,0.0,0.0,0.0,0.0,0.0,0.0,0.0
13697,O4R,A,1.0,1.0,1.0,1.0,206,194,0,0,32.0,8.3425,0.0,1.0,1.0,1.0,1.0,0.0,0.0,0.0,0.0,0.0,0.0,0.5,0.0,0.0,1.0,0.0,0.0,1.0,1.0,0.0,0.8888888955598869,0.3333333333333333,0.95,0.0,1.0,0.0,0.5,1.0,0.43459681775180375,0.007937013196843614,0.0034494006778023056,0.0,0.0,0.0,0.0,0.29700000000000004,0.7375,0.0,0.0,0.0,0.0,0.0,0.0,0.0
13697,O4R,B,0.758,0.7486253386556373,0.7424117920049729,0.516,251,128,111,10,31.188,8.362,0.0,0.927536231884058,0.7623762376237624,0.24,0.9316770186335404,0.0,0.0,0.0,0.0,0.0,0.0,0.5,0.0,0.0,0.0,0.0,0.4972506773112746,0.5,0.6513249651324965,0.0,0.728566541177956,0.3333333333333333,0.95,0.3113456464379947,0.0,0.0,0.736,0.758,0.3068052775213608,0.008232202805361227,0.002525683266310976,0.0,0.0,0.0,0.0,0.29700000000000004,0.758,0.0,0.0,0.0,0.0,0.0,0.0,0.0
13697,O4R,C,0.735,0.7505882352941177,0.7236686891859305,0.47,213,375,0,212,31.63875,15.44625,0.0,1.0,1.0,1.0,0.0,0.0,0.0,0.0,0.0,0.0,0.0,0.5,0.0,0.0,0.5932983757513749,0.0,0.5011764705882353,0.5,0.5107450980392156,0.0,0.5559994230984573,0.3333333333333333,0.95,0.3622448979591837,0.5628865979381443,0.0,0.76625,0.735,0.3732193743204387,0.008258217713172986,0.0030821268479123863,0.0,0.0,0.0,0.0,0.29700000000000004,0.39375,0.0,0.0,0.0,0.0,0.0,0.0,0.0
13697,O4R,C_style_shift,0.75125,0.7435567010309279,0.7302933737215618,0.5025,189,412,0,199,31.62625,14.455,0.0,1.0,1.0,1.0,0.0,0.0,0.0,0.0,0.0,0.0,0.0,0.5,0.0,0.0,,,,,,,,,,,,,,,,,,0.0,0.0,0.0,0.0,0.29700000000000004,,0.0,0.0,0.0,0.0,0.0,0.0,0.0
13697,O4R,A_after_C,0.2625,0.2706185567010309,0.2079207920792079,-0.475,0,105,89,206,31.6375,14.18,0.0,0.0,1.0,0.0,0.0,0.0,0.0,0.0,0.0,0.0,0.0,0.5,0.0,0.0,,,,,,,,,,,,,,,,,,0.0,0.0,0.0,0.0,0.29700000000000004,,0.0,0.0,0.0,0.0,0.0,0.0,0.0
13697,O4R,B_after_C,0.242,0.2513746613443627,0.20975483634210318,-0.516,10,111,128,251,31.684,14.57,0.0,0.07246376811594203,0.2376237623762376,0.76,0.06832298136645963,0.0,0.0,0.0,0.0,0.0,0.0,0.5,0.0,0.0,,,,,,,,,,,,,,,,,,0.0,0.0,0.0,0.0,0.29700000000000004,,0.0,0.0,0.0,0.0,0.0,0.0,0.0
13697,O4M,A,1.0,1.0,1.0,1.0,206,194,0,0,29.805,8.4525,1.0,1.0,1.0,1.0,1.0,6.2725,6.0,1.0,1.0,0.0,0.956508143991232,0.5144,0.4728017241379311,15.095,1.0,0.0,0.0,1.0,1.0,0.0,0.8888888955598869,0.3333333333333333,0.95,0.0,1.0,0.0,0.5,1.0,0.352812350401508,0.007937013196843614,0.0028002762811461823,256.0,2048.0,0.0,0.0,0.6970000000000001,0.7375,0.0,0.0,0.0,0.0,0.0,0.0,0.0
13697,O4M,B,0.728,0.7341733596242326,0.7247899499765262,0.456,155,209,30,106,31.596,10.158,0.714,0.927536231884058,0.7623762376237624,0.76,0.515527950310559,7.72,6.0,1.0,1.666,0.0,0.956647002696991,0.36161733655368605,0.5156206896551725,15.45,0.0,0.0,0.0,0.7341733596242326,0.6513249651324965,0.23760919540229908,0.728566541177956,0.3333333333333333,0.95,0.0,0.0,0.21839080459770105,0.5,0.728,0.21102345276274542,0.42997815836222164,0.09073547559016255,256.0,2048.0,0.0,0.0,0.6970000000000001,0.758,0.0,0.0,0.0,0.0,0.0,0.0,0.0
13697,O4M,C,0.7325,0.7482352941176471,0.7207651556669015,0.465,211,375,0,214,31.4675,25.00625,0.7160605158730158,0.0,1.0,1.0,0.9952830188679245,6.92,6.0,1.30375,1.7,0.0,0.9972938352078199,0.2859924254442649,0.7016731481481482,14.597402777777777,0.5894615679754446,0.4964705882352942,0.0,0.7494117647058823,0.5107450980392156,0.4878166078871433,0.5559994230984573,0.3333333333333333,0.95,0.0,0.5587628865979383,0.4566326530612245,0.49875,0.7325,0.25821574556326843,0.550494907123924,0.14214645287178626,256.0,2048.0,0.0,0.0,0.6970000000000001,0.39375,0.0,0.0,0.0,0.0,0.0,0.0,0.0
13697,O4M,C_style_shift,0.6325,0.6211340206185567,0.5635359526124749,0.265,94,412,0,294,31.52875,23.41875,0.6325,0.0,1.0,1.0,0.4723618090452261,5.9875,6.0,1.23625,1.59,0.0,0.9525663306564093,0.1328,0.4671216133004926,15.234000000000002,,,,,,,,,,,,,,,,,,256.0,2048.0,0.0,0.0,0.6970000000000001,,0.0,0.0,0.0,0.0,0.0,0.0,0.0
13697,O4M,A_after_C,0.615,0.6262135922330097,0.5594839669326925,0.23,52,194,0,154,31.555,23.625,0.615,1.0,1.0,0.0,0.48598130841121495,6.07,6.0,1.2225,1.575,0.0,0.9549327467381954,0.1448,0.451801724137931,15.048,,,,,,,,,,,,,,,,,,256.0,2048.0,0.0,0.0,0.6970000000000001,,0.0,0.0,0.0,0.0,0.0,0.0,0.0
13697,O4M,B_after_C,0.622,0.6368729861010918,0.5818121473614338,0.244,78,233,6,183,31.45,23.46,0.622,0.927536231884058,0.2376237623762376,0.76,0.515527950310559,6.114,6.0,1.276,1.72,0.0,0.9547682654857635,0.18128,0.4884206896551724,15.394,,,,,,,,,,,,,,,,,,256.0,2048.0,0.0,0.0,0.6970000000000001,,0.0,0.0,0.0,0.0,0.0,0.0,0.0
13697,O4D,A,1.0,1.0,1.0,1.0,206,194,0,0,29.805,8.4525,1.0,1.0,1.0,1.0,1.0,6.2725,6.0,1.0,1.0,0.0,0.956508143991232,0.5144,0.4728017241379311,15.095,1.0,0.0,0.0,1.0,1.0,0.0,0.8888888955598869,0.3333333333333333,0.95,0.0,1.0,0.0,0.5,1.0,0.352812350401508,0.007937013196843614,0.0028002762811461823,256.0,2048.0,0.0,0.0,0.6970000000000001,0.7375,0.0,0.0,0.0,0.0,0.0,0.0,0.0
13697,O4D,B,0.728,0.7341733596242326,0.7247899499765262,0.456,155,209,30,106,31.596,10.158,0.714,0.927536231884058,0.7623762376237624,0.76,0.515527950310559,7.72,6.0,1.0,1.666,0.0,0.956647002696991,0.36161733655368605,0.5156206896551725,15.45,0.0,0.0,0.0,0.7341733596242326,0.6513249651324965,0.23760919540229908,0.728566541177956,0.3333333333333333,0.95,0.0,0.0,0.21839080459770105,0.5,0.728,0.21102345276274542,0.42997815836222164,0.09073547559016255,256.0,2048.0,0.0,0.0,0.6970000000000001,0.758,0.0,0.0,0.0,0.0,0.0,0.0,0.0
13697,O4D,C,0.7325,0.7482352941176471,0.7207651556669015,0.465,211,375,0,214,32.0,23.3725,0.7160605158730158,0.0,1.0,1.0,0.9952830188679245,6.92,6.0,1.30375,1.7,0.0,0.9972938352078199,0.2859924254442649,0.7016731481481482,14.597402777777777,0.5894615679754446,0.0,0.009259259259259574,0.7458823529411764,0.5107450980392156,0.4806027572940045,0.5559994230984573,0.3333333333333333,0.95,0.003412969283276529,0.5587628865979383,0.44897959183673464,0.5025000000000001,0.7325,0.24234507695275126,0.5487706890681769,0.13299187487164169,256.0,2048.0,0.0,0.0,0.8398571428571429,0.39375,640.0,640.0,57.0,93.0,194.0,296.0,1.0
13697,O4D,C_style_shift,0.6325,0.6211340206185567,0.5635359526124749,0.265,94,412,0,294,31.87,21.375,0.6325,0.0,1.0,1.0,0.4723618090452261,5.9875,6.0,1.23625,1.59,0.0,0.9525663306564093,0.1328,0.4671216133004926,15.234000000000002,,,,,,,,,,,,,,,,,,256.0,2048.0,0.0,0.0,0.8398571428571429,,640.0,640.0,57.0,93.0,194.0,296.0,1.0
13697,O4D,A_after_C,0.615,0.6262135922330097,0.5594839669326925,0.23,52,194,0,154,31.9,21.5275,0.615,1.0,1.0,0.0,0.48598130841121495,6.07,6.0,1.2225,1.575,0.0,0.9549327467381954,0.1448,0.451801724137931,15.048,,,,,,,,,,,,,,,,,,256.0,2048.0,0.0,0.0,0.8398571428571429,,640.0,640.0,57.0,93.0,194.0,296.0,1.0
13697,O4D,B_after_C,0.622,0.6368729861010918,0.5818121473614338,0.244,78,233,6,183,31.886,21.552,0.622,0.927536231884058,0.2376237623762376,0.76,0.515527950310559,6.114,6.0,1.276,1.72,0.0,0.9547682654857635,0.18128,0.4884206896551724,15.394,,,,,,,,,,,,,,,,,,256.0,2048.0,0.0,0.0,0.8398571428571429,,640.0,640.0,57.0,93.0,194.0,296.0,1.0
13750,O1,A,1.0,1.0,1.0,1.0,205,195,0,0,32.0,24.66,0.0,1.0,1.0,1.0,1.0,0.0,0.0,0.0,0.0,0.0,0.0,0.5,0.0,0.0,0.0,0.0,0.0,1.0,1.0,0.0,0.9999999999999999,0.0,0.97,0.0,0.0,0.0,0.5,1.0,0.2633046061055618,0.007937013196843614,0.0020898521334495536,0.0,0.0,0.0,0.0,0.2277,1.0,0.0,0.0,0.0,0.0,0.0,0.0,0.0
13750,O1,B,0.644,0.6435931899641577,0.6428800719054957,0.288,147,175,77,101,21.46,24.956,0.0,0.9333333333333333,0.1891891891891892,0.16049382716049382,0.9370629370629371,0.0,0.0,0.0,0.0,0.0,0.0,0.5,0.0,0.0,0.0,0.0,0.0,0.6435931899641577,0.6435931899641577,0.0,0.21775988457681783,0.0,0.97,0.0,0.0,0.0,0.5,0.644,0.14063192863595478,0.006854132118929342,0.0009639098190106768,0.0,0.0,0.0,0.0,0.2277,0.644,0.0,0.0,0.0,0.0,0.0,0.0,0.0
13750,O1,C,0.51625,0.5159912376779847,0.5159164361692979,0.0325,217,196,189,198,20.835,27.295,0.0,0.0,1.0,0.0,1.0,0.0,0.0,0.0,0.0,0.0,0.0,0.5,0.0,0.0,0.0,0.0,0.0,0.5159912376779847,0.5159912376779847,0.0,0.0014751286910108519,0.0,0.97,0.0,0.0,0.0,0.5,0.51625,0.1067136603481942,0.006367133066708869,0.0006794600754725263,0.0,0.0,0.0,0.0,0.2277,0.51625,0.0,0.0,0.0,0.0,0.0,0.0,0.0
13750,O1,C_style_shift,0.50375,0.5056453231633882,0.5037492246081634,0.0075,201,202,174,223,22.91875,25.85125,0.0,0.0,1.0,0.0,1.0,0.0,0.0,0.0,0.0,0.0,0.0,0.5,0.0,0.0,,,,,,,,,,,,,,,,,,0.0,0.0,0.0,0.0,0.2277,,0.0,0.0,0.0,0.0,0.0,0.0,0.0
13750,O1,A_after_C,1.0,1.0,1.0,1.0,205,195,0,0,22.025,26.0425,0.0,1.0,1.0,1.0,1.0,0.0,0.0,0.0,0.0,0.0,0.0,0.5,0.0,0.0,,,,,,,,,,,,,,,,,,0.0,0.0,0.0,0.0,0.2277,,0.0,0.0,0.0,0.0,0.0,0.0,0.0
13750,O1,B_after_C,0.644,0.6435931899641577,0.6428800719054957,0.288,147,175,77,101,23.194,25.82,0.0,0.9333333333333333,0.1891891891891892,0.16049382716049382,0.9370629370629371,0.0,0.0,0.0,0.0,0.0,0.0,0.5,0.0,0.0,,,,,,,,,,,,,,,,,,0.0,0.0,0.0,0.0,0.2277,,0.0,0.0,0.0,0.0,0.0,0.0,0.0
13750,O3,A,1.0,1.0,1.0,1.0,205,195,0,0,32.0,9.07,0.0,1.0,1.0,1.0,1.0,0.0,0.0,0.0,0.0,0.0,0.0,0.5,0.0,0.0,1.0,0.0,0.0,1.0,1.0,0.0,0.8888888955585627,0.3333333333333333,0.95,0.0,1.0,0.0,0.5,1.0,0.43459681775160436,0.007937013196843614,0.0034494006778007227,0.0,0.0,0.0,0.0,0.29700000000000004,0.725,0.0,0.0,0.0,0.0,0.0,0.0,0.0
13750,O3,B,0.782,0.7833781362007168,0.7758225666465113,0.564,237,154,98,11,30.67,13.274,0.0,0.9333333333333333,0.8108108108108109,0.16049382716049382,0.9370629370629371,0.0,0.0,0.0,0.0,0.0,0.0,0.5,0.0,0.0,0.0,0.0,0.663418029933867,0.3564068100358423,0.6435931899641577,0.0,0.6962777021330631,0.3333333333333333,0.95,0.5447570332480819,0.0,0.0,0.926,0.782,0.3370790882319394,0.008979929381412838,0.003026946408273843,0.0,0.0,0.0,0.0,0.29700000000000004,0.782,0.0,0.0,0.0,0.0,0.0,0.0,0.0
13750,O3,C,0.7525,0.7614457831325301,0.7410817031070196,0.505,217,385,0,198,31.4925,12.26875,0.0,0.0,1.0,1.0,1.0,0.0,0.0,0.0,0.0,0.0,0.0,0.5,0.0,0.0,0.6064024783787272,0.0,0.5228915662650602,0.5,0.5159912376779847,0.0,0.5565387932153062,0.3333333333333333,0.95,0.3604651162790697,0.5883575883575882,0.0,0.77125,0.7525,0.376866662831104,0.008341310231415626,0.0031435617505525507,0.0,0.0,0.0,0.0,0.29700000000000004,0.39875,0.0,0.0,0.0,0.0,0.0,0.0,0.0
13750,O3,C_style_shift,0.59125,0.6143867924528302,0.5346512285670069,0.1825,97,376,0,327,31.56625,10.60125,0.0,0.0,1.0,1.0,0.48258706467661694,0.0,0.0,0.0,0.0,0.0,0.0,0.5,0.0,0.0,,,,,,,,,,,,,,,,,,0.0,0.0,0.0,0.0,0.29700000000000004,,0.0,0.0,0.0,0.0,0.0,0.0,0.0
13750,O3,A_after_C,0.6025,0.6121951219512195,0.5384581891015174,0.205,46,195,0,159,31.49,11.335,0.0,1.0,1.0,0.0,0.4842105263157895,0.0,0.0,0.0,0.0,0.0,0.0,0.5,0.0,0.0,,,,,,,,,,,,,,,,,,0.0,0.0,0.0,0.0,0.29700000000000004,,0.0,0.0,0.0,0.0,0.0,0.0,0.0
13750,O3,B_after_C,0.642,0.6392409114183307,0.5920227920227921,0.284,73,248,4,175,31.516,10.236,0.0,0.9333333333333333,0.1891891891891892,0.8395061728395061,0.5454545454545454,0.0,0.0,0.0,0.0,0.0,0.0,0.5,0.0,0.0,,,,,,,,,,,,,,,,,,0.0,0.0,0.0,0.0,0.29700000000000004,,0.0,0.0,0.0,0.0,0.0,0.0,0.0
13750,O4R,A,1.0,1.0,1.0,1.0,205,195,0,0,32.0,8.2975,0.0,1.0,1.0,1.0,1.0,0.0,0.0,0.0,0.0,0.0,0.0,0.5,0.0,0.0,1.0,0.0,0.0,1.0,1.0,0.0,0.8888888955585627,0.3333333333333333,0.95,0.0,1.0,0.0,0.5,1.0,0.43459681775160436,0.007937013196843614,0.0034494006778007227,0.0,0.0,0.0,0.0,0.29700000000000004,0.725,0.0,0.0,0.0,0.0,0.0,0.0,0.0
13750,O4R,B,0.782,0.7833781362007168,0.7758225666465113,0.564,237,154,98,11,30.764,14.342,0.0,0.9333333333333333,0.8108108108108109,0.16049382716049382,0.9370629370629371,0.0,0.0,0.0,0.0,0.0,0.0,0.5,0.0,0.0,0.0,0.0,0.663418029933867,0.3564068100358423,0.6435931899641577,0.0,0.6962777021330631,0.3333333333333333,0.95,0.5447570332480819,0.0,0.0,0.926,0.782,0.3370790882319394,0.008979929381412838,0.003026946408273843,0.0,0.0,0.0,0.0,0.29700000000000004,0.782,0.0,0.0,0.0,0.0,0.0,0.0,0.0
13750,O4R,C,0.7525,0.7614457831325301,0.7410817031070196,0.505,217,385,0,198,31.4925,11.90375,0.0,0.0,1.0,1.0,1.0,0.0,0.0,0.0,0.0,0.0,0.0,0.5,0.0,0.0,0.6064024783787272,0.0,0.5228915662650602,0.5,0.5159912376779847,0.0,0.5565387932153062,0.3333333333333333,0.95,0.3604651162790697,0.5883575883575882,0.0,0.77125,0.7525,0.376866662831104,0.008341310231415626,0.0031435617505525507,0.0,0.0,0.0,0.0,0.29700000000000004,0.39875,0.0,0.0,0.0,0.0,0.0,0.0,0.0
13750,O4R,C_style_shift,0.59125,0.6143867924528302,0.5346512285670069,0.1825,97,376,0,327,29.4125,10.56125,0.0,0.0,1.0,1.0,0.48258706467661694,0.0,0.0,0.0,0.0,0.0,0.0,0.5,0.0,0.0,,,,,,,,,,,,,,,,,,0.0,0.0,0.0,0.0,0.29700000000000004,,0.0,0.0,0.0,0.0,0.0,0.0,0.0
13750,O4R,A_after_C,0.6025,0.6121951219512195,0.5384581891015174,0.205,46,195,0,159,28.8025,11.2725,0.0,1.0,1.0,0.0,0.4842105263157895,0.0,0.0,0.0,0.0,0.0,0.0,0.5,0.0,0.0,,,,,,,,,,,,,,,,,,0.0,0.0,0.0,0.0,0.29700000000000004,,0.0,0.0,0.0,0.0,0.0,0.0,0.0
13750,O4R,B_after_C,0.642,0.6392409114183307,0.5920227920227921,0.284,73,248,4,175,29.272,10.234,0.0,0.9333333333333333,0.1891891891891892,0.8395061728395061,0.5454545454545454,0.0,0.0,0.0,0.0,0.0,0.0,0.5,0.0,0.0,,,,,,,,,,,,,,,,,,0.0,0.0,0.0,0.0,0.29700000000000004,,0.0,0.0,0.0,0.0,0.0,0.0,0.0
13750,O4M,A,1.0,1.0,1.0,1.0,205,195,0,0,32.0,9.07,1.0,1.0,1.0,1.0,1.0,6.215,6.0,1.0,1.0,0.0,0.9546183206140995,0.512,0.4662284482758621,15.0175,1.0,0.0,0.0,1.0,1.0,0.0,0.8888888955585627,0.3333333333333333,0.95,0.0,1.0,0.0,0.5,1.0,0.3528123504013461,0.007937013196843614,0.0028002762811448977,256.0,2048.0,0.0,0.0,0.6970000000000001,0.725,0.0,0.0,0.0,0.0,0.0,0.0,0.0
13750,O4M,B,0.782,0.7833781362007168,0.7758225666465113,0.564,237,154,98,11,28.762,11.022,0.6901746031746032,0.9333333333333333,0.8108108108108109,0.16049382716049382,0.9370629370629371,7.132,6.0,1.0,1.516,0.0,0.9651538616418839,0.39031638096883103,0.5174261083743843,13.466,0.0,0.0,0.01969587255611897,0.7790258576548899,0.6435931899641577,0.3799946125527519,0.6962777021330631,0.3333333333333333,0.95,0.0025575447570332505,0.0,0.3820224719101124,0.502,0.782,0.20739035250700244,0.5312928597616309,0.11018501347041804,256.0,2048.0,0.0,0.0,0.6970000000000001,0.782,0.0,0.0,0.0,0.0,0.0,0.0,0.0
13750,O4M,C,0.7525,0.7614457831325301,0.7410817031070196,0.505,217,385,0,198,23.81125,15.69125,0.735372113997114,0.0,1.0,1.0,1.0,7.0625,6.0,1.28375,1.3875,0.0,0.9952990065515042,0.29640191076752254,0.6552739898989899,15.09964015151515,0.6064024783787272,0.0,0.13635076191015677,0.7237834454701925,0.5159912376779847,0.4293149710664985,0.5565387932153062,0.3333333333333333,0.95,0.04817275747508292,0.5883575883575882,0.4134366925064601,0.5362499999999999,0.7525,0.2677846717926194,0.5505056173330833,0.14741696605753304,256.0,2048.0,0.0,0.0,0.6970000000000001,0.39875,0.0,0.0,0.0,0.0,0.0,0.0,0.0
13750,O4M,C_style_shift,0.59125,0.6143867924528302,0.5346512285670069,0.1825,97,376,0,327,23.8725,13.19,0.59125,0.0,1.0,1.0,0.48258706467661694,5.9425,6.0,1.27875,1.27875,0.0,0.95541165150702,0.1364,0.41851046798029556,13.79525,,,,,,,,,,,,,,,,,,256.0,2048.0,0.0,0.0,0.6970000000000001,,0.0,0.0,0.0,0.0,0.0,0.0,0.0
13750,O4M,A_after_C,0.6025,0.6121951219512195,0.5384581891015174,0.205,46,195,0,159,25.3875,13.575,0.6025,1.0,1.0,0.0,0.4842105263157895,6.05,6.0,1.2125,1.2125,0.0,0.9516298125684262,0.13040000000000002,0.42522844827586204,14.929499999999997,,,,,,,,,,,,,,,,,,256.0,2048.0,0.0,0.0,0.6970000000000001,,0.0,0.0,0.0,0.0,0.0,0.0,0.0
13750,O4M,B_after_C,0.642,0.6392409114183307,0.5920227920227921,0.284,73,248,4,175,22.442,13.244,0.642,0.9333333333333333,0.1891891891891892,0.8395061728395061,0.5454545454545454,5.884,6.0,1.33,1.33,0.0,0.9604148825407028,0.16784000000000002,0.44382610837438424,13.349200000000002,,,,,,,,,,,,,,,,,,256.0,2048.0,0.0,0.0,0.6970000000000001,,0.0,0.0,0.0,0.0,0.0,0.0,0.0
13750,O4D,A,1.0,1.0,1.0,1.0,205,195,0,0,32.0,9.07,1.0,1.0,1.0,1.0,1.0,6.215,6.0,1.0,1.0,0.0,0.9546183206140995,0.512,0.4662284482758621,15.0175,1.0,0.0,0.0,1.0,1.0,0.0,0.8888888955585627,0.3333333333333333,0.95,0.0,1.0,0.0,0.5,1.0,0.3528123504013461,0.007937013196843614,0.0028002762811448977,256.0,2048.0,0.0,0.0,0.6970000000000001,0.725,0.0,0.0,0.0,0.0,0.0,0.0,0.0
13750,O4D,B,0.782,0.7833781362007168,0.7758225666465113,0.564,237,154,98,11,28.762,11.022,0.6901746031746032,0.9333333333333333,0.8108108108108109,0.16049382716049382,0.9370629370629371,7.132,6.0,1.0,1.516,0.0,0.9651538616418839,0.39031638096883103,0.5174261083743843,13.466,0.0,0.0,0.01969587255611897,0.7790258576548899,0.6435931899641577,0.3799946125527519,0.6962777021330631,0.3333333333333333,0.95,0.0025575447570332505,0.0,0.3820224719101124,0.502,0.782,0.20739035250700244,0.5312928597616309,0.11018501347041804,256.0,2048.0,0.0,0.0,0.6970000000000001,0.782,0.0,0.0,0.0,0.0,0.0,0.0,0.0
13750,O4D,C,0.71625,0.7237834454701925,0.7074171995508145,0.4325,217,356,29,198,30.4875,20.695,0.735372113997114,0.0,1.0,0.8465608465608465,1.0,7.0625,6.0,1.28375,1.3875,0.0,0.9952990065515042,0.29640191076752254,0.6552739898989899,15.09964015151515,0.5442622950819672,0.4293149710664985,0.0,0.7237834454701925,0.5159912376779847,0.4293149710664985,0.5565387932153062,0.3333333333333333,0.95,0.0,0.5280665280665281,0.4134366925064601,0.5,0.71625,0.23850124001570605,0.5290321442450988,0.12617482241062394,256.0,2048.0,0.0,0.0,0.8398571428571429,0.39875,640.0,640.0,88.0,129.0,173.0,250.0,1.0
13750,O4D,C_style_shift,0.59125,0.6143867924528302,0.5346512285670069,0.1825,97,376,0,327,31.35875,15.21375,0.59125,0.0,1.0,1.0,0.48258706467661694,5.9425,6.0,1.27875,1.27875,0.0,0.95541165150702,0.1364,0.41851046798029556,13.79525,,,,,,,,,,,,,,,,,,256.0,2048.0,0.0,0.0,0.8398571428571429,,640.0,640.0,88.0,129.0,173.0,250.0,1.0
13750,O4D,A_after_C,0.6025,0.6121951219512195,0.5384581891015174,0.205,46,195,0,159,31.23,14.465,0.6025,1.0,1.0,0.0,0.4842105263157895,6.05,6.0,1.2125,1.2125,0.0,0.9516298125684262,0.13040000000000002,0.42522844827586204,14.929499999999997,,,,,,,,,,,,,,,,,,256.0,2048.0,0.0,0.0,0.8398571428571429,,640.0,640.0,88.0,129.0,173.0,250.0,1.0
13750,O4D,B_after_C,0.642,0.6392409114183307,0.5920227920227921,0.284,73,248,4,175,31.352,15.926,0.642,0.9333333333333333,0.1891891891891892,0.8395061728395061,0.5454545454545454,5.884,6.0,1.33,1.33,0.0,0.9604148825407028,0.16784000000000002,0.44382610837438424,13.349200000000002,,,,,,,,,,,,,,,,,,256.0,2048.0,0.0,0.0,0.8398571428571429,,640.0,640.0,88.0,129.0,173.0,250.0,1.0
13803,O1,A,1.0,1.0,1.0,1.0,199,201,0,0,32.0,25.14,0.0,1.0,1.0,1.0,1.0,0.0,0.0,0.0,0.0,0.0,0.0,0.5,0.0,0.0,0.0,0.0,0.0,1.0,1.0,0.0,0.9999999999999999,0.0,0.97,0.0,0.0,0.0,0.5,1.0,0.2633046061055618,0.007937013196843614,0.0020898521334495536,0.0,0.0,0.0,0.0,0.2277,1.0,0.0,0.0,0.0,0.0,0.0,0.0,0.0
13803,O1,B,0.662,0.6620985935774972,0.661836328783131,0.324,160,171,78,91,18.66,30.702,0.0,0.9554140127388535,0.2,0.25,0.92,0.0,0.0,0.0,0.0,0.0,0.0,0.5,0.0,0.0,0.0,0.0,0.0,0.6620985935774972,0.6620985935774972,0.0,0.28441387737422075,0.0,0.97,0.0,0.0,0.0,0.5,0.662,0.15108475967757665,0.006917404511284099,0.0010451143981799426,0.0,0.0,0.0,0.0,0.2277,0.662,0.0,0.0,0.0,0.0,0.0,0.0,0.0
13803,O1,C,0.5375,0.537264905962385,0.5372657407812704,0.075,206,224,184,186,22.9175,30.975,0.0,0.0,1.0,0.0,1.0,0.0,0.0,0.0,0.0,0.0,0.0,0.5,0.0,0.0,0.0,0.0,0.0,0.537264905962385,0.537264905962385,0.0,0.008008816245993144,0.0,0.97,0.0,0.0,0.0,0.5,0.5375,0.10773828811953513,0.00645332270763253,0.000695269941203252,0.0,0.0,0.0,0.0,0.2277,0.5375,0.0,0.0,0.0,0.0,0.0,0.0,0.0
13803,O1,C_style_shift,0.5,0.5,0.49997187341787974,0.0,197,203,197,203,24.91875,30.50375,0.0,0.0,1.0,0.0,1.0,0.0,0.0,0.0,0.0,0.0,0.0,0.5,0.0,0.0,,,,,,,,,,,,,,,,,,0.0,0.0,0.0,0.0,0.2277,,0.0,0.0,0.0,0.0,0.0,0.0,0.0
13803,O1,A_after_C,1.0,1.0,1.0,1.0,199,201,0,0,24.92,30.51,0.0,1.0,1.0,1.0,1.0,0.0,0.0,0.0,0.0,0.0,0.0,0.5,0.0,0.0,,,,,,,,,,,,,,,,,,0.0,0.0,0.0,0.0,0.2277,,0.0,0.0,0.0,0.0,0.0,0.0,0.0
13803,O1,B_after_C,0.662,0.6620985935774972,0.661836328783131,0.324,160,171,78,91,24.81,30.468,0.0,0.9554140127388535,0.2,0.25,0.92,0.0,0.0,0.0,0.0,0.0,0.0,0.5,0.0,0.0,,,,,,,,,,,,,,,,,,0.0,0.0,0.0,0.0,0.2277,,0.0,0.0,0.0,0.0,0.0,0.0,0.0
13803,O3,A,1.0,1.0,1.0,1.0,199,201,0,0,32.0,7.7275,0.0,1.0,1.0,1.0,1.0,0.0,0.0,0.0,0.0,0.0,0.0,0.5,0.0,0.0,1.0,0.0,0.0,1.0,1.0,0.0,0.8888888955556756,0.3333333333333333,0.95,0.0,1.0,0.0,0.5,1.0,0.4345968177511698,0.007937013196843614,0.003449400677797274,0.0,0.0,0.0,0.0,0.29700000000000004,0.75,0.0,0.0,0.0,0.0,0.0,0.0,0.0
13803,O3,B,0.788,0.7872605961695387,0.7802325388532285,0.576,244,150,99,7,31.058,7.234,0.0,0.9554140127388535,0.8,0.25,0.92,0.0,0.0,0.0,0.0,0.0,0.0,0.5,0.0,0.0,0.0,0.0,0.5745211923390774,0.5,0.6620985935774972,0.0,0.7372515908230768,0.3333333333333333,0.95,0.36294416243654826,0.0,0.0,0.786,0.788,0.3158794130448725,0.00852412786634162,0.0026925965071394322,0.0,0.0,0.0,0.0,0.29700000000000004,0.788,0.0,0.0,0.0,0.0,0.0,0.0,0.0
13803,O3,C,0.5375,0.537264905962385,0.5372657407812704,0.075,206,224,184,186,31.28125,23.20625,0.0,0.0,1.0,0.0,1.0,0.0,0.0,0.0,0.0,0.0,0.0,0.5,0.0,0.0,0.22559852670349909,0.0,0.0,0.537264905962385,0.537264905962385,0.0,0.5608893997797295,0.3333333333333333,0.95,0.0,0.2291666666666666,0.0,0.5,0.5375,0.2691958846352015,0.00645332270763253,0.0017372079151175726,0.0,0.0,0.0,0.0,0.29700000000000004,0.4,0.0,0.0,0.0,0.0,0.0,0.0,0.0
13803,O3,C_style_shift,0.5,0.5,0.49997187341787974,0.0,197,203,197,203,31.47125,19.72375,0.0,0.0,1.0,0.0,1.0,0.0,0.0,0.0,0.0,0.0,0.0,0.5,0.0,0.0,,,,,,,,,,,,,,,,,,0.0,0.0,0.0,0.0,0.29700000000000004,,0.0,0.0,0.0,0.0,0.0,0.0,0.0
13803,O3,A_after_C,1.0,1.0,1.0,1.0,199,201,0,0,31.495,19.7225,0.0,1.0,1.0,1.0,1.0,0.0,0.0,0.0,0.0,0.0,0.0,0.5,0.0,0.0,,,,,,,,,,,,,,,,,,0.0,0.0,0.0,0.0,0.29700000000000004,,0.0,0.0,0.0,0.0,0.0,0.0,0.0
13803,O3,B_after_C,0.662,0.6620985935774972,0.661836328783131,0.324,160,171,78,91,31.57,20.482,0.0,0.9554140127388535,0.2,0.25,0.92,0.0,0.0,0.0,0.0,0.0,0.0,0.5,0.0,0.0,,,,,,,,,,,,,,,,,,0.0,0.0,0.0,0.0,0.29700000000000004,,0.0,0.0,0.0,0.0,0.0,0.0,0.0
13803,O4R,A,1.0,1.0,1.0,1.0,199,201,0,0,32.0,7.7525,0.0,1.0,1.0,1.0,1.0,0.0,0.0,0.0,0.0,0.0,0.0,0.5,0.0,0.0,1.0,0.0,0.0,1.0,1.0,0.0,0.8888888955556756,0.3333333333333333,0.95,0.0,1.0,0.0,0.5,1.0,0.4345968177511698,0.007937013196843614,0.003449400677797274,0.0,0.0,0.0,0.0,0.29700000000000004,0.75,0.0,0.0,0.0,0.0,0.0,0.0,0.0
13803,O4R,B,0.788,0.7872605961695387,0.7802325388532285,0.576,244,150,99,7,31.33,8.148,0.0,0.9554140127388535,0.8,0.25,0.92,0.0,0.0,0.0,0.0,0.0,0.0,0.5,0.0,0.0,0.0,0.0,0.6495103530993397,0.3930222883566137,0.6620985935774972,0.0,0.7372515908230768,0.3333333333333333,0.95,0.5,0.0,0.0,0.894,0.788,0.3365096334218531,0.008897915103104132,0.0029942341495643415,0.0,0.0,0.0,0.0,0.29700000000000004,0.788,0.0,0.0,0.0,0.0,0.0,0.0,0.0
13803,O4R,C,0.5375,0.537264905962385,0.5372657407812704,0.075,206,224,184,186,31.43625,16.5375,0.0,0.0,1.0,0.0,1.0,0.0,0.0,0.0,0.0,0.0,0.0,0.5,0.0,0.0,0.22559852670349909,0.0,0.0,0.537264905962385,0.537264905962385,0.0,0.5608893997797295,0.3333333333333333,0.95,0.0,0.2291666666666666,0.0,0.5,0.5375,0.2691958846352015,0.00645332270763253,0.0017372079151175726,0.0,0.0,0.0,0.0,0.29700000000000004,0.4,0.0,0.0,0.0,0.0,0.0,0.0,0.0
13803,O4R,C_style_shift,0.5,0.5,0.49997187341787974,0.0,197,203,197,203,31.4925,14.18375,0.0,0.0,1.0,0.0,1.0,0.0,0.0,0.0,0.0,0.0,0.0,0.5,0.0,0.0,,,,,,,,,,,,,,,,,,0.0,0.0,0.0,0.0,0.29700000000000004,,0.0,0.0,0.0,0.0,0.0,0.0,0.0
13803,O4R,A_after_C,1.0,1.0,1.0,1.0,199,201,0,0,31.5,14.315,0.0,1.0,1.0,1.0,1.0,0.0,0.0,0.0,0.0,0.0,0.0,0.5,0.0,0.0,,,,,,,,,,,,,,,,,,0.0,0.0,0.0,0.0,0.29700000000000004,,0.0,0.0,0.0,0.0,0.0,0.0,0.0
13803,O4R,B_after_C,0.662,0.6620985935774972,0.661836328783131,0.324,160,171,78,91,31.58,14.286,0.0,0.9554140127388535,0.2,0.25,0.92,0.0,0.0,0.0,0.0,0.0,0.0,0.5,0.0,0.0,,,,,,,,,,,,,,,,,,0.0,0.0,0.0,0.0,0.29700000000000004,,0.0,0.0,0.0,0.0,0.0,0.0,0.0
13803,O4M,A,1.0,1.0,1.0,1.0,199,201,0,0,32.0,7.985,1.0,1.0,1.0,1.0,1.0,6.9125,6.0,1.0,1.0,0.0,0.9600668974220753,0.4976,0.48789100985221673,14.7,1.0,0.0,0.0,1.0,1.0,0.0,0.8888888955556756,0.3333333333333333,0.95,0.0,1.0,0.0,0.5,1.0,0.35281235040099335,0.007937013196843614,0.0028002762811420974,256.0,2048.0,0.0,0.0,0.6970000000000001,0.75,0.0,0.0,0.0,0.0,0.0,0.0,0.0
13803,O4M,B,0.77,0.770500328005248,0.7665249574669379,0.54,162,223,26,89,30.166,15.694,0.7499523809523809,0.9554140127388535,0.8,0.75,0.5666666666666667,6.486,6.0,1.0,1.688,0.0,0.9638865777254104,0.3994424345357911,0.5081133004926107,14.226,0.0,0.0,0.0,0.770500328005248,0.6620985935774972,0.32080876956223203,0.7372515908230768,0.3333333333333333,0.95,0.0,0.0,0.3195266272189349,0.5,0.77,0.21208474716121073,0.4973439723901336,0.10547907063651366,256.0,2048.0,0.0,0.0,0.6970000000000001,0.788,0.0,0.0,0.0,0.0,0.0,0.0,0.0
13803,O4M,C,0.76375,0.759078631452581,0.7481674686333588,0.5275,206,405,3,186,30.4525,24.50625,0.7550505952380954,0.0,1.0,0.9836956521739131,1.0,7.36,6.0,1.02,1.5675,0.0,0.9907163085788488,0.278088864079396,0.5261795454545455,14.47730681818182,0.5968106479156202,0.47935358339638956,0.0,0.759078631452581,0.537264905962385,0.47935358339638956,0.5608893997797295,0.3333333333333333,0.95,0.0,0.6062500000000001,0.4891891891891893,0.5,0.76375,0.2646161133889818,0.5716542910261645,0.15126893669347755,256.0,2048.0,0.0,0.0,0.6970000000000001,0.4,0.0,0.0,0.0,0.0,0.0,0.0,0.0
13803,O4M,C_style_shift,0.6275,0.6275,0.5674859759504786,0.255,102,400,0,298,30.81125,21.6025,0.5811458333333333,0.0,1.0,1.0,0.5177664974619289,6.37625,6.0,1.12375,1.3775,0.0,0.9471086594462395,0.1735585727199206,0.379042487684729,14.338333333333335,,,,,,,,,,,,,,,,,,256.0,2048.0,0.0,0.0,0.6970000000000001,,0.0,0.0,0.0,0.0,0.0,0.0,0.0
13803,O4M,A_after_C,0.6325,0.6306532663316583,0.5732915333202708,0.265,52,201,0,147,30.8525,21.57,0.581875,1.0,1.0,0.0,0.5306122448979592,6.4,6.0,1.135,1.3875,0.0,0.9474683137238026,0.1788321565581841,0.38580767651888337,14.483333333333334,,,,,,,,,,,,,,,,,,256.0,2048.0,0.0,0.0,0.6970000000000001,,0.0,0.0,0.0,0.0,0.0,0.0,0.0
13803,O4M,B_after_C,0.644,0.6453383254132066,0.5998993004981029,0.288,78,244,5,173,31.02,22.226,0.668,0.9554140127388535,0.2,0.75,0.5666666666666667,6.374,6.0,1.104,1.418,0.0,0.9506495443582534,0.20558605647669015,0.3797799671592775,13.959333333333333,,,,,,,,,,,,,,,,,,256.0,2048.0,0.0,0.0,0.6970000000000001,,0.0,0.0,0.0,0.0,0.0,0.0,0.0
13803,O4D,A,1.0,1.0,1.0,1.0,199,201,0,0,32.0,7.985,1.0,1.0,1.0,1.0,1.0,6.9125,6.0,1.0,1.0,0.0,0.9600668974220753,0.4976,0.48789100985221673,14.7,1.0,0.0,0.0,1.0,1.0,0.0,0.8888888955556756,0.3333333333333333,0.95,0.0,1.0,0.0,0.5,1.0,0.35281235040099335,0.007937013196843614,0.0028002762811420974,256.0,2048.0,0.0,0.0,0.6970000000000001,0.75,0.0,0.0,0.0,0.0,0.0,0.0,0.0
13803,O4D,B,0.77,0.770500328005248,0.7665249574669379,0.54,162,223,26,89,30.166,15.694,0.7499523809523809,0.9554140127388535,0.8,0.75,0.5666666666666667,6.486,6.0,1.0,1.688,0.0,0.9638865777254104,0.3994424345357911,0.5081133004926107,14.226,0.0,0.0,0.0,0.770500328005248,0.6620985935774972,0.32080876956223203,0.7372515908230768,0.3333333333333333,0.95,0.0,0.0,0.3195266272189349,0.5,0.77,0.21208474716121073,0.4973439723901336,0.10547907063651366,256.0,2048.0,0.0,0.0,0.6970000000000001,0.788,0.0,0.0,0.0,0.0,0.0,0.0,0.0
13803,O4D,C,0.76375,0.759078631452581,0.7481674686333588,0.5275,206,405,3,186,31.0075,23.09875,0.7550505952380954,0.0,1.0,0.9836956521739131,1.0,7.36,6.0,1.02,1.5675,0.0,0.9907163085788488,0.278088864079396,0.5261795454545455,14.47730681818182,0.5968106479156202,0.47935358339638956,0.0,0.759078631452581,0.537264905962385,0.47935358339638956,0.5608893997797295,0.3333333333333333,0.95,0.0,0.6062500000000001,0.4891891891891893,0.5,0.76375,0.2479515807742717,0.5716542910261645,0.14174258511633306,256.0,2048.0,0.0,0.0,0.8398571428571429,0.4,640.0,640.0,92.0,105.0,176.0,267.0,1.0
13803,O4D,C_style_shift,0.6275,0.6275,0.5674859759504786,0.255,102,400,0,298,31.35625,20.895,0.5811458333333333,0.0,1.0,1.0,0.5177664974619289,6.37625,6.0,1.12375,1.3775,0.0,0.9471086594462395,0.1735585727199206,0.379042487684729,14.338333333333335,,,,,,,,,,,,,,,,,,256.0,2048.0,0.0,0.0,0.8398571428571429,,640.0,640.0,92.0,105.0,176.0,267.0,1.0
13803,O4D,A_after_C,0.6325,0.6306532663316583,0.5732915333202708,0.265,52,201,0,147,31.405,20.87,0.581875,1.0,1.0,0.0,0.5306122448979592,6.4,6.0,1.135,1.3875,0.0,0.9474683137238026,0.1788321565581841,0.38580767651888337,14.483333333333334,,,,,,,,,,,,,,,,,,256.0,2048.0,0.0,0.0,0.8398571428571429,,640.0,640.0,92.0,105.0,176.0,267.0,1.0
13803,O4D,B_after_C,0.644,0.6453383254132066,0.5998993004981029,0.288,78,244,5,173,31.472,21.562,0.668,0.9554140127388535,0.2,0.75,0.5666666666666667,6.374,6.0,1.104,1.418,0.0,0.9506495443582534,0.20558605647669015,0.3797799671592775,13.959333333333333,,,,,,,,,,,,,,,,,,256.0,2048.0,0.0,0.0,0.8398571428571429,,640.0,640.0,92.0,105.0,176.0,267.0,1.0
13856,O1,A,1.0,1.0,1.0,1.0,202,198,0,0,32.0,24.96,0.0,1.0,1.0,1.0,1.0,0.0,0.0,0.0,0.0,0.0,0.0,0.5,0.0,0.0,0.0,0.0,0.0,1.0,1.0,0.0,0.9999999999999999,0.0,0.97,0.0,0.0,0.0,0.5,1.0,0.2633046061055618,0.007937013196843614,0.0020898521334495536,0.0,0.0,0.0,0.0,0.2277,1.0,0.0,0.0,0.0,0.0,0.0,0.0,0.0
13856,O1,B,0.68,0.6830380071905495,0.67991805902311,0.36,166,174,62,98,17.956,30.988,0.0,0.9235294117647059,0.16666666666666666,0.25,0.9487179487179487,0.0,0.0,0.0,0.0,0.0,0.0,0.5,0.0,0.0,0.0,0.0,0.0,0.6830380071905495,0.6830380071905495,0.0,0.3442389147265281,0.0,0.97,0.0,0.0,0.0,0.5,0.68,0.1604666583644735,0.006979540121266995,0.0011199834801804867,0.0,0.0,0.0,0.0,0.2277,0.68,0.0,0.0,0.0,0.0,0.0,0.0,0.0
13856,O1,C,0.52,0.5200770077007701,0.5199969999812499,0.04,207,209,187,197,23.9275,30.7525,0.0,0.0,1.0,0.0,1.0,0.0,0.0,0.0,0.0,0.0,0.0,0.5,0.0,0.0,0.0,0.0,0.0,0.5200770077007701,0.5200770077007701,0.0,0.0023258719632364144,0.0,0.97,0.0,0.0,0.0,0.5,0.52,0.10684707584681857,0.006382512645208953,0.0006819528126959197,0.0,0.0,0.0,0.0,0.2277,0.52,0.0,0.0,0.0,0.0,0.0,0.0,0.0
13856,O1,C_style_shift,0.4725,0.47281980106407584,0.4724472447244724,-0.055,193,185,222,200,26.185,30.51875,0.0,0.0,1.0,0.0,1.0,0.0,0.0,0.0,0.0,0.0,0.0,0.5,0.0,0.0,,,,,,,,,,,,,,,,,,0.0,0.0,0.0,0.0,0.2277,,0.0,0.0,0.0,0.0,0.0,0.0,0.0
13856,O1,A_after_C,1.0,1.0,1.0,1.0,202,198,0,0,25.995,30.505,0.0,1.0,1.0,1.0,1.0,0.0,0.0,0.0,0.0,0.0,0.0,0.5,0.0,0.0,,,,,,,,,,,,,,,,,,0.0,0.0,0.0,0.0,0.2277,,0.0,0.0,0.0,0.0,0.0,0.0,0.0
13856,O1,B_after_C,0.68,0.6830380071905495,0.67991805902311,0.36,166,174,62,98,25.676,30.456,0.0,0.9235294117647059,0.16666666666666666,0.25,0.9487179487179487,0.0,0.0,0.0,0.0,0.0,0.0,0.5,0.0,0.0,,,,,,,,,,,,,,,,,,0.0,0.0,0.0,0.0,0.2277,,0.0,0.0,0.0,0.0,0.0,0.0,0.0
13856,O3,A,1.0,1.0,1.0,1.0,202,198,0,0,32.0,10.07,0.0,1.0,1.0,1.0,1.0,0.0,0.0,0.0,0.0,0.0,0.0,0.5,0.0,0.0,1.0,0.0,0.0,1.0,1.0,0.0,0.8888888955560363,0.3333333333333333,0.95,0.0,1.0,0.0,0.5,1.0,0.4345968177512241,0.007937013196843614,0.0034494006777977047,0.0,0.0,0.0,0.0,0.29700000000000004,0.74,0.0,0.0,0.0,0.0,0.0,0.0,0.0
13856,O3,B,0.816,0.8080059065228558,0.8092584299480852,0.632,251,157,79,13,31.37,12.396,0.0,0.9235294117647059,0.8333333333333334,0.25,0.9487179487179487,0.0,0.0,0.0,0.0,0.0,0.0,0.5,0.0,0.0,0.0,0.0,0.3942677739517929,0.6830380071905495,0.6830380071905495,0.0,0.7729883145186078,0.3333333333333333,0.95,0.16666666666666655,0.0,0.0,0.6359999999999999,0.816,0.29171414167617843,0.008036177051850507,0.0023442664910383725,0.0,0.0,0.0,0.0,0.29700000000000004,0.816,0.0,0.0,0.0,0.0,0.0,0.0,0.0
13856,O3,C,0.75375,0.7561881188118812,0.7391933196420859,0.5075,207,396,0,197,31.62125,13.22125,0.0,0.0,1.0,1.0,1.0,0.0,0.0,0.0,0.0,0.0,0.0,0.5,0.0,0.0,0.5969538531484428,0.0,0.5123762376237624,0.5,0.5200770077007701,0.0,0.557105685532658,0.3333333333333333,0.95,0.3432835820895523,0.5921325051759835,0.0,0.75875,0.75375,0.37493397348238144,0.008300591843416342,0.0031121738821075343,0.0,0.0,0.0,0.0,0.29700000000000004,0.39625,0.0,0.0,0.0,0.0,0.0,0.0,0.0
13856,O3,C_style_shift,0.62625,0.6195928753180662,0.5586968273032354,0.2525,94,407,0,299,29.5325,14.9125,0.0,0.0,1.0,1.0,0.48704663212435234,0.0,0.0,0.0,0.0,0.0,0.0,0.5,0.0,0.0,,,,,,,,,,,,,,,,,,0.0,0.0,0.0,0.0,0.29700000000000004,,0.0,0.0,0.0,0.0,0.0,0.0,0.0
13856,O3,A_after_C,0.625,0.6287128712871287,0.5673617720861815,0.25,52,198,0,150,29.3725,14.5225,0.0,1.0,1.0,0.0,0.48598130841121495,0.0,0.0,0.0,0.0,0.0,0.0,0.5,0.0,0.0,,,,,,,,,,,,,,,,,,0.0,0.0,0.0,0.0,0.29700000000000004,,0.0,0.0,0.0,0.0,0.0,0.0,0.0
13856,O3,B_after_C,0.622,0.6415960451977402,0.5806541794800112,0.244,77,234,2,187,29.802,14.716,0.0,0.9235294117647059,0.16666666666666666,0.75,0.532051282051282,0.0,0.0,0.0,0.0,0.0,0.0,0.5,0.0,0.0,,,,,,,,,,,,,,,,,,0.0,0.0,0.0,0.0,0.29700000000000004,,0.0,0.0,0.0,0.0,0.0,0.0,0.0
13856,O4R,A,1.0,1.0,1.0,1.0,202,198,0,0,32.0,10.07,0.0,1.0,1.0,1.0,1.0,0.0,0.0,0.0,0.0,0.0,0.0,0.5,0.0,0.0,1.0,0.0,0.0,1.0,1.0,0.0,0.8888888955560363,0.3333333333333333,0.95,0.0,1.0,0.0,0.5,1.0,0.4345968177512241,0.007937013196843614,0.0034494006777977047,0.0,0.0,0.0,0.0,0.29700000000000004,0.74,0.0,0.0,0.0,0.0,0.0,0.0,0.0
13856,O4R,B,0.816,0.8080059065228558,0.8092584299480852,0.632,251,157,79,13,31.034,12.3,0.0,0.9235294117647059,0.8333333333333334,0.25,0.9487179487179487,0.0,0.0,0.0,0.0,0.0,0.0,0.5,0.0,0.0,0.0,0.0,0.507817643186307,0.6099126861838726,0.6830380071905495,0.0,0.7729883145186078,0.3333333333333333,0.95,0.27205882352941174,0.0,0.0,0.722,0.816,0.3075782118299005,0.008383193617226902,0.0025784877022104863,0.0,0.0,0.0,0.0,0.29700000000000004,0.816,0.0,0.0,0.0,0.0,0.0,0.0,0.0
13856,O4R,C,0.75375,0.7561881188118812,0.7391933196420859,0.5075,207,396,0,197,31.62125,14.98,0.0,0.0,1.0,1.0,1.0,0.0,0.0,0.0,0.0,0.0,0.0,0.5,0.0,0.0,0.5969538531484428,0.0,0.5123762376237624,0.5,0.5200770077007701,0.0,0.557105685532658,0.3333333333333333,0.95,0.3432835820895523,0.5921325051759835,0.0,0.75875,0.75375,0.37493397348238144,0.008300591843416342,0.0031121738821075343,0.0,0.0,0.0,0.0,0.29700000000000004,0.39625,0.0,0.0,0.0,0.0,0.0,0.0,0.0
13856,O4R,C_style_shift,0.62625,0.6195928753180662,0.5586968273032354,0.2525,94,407,0,299,29.8925,15.39,0.0,0.0,1.0,1.0,0.48704663212435234,0.0,0.0,0.0,0.0,0.0,0.0,0.5,0.0,0.0,,,,,,,,,,,,,,,,,,0.0,0.0,0.0,0.0,0.29700000000000004,,0.0,0.0,0.0,0.0,0.0,0.0,0.0
13856,O4R,A_after_C,0.625,0.6287128712871287,0.5673617720861815,0.25,52,198,0,150,29.7625,15.045,0.0,1.0,1.0,0.0,0.48598130841121495,0.0,0.0,0.0,0.0,0.0,0.0,0.5,0.0,0.0,,,,,,,,,,,,,,,,,,0.0,0.0,0.0,0.0,0.29700000000000004,,0.0,0.0,0.0,0.0,0.0,0.0,0.0
13856,O4R,B_after_C,0.622,0.6415960451977402,0.5806541794800112,0.244,77,234,2,187,30.116,15.48,0.0,0.9235294117647059,0.16666666666666666,0.75,0.532051282051282,0.0,0.0,0.0,0.0,0.0,0.0,0.5,0.0,0.0,,,,,,,,,,,,,,,,,,0.0,0.0,0.0,0.0,0.29700000000000004,,0.0,0.0,0.0,0.0,0.0,0.0,0.0
13856,O4M,A,1.0,1.0,1.0,1.0,202,198,0,0,32.0,9.9525,1.0,1.0,1.0,1.0,1.0,6.7925,6.0,1.0,1.0,0.0,0.9564526024460792,0.5048,0.502801724137931,14.865,1.0,0.0,0.0,1.0,1.0,0.0,0.8888888955560363,0.3333333333333333,0.95,0.0,1.0,0.0,0.5,1.0,0.3528123504010374,0.007937013196843614,0.0028002762811424474,256.0,2048.0,0.0,0.0,0.6970000000000001,0.74,0.0,0.0,0.0,0.0,0.0,0.0,0.0
13856,O4M,B,0.816,0.8080059065228558,0.8092584299480852,0.632,251,157,79,13,29.62,16.196,0.594920634920635,0.9235294117647059,0.8333333333333334,0.25,0.9487179487179487,7.844,6.0,1.34,1.558,0.0,0.9633103643655777,0.6277862434393048,0.49829802955665026,13.708,0.0,0.0,0.6454022647773761,0.4585580380071905,0.6830380071905495,0.0,0.7729883145186078,0.3333333333333333,0.95,0.42401960784313725,0.0,0.0,0.846,0.816,0.2682659826473038,0.00883799712171249,0.0023709339824902432,256.0,2048.0,0.0,0.0,0.6970000000000001,0.816,0.0,0.0,0.0,0.0,0.0,0.0,0.0
13856,O4M,C,0.75375,0.7561881188118812,0.7391933196420859,0.5075,207,396,0,197,31.5075,15.13375,0.7434843524531024,0.0,1.0,1.0,1.0,6.79625,6.0,1.27125,1.60625,0.0,0.9998556588590145,0.27731415214313854,0.738674494949495,14.662382575757574,0.5969538531484428,0.0,0.0,0.7561881188118812,0.5200770077007701,0.4919770773638968,0.557105685532658,0.3333333333333333,0.95,0.0,0.5921325051759835,0.4869791666666667,0.5,0.75375,0.2624286241184311,0.5682900027388688,0.14913556351902077,256.0,2048.0,0.0,0.0,0.6970000000000001,0.39625,0.0,0.0,0.0,0.0,0.0,0.0,0.0
13856,O4M,C_style_shift,0.62625,0.6195928753180662,0.5586968273032354,0.2525,94,407,0,299,31.8825,14.12625,0.5941964285714286,0.0,1.0,1.0,0.48704663212435234,5.99125,6.0,1.36375,1.595,0.0,0.9514156015217304,0.16088340099301235,0.4935591133004926,15.26,,,,,,,,,,,,,,,,,,256.0,2048.0,0.0,0.0,0.6970000000000001,,0.0,0.0,0.0,0.0,0.0,0.0,0.0
13856,O4M,A_after_C,0.625,0.6287128712871287,0.5673617720861815,0.25,52,198,0,150,31.87,13.9075,0.586875,1.0,1.0,0.0,0.48598130841121495,6.06,6.0,1.37,1.635,0.0,0.9559254661202431,0.17820696809201567,0.502801724137931,14.865,,,,,,,,,,,,,,,,,,256.0,2048.0,0.0,0.0,0.6970000000000001,,0.0,0.0,0.0,0.0,0.0,0.0,0.0
13856,O4M,B_after_C,0.622,0.6415960451977402,0.5806541794800112,0.244,77,234,2,187,31.842,13.538,0.6392142857142856,0.9235294117647059,0.16666666666666666,0.75,0.532051282051282,6.088,6.0,1.442,1.702,0.0,0.9628695178031922,0.19662404602386474,0.49829802955665026,13.708,,,,,,,,,,,,,,,,,,256.0,2048.0,0.0,0.0,0.6970000000000001,,0.0,0.0,0.0,0.0,0.0,0.0,0.0
13856,O4D,A,1.0,1.0,1.0,1.0,202,198,0,0,32.0,9.9525,1.0,1.0,1.0,1.0,1.0,6.7925,6.0,1.0,1.0,0.0,0.9564526024460792,0.5048,0.502801724137931,14.865,1.0,0.0,0.0,1.0,1.0,0.0,0.8888888955560363,0.3333333333333333,0.95,0.0,1.0,0.0,0.5,1.0,0.3528123504010374,0.007937013196843614,0.0028002762811424474,256.0,2048.0,0.0,0.0,0.6970000000000001,0.74,0.0,0.0,0.0,0.0,0.0,0.0,0.0
13856,O4D,B,0.816,0.8080059065228558,0.8092584299480852,0.632,251,157,79,13,29.62,16.196,0.594920634920635,0.9235294117647059,0.8333333333333334,0.25,0.9487179487179487,7.844,6.0,1.34,1.558,0.0,0.9633103643655777,0.6277862434393048,0.49829802955665026,13.708,0.0,0.0,0.6454022647773761,0.4585580380071905,0.6830380071905495,0.0,0.7729883145186078,0.3333333333333333,0.95,0.42401960784313725,0.0,0.0,0.846,0.816,0.2682659826473038,0.00883799712171249,0.0023709339824902432,256.0,2048.0,0.0,0.0,0.6970000000000001,0.816,0.0,0.0,0.0,0.0,0.0,0.0,0.0
13856,O4D,C,0.74625,0.7486123612361236,0.7322389865971104,0.4925,207,390,6,197,32.0,15.00625,0.7434843524531024,0.0,1.0,0.9679144385026738,1.0,6.79625,6.0,1.27125,1.60625,0.0,0.9998556588590145,0.27731415214313854,0.738674494949495,14.662382575757574,0.5844303457397343,0.4761917165928627,0.0,0.7561881188118812,0.5200770077007701,0.4919770773638968,0.557105685532658,0.3333333333333333,0.95,0.0,0.5797101449275361,0.4869791666666667,0.49249999999999994,0.74625,0.244479462731627,0.5635525755167188,0.13777703088335205,256.0,2048.0,0.0,0.0,0.8398571428571429,0.39625,640.0,640.0,89.0,107.0,215.0,229.0,1.0
13856,O4D,C_style_shift,0.62625,0.6195928753180662,0.5586968273032354,0.2525,94,407,0,299,29.53375,13.895,0.5941964285714286,0.0,1.0,1.0,0.48704663212435234,5.99125,6.0,1.36375,1.595,0.0,0.9514156015217304,0.16088340099301235,0.4935591133004926,15.26,,,,,,,,,,,,,,,,,,256.0,2048.0,0.0,0.0,0.8398571428571429,,640.0,640.0,89.0,107.0,215.0,229.0,1.0
13856,O4D,A_after_C,0.625,0.6287128712871287,0.5673617720861815,0.25,52,198,0,150,29.9575,13.65,0.586875,1.0,1.0,0.0,0.48598130841121495,6.06,6.0,1.37,1.635,0.0,0.9559254661202431,0.17820696809201567,0.502801724137931,14.865,,,,,,,,,,,,,,,,,,256.0,2048.0,0.0,0.0,0.8398571428571429,,640.0,640.0,89.0,107.0,215.0,229.0,1.0
13856,O4D,B_after_C,0.622,0.6415960451977402,0.5806541794800112,0.244,77,234,2,187,30.478,12.722,0.6392142857142856,0.9235294117647059,0.16666666666666666,0.75,0.532051282051282,6.088,6.0,1.442,1.702,0.0,0.9628695178031922,0.19662404602386474,0.49829802955665026,13.708,,,,,,,,,,,,,,,,,,256.0,2048.0,0.0,0.0,0.8398571428571429,,640.0,640.0,89.0,107.0,215.0,229.0,1.0
13909,O1,A,1.0,1.0,1.0,1.0,203,197,0,0,32.0,24.73,0.0,1.0,1.0,1.0,1.0,0.0,0.0,0.0,0.0,0.0,0.0,0.5,0.0,0.0,0.0,0.0,0.0,1.0,1.0,0.0,0.9999999999999999,0.0,0.97,0.0,0.0,0.0,0.5,1.0,0.2633046061055618,0.007937013196843614,0.0020898521334495536,0.0,0.0,0.0,0.0,0.2277,1.0,0.0,0.0,0.0,0.0,0.0,0.0,0.0
13909,O1,B,0.52,0.5,0.34210526315789475,0.04,0,260,0,240,22.19,27.648,0.0,0.9312169312169312,0.17777777777777778,0.6951219512195121,0.07913669064748201,0.0,0.0,0.0,0.0,0.0,0.0,0.5,0.0,0.0,0.0,0.0,0.273235499650594,0.31201923076923077,0.6879807692307692,0.0,0.38885554147401113,0.0,0.97,0.40384615384615385,0.0,0.0,0.71,0.52,0.23079561357424866,0.0071738844919331446,0.0016557010730264973,0.0,0.0,0.0,0.0,0.2277,0.69,0.0,0.0,0.0,0.0,0.0,0.0,0.0
13909,O1,C,0.4925,0.49244924492449244,0.49244924492449244,-0.015,193,201,203,203,23.585,28.475,0.0,0.0,1.0,0.0,1.0,0.0,0.0,0.0,0.0,0.0,0.0,0.5,0.0,0.0,0.0,0.0,0.0,0.49244924492449244,0.49244924492449244,0.0,0.000329024543122336,0.0,0.97,0.0,0.0,0.0,0.5,0.4925,0.10653392568397996,0.006267956828303459,0.0006677500469368754,0.0,0.0,0.0,0.0,0.2277,0.4925,0.0,0.0,0.0,0.0,0.0,0.0,0.0
13909,O1,C_style_shift,0.495,0.49514805922368943,0.4949968437302733,-0.01,197,199,209,195,26.8125,27.0775,0.0,0.0,1.0,0.0,1.0,0.0,0.0,0.0,0.0,0.0,0.0,0.5,0.0,0.0,,,,,,,,,,,,,,,,,,0.0,0.0,0.0,0.0,0.2277,,0.0,0.0,0.0,0.0,0.0,0.0,0.0
13909,O1,A_after_C,1.0,1.0,1.0,1.0,203,197,0,0,26.9125,27.0225,0.0,1.0,1.0,1.0,1.0,0.0,0.0,0.0,0.0,0.0,0.0,0.5,0.0,0.0,,,,,,,,,,,,,,,,,,0.0,0.0,0.0,0.0,0.2277,,0.0,0.0,0.0,0.0,0.0,0.0,0.0
13909,O1,B_after_C,0.69,0.6879807692307692,0.6881024150934284,0.38,153,192,68,87,27.71,26.804,0.0,0.9312169312169312,0.17777777777777778,0.3048780487804878,0.920863309352518,0.0,0.0,0.0,0.0,0.0,0.0,0.5,0.0,0.0,,,,,,,,,,,,,,,,,,0.0,0.0,0.0,0.0,0.2277,,0.0,0.0,0.0,0.0,0.0,0.0,0.0
13909,O3,A,1.0,1.0,1.0,1.0,203,197,0,0,31.8475,8.4,0.0,1.0,1.0,1.0,1.0,0.0,0.0,0.0,0.0,0.0,0.0,0.5,0.0,0.0,1.0,0.0,0.0,1.0,1.0,0.0,0.8888888955566376,0.3333333333333333,0.95,0.0,1.0,0.0,0.5,1.0,0.4345968177513146,0.007937013196843614,0.003449400677798423,0.0,0.0,0.0,0.0,0.29700000000000004,0.7175,0.0,0.0,0.0,0.0,0.0,0.0,0.0
13909,O3,B,0.806,0.8113782051282051,0.8039604040436703,0.612,227,176,84,13,31.556,13.58,0.0,0.9312169312169312,0.8222222222222222,0.3048780487804878,0.920863309352518,0.0,0.0,0.0,0.0,0.0,0.0,0.5,0.0,0.0,0.0,0.0,0.6227564102564103,0.5,0.6879807692307692,0.0,0.7989159562014515,0.3333333333333333,0.95,0.40446650124069483,0.0,0.0,0.8260000000000001,0.806,0.3314115091971009,0.008731832266671177,0.002893829709553437,0.0,0.0,0.0,0.0,0.29700000000000004,0.806,0.0,0.0,0.0,0.0,0.0,0.0,0.0
13909,O3,C,0.4925,0.49244924492449244,0.49244924492449244,-0.015,193,201,203,203,31.25125,25.9925,0.0,0.0,1.0,0.0,1.0,0.0,0.0,0.0,0.0,0.0,0.0,0.5,0.0,0.0,0.2145178764897075,0.0,0.0,0.49244924492449244,0.49244924492449244,0.0,0.5557748962280569,0.3333333333333333,0.95,0.0,0.21621621621621626,0.0,0.5,0.4925,0.2664766718764507,0.006267956828303459,0.0016702642750715793,0.0,0.0,0.0,0.0,0.29700000000000004,0.3525,0.0,0.0,0.0,0.0,0.0,0.0,0.0
13909,O3,C_style_shift,0.495,0.49514805922368943,0.4949968437302733,-0.01,197,199,209,195,31.61625,22.61,0.0,0.0,1.0,0.0,1.0,0.0,0.0,0.0,0.0,0.0,0.0,0.5,0.0,0.0,,,,,,,,,,,,,,,,,,0.0,0.0,0.0,0.0,0.29700000000000004,,0.0,0.0,0.0,0.0,0.0,0.0,0.0
13909,O3,A_after_C,1.0,1.0,1.0,1.0,203,197,0,0,31.5875,21.67,0.0,1.0,1.0,1.0,1.0,0.0,0.0,0.0,0.0,0.0,0.0,0.5,0.0,0.0,,,,,,,,,,,,,,,,,,0.0,0.0,0.0,0.0,0.29700000000000004,,0.0,0.0,0.0,0.0,0.0,0.0,0.0
13909,O3,B_after_C,0.69,0.6879807692307692,0.6881024150934284,0.38,153,192,68,87,31.736,23.452,0.0,0.9312169312169312,0.17777777777777778,0.3048780487804878,0.920863309352518,0.0,0.0,0.0,0.0,0.0,0.0,0.5,0.0,0.0,,,,,,,,,,,,,,,,,,0.0,0.0,0.0,0.0,0.29700000000000004,,0.0,0.0,0.0,0.0,0.0,0.0,0.0
13909,O4R,A,1.0,1.0,1.0,1.0,203,197,0,0,31.8475,8.4,0.0,1.0,1.0,1.0,1.0,0.0,0.0,0.0,0.0,0.0,0.0,0.5,0.0,0.0,1.0,0.0,0.0,1.0,1.0,0.0,0.8888888955566376,0.3333333333333333,0.95,0.0,1.0,0.0,0.5,1.0,0.4345968177513146,0.007937013196843614,0.003449400677798423,0.0,0.0,0.0,0.0,0.29700000000000004,0.7175,0.0,0.0,0.0,0.0,0.0,0.0,0.0
13909,O4R,B,0.806,0.8113782051282051,0.8039604040436703,0.612,227,176,84,13,31.652,14.278,0.0,0.9312169312169312,0.8222222222222222,0.3048780487804878,0.920863309352518,0.0,0.0,0.0,0.0,0.0,0.0,0.5,0.0,0.0,0.0,0.0,0.7258327509899837,0.31201923076923077,0.6879807692307692,0.0,0.7989159562014515,0.3333333333333333,0.95,0.6153846153846154,0.0,0.0,0.996,0.806,0.3631597897055597,0.009293909767564322,0.0033751743167311065,0.0,0.0,0.0,0.0,0.29700000000000004,0.806,0.0,0.0,0.0,0.0,0.0,0.0,0.0
13909,O4R,C,0.75875,0.7563131313131313,0.7424945672024136,0.5175,203,404,0,193,31.275,19.7,0.0,1.0,1.0,1.0,0.0,0.0,0.0,0.0,0.0,0.0,0.0,0.5,0.0,0.0,0.6228718464633958,0.0,0.5126262626262625,0.5,0.49244924492449244,0.01487684729064042,0.5557748962280569,0.3333333333333333,0.95,0.3344316309719934,0.6274131274131275,0.0246305418719212,0.75375,0.75875,0.3787118120775367,0.24151248807396355,0.0914636319978452,0.0,0.0,0.0,0.0,0.29700000000000004,0.3525,0.0,0.0,0.0,0.0,0.0,0.0,0.0
13909,O4R,C_style_shift,0.75375,0.7487244897959184,0.7349616821188266,0.5075,195,408,0,197,31.5025,17.58375,0.0,1.0,1.0,1.0,0.0,0.0,0.0,0.0,0.0,0.0,0.0,0.5,0.0,0.0,,,,,,,,,,,,,,,,,,0.0,0.0,0.0,0.0,0.29700000000000004,,0.0,0.0,0.0,0.0,0.0,0.0,0.0
13909,O4R,A_after_C,0.2825,0.2868020304568528,0.2202729044834308,-0.435,0,113,84,203,31.435,16.9725,0.0,0.0,1.0,0.0,0.0,0.0,0.0,0.0,0.0,0.0,0.0,0.5,0.0,0.0,,,,,,,,,,,,,,,,,,0.0,0.0,0.0,0.0,0.29700000000000004,,0.0,0.0,0.0,0.0,0.0,0.0,0.0
13909,O4R,B_after_C,0.194,0.18862179487179487,0.17741336305259248,-0.612,13,84,176,227,31.64,17.806,0.0,0.06878306878306878,0.17777777777777778,0.6951219512195121,0.07913669064748201,0.0,0.0,0.0,0.0,0.0,0.0,0.5,0.0,0.0,,,,,,,,,,,,,,,,,,0.0,0.0,0.0,0.0,0.29700000000000004,,0.0,0.0,0.0,0.0,0.0,0.0,0.0
13909,O4M,A,1.0,1.0,1.0,1.0,203,197,0,0,31.0775,8.4,1.0,1.0,1.0,1.0,1.0,6.305,6.0,1.0,1.0,0.0,0.9541318540275097,0.5072,0.4802955665024631,14.935,1.0,0.0,0.0,1.0,1.0,0.0,0.8888888955566376,0.3333333333333333,0.95,0.0,1.0,0.0,0.5,1.0,0.35281235040111086,0.007937013196843614,0.0028002762811430303,256.0,2048.0,0.0,0.0,0.6970000000000001,0.7175,0.0,0.0,0.0,0.0,0.0,0.0,0.0
13909,O4M,B,0.664,0.6528846153846154,0.6297863338269516,0.328,90,242,18,150,29.966,10.138,0.6823301587301587,0.9312169312169312,0.8222222222222222,0.6951219512195121,0.17985611510791366,7.448,6.0,1.14,1.53,0.0,0.9625760548114777,0.28239734882649514,0.5203029556650246,13.368,0.0,0.0,0.07829787234042555,0.6233974358974359,0.6879807692307692,0.0,0.7989159562014515,0.3333333333333333,0.95,0.04216867469879522,0.0,0.0,0.528,0.664,0.2247729214736548,0.007051277819457215,0.0015849363156017803,256.0,2048.0,0.0,0.0,0.6970000000000001,0.806,0.0,0.0,0.0,0.0,0.0,0.0,0.0
13909,O4M,C,0.72,0.7176967696769676,0.7032621294916377,0.44,193,383,21,203,31.58875,13.27125,0.7299238365800866,0.0,1.0,0.896551724137931,1.0,7.0075,6.0,1.25625,1.57,0.0,0.9928129021823406,0.26299244611321865,0.5959297979797981,14.73355303030303,0.5631094257854821,0.44379310344827566,0.0,0.7176967696769676,0.49244924492449244,0.44379310344827566,0.5557748962280569,0.3333333333333333,0.95,0.0,0.5675675675675675,0.4482758620689654,0.5,0.72,0.2592642219514945,0.5444400918562079,0.14115383681429994,256.0,2048.0,0.0,0.0,0.6970000000000001,0.3525,0.0,0.0,0.0,0.0,0.0,0.0,0.0
13909,O4M,C_style_shift,0.63875,0.6313775510204082,0.5773115773115773,0.2775,103,408,0,289,31.6475,9.43625,0.63875,0.0,1.0,1.0,0.5228426395939086,5.7725,6.0,1.24375,1.7575,0.0,0.952892750799656,0.1436,0.4181453201970443,14.803500000000001,,,,,,,,,,,,,,,,,,256.0,2048.0,0.0,0.0,0.6970000000000001,,0.0,0.0,0.0,0.0,0.0,0.0,0.0
13909,O4M,A_after_C,0.645,0.6502463054187192,0.5985979194934419,0.29,61,197,0,142,31.565,9.325,0.645,1.0,1.0,0.0,0.5545454545454546,5.7625,6.0,1.21,1.695,0.0,0.9496718184649944,0.1664,0.411295566502463,14.821,,,,,,,,,,,,,,,,,,256.0,2048.0,0.0,0.0,0.6970000000000001,,0.0,0.0,0.0,0.0,0.0,0.0,0.0
13909,O4M,B_after_C,0.636,0.6217948717948718,0.5745675549322113,0.272,64,254,6,176,31.712,8.742,0.636,0.9312169312169312,0.17777777777777778,0.6951219512195121,0.49640287769784175,5.65,6.0,1.378,1.764,0.0,0.9544833769798279,0.15439999999999998,0.40030295566502455,13.154399999999999,,,,,,,,,,,,,,,,,,256.0,2048.0,0.0,0.0,0.6970000000000001,,0.0,0.0,0.0,0.0,0.0,0.0,0.0
13909,O4D,A,1.0,1.0,1.0,1.0,203,197,0,0,31.0775,8.4,1.0,1.0,1.0,1.0,1.0,6.305,6.0,1.0,1.0,0.0,0.9541318540275097,0.5072,0.4802955665024631,14.935,1.0,0.0,0.0,1.0,1.0,0.0,0.8888888955566376,0.3333333333333333,0.95,0.0,1.0,0.0,0.5,1.0,0.35281235040111086,0.007937013196843614,0.0028002762811430303,256.0,2048.0,0.0,0.0,0.6970000000000001,0.7175,0.0,0.0,0.0,0.0,0.0,0.0,0.0
13909,O4D,B,0.664,0.6528846153846154,0.6297863338269516,0.328,90,242,18,150,29.966,10.138,0.6823301587301587,0.9312169312169312,0.8222222222222222,0.6951219512195121,0.17985611510791366,7.448,6.0,1.14,1.53,0.0,0.9625760548114777,0.28239734882649514,0.5203029556650246,13.368,0.0,0.0,0.07829787234042555,0.6233974358974359,0.6879807692307692,0.0,0.7989159562014515,0.3333333333333333,0.95,0.04216867469879522,0.0,0.0,0.528,0.664,0.2247729214736548,0.007051277819457215,0.0015849363156017803,256.0,2048.0,0.0,0.0,0.6970000000000001,0.806,0.0,0.0,0.0,0.0,0.0,0.0,0.0
13909,O4D,C,0.7425,0.7399739973997399,0.7238309738309738,0.485,193,401,3,203,30.94125,14.1075,0.7299238365800866,0.0,1.0,0.9852216748768473,1.0,7.0075,6.0,1.25625,1.57,0.0,0.9928129021823406,0.26299244611321865,0.5959297979797981,14.73355303030303,0.5975855130784707,0.4876847290640392,0.054029470620338395,0.725122512251225,0.49244924492449244,0.45842364532019686,0.5557748962280569,0.3333333333333333,0.95,0.020202020202020218,0.6023166023166024,0.46305418719211827,0.515,0.7425,0.2492287529075008,0.5615381793924789,0.13995146015993595,256.0,2048.0,0.0,0.0,0.8398571428571429,0.3525,640.0,640.0,72.0,103.0,182.0,283.0,1.0
13909,O4D,C_style_shift,0.63875,0.6313775510204082,0.5773115773115773,0.2775,103,408,0,289,28.64,11.99,0.63875,0.0,1.0,1.0,0.5228426395939086,5.7725,6.0,1.24375,1.7575,0.0,0.952892750799656,0.1436,0.4181453201970443,14.803500000000001,,,,,,,,,,,,,,,,,,256.0,2048.0,0.0,0.0,0.8398571428571429,,640.0,640.0,72.0,103.0,182.0,283.0,1.0
13909,O4D,A_after_C,0.645,0.6502463054187192,0.5985979194934419,0.29,61,197,0,142,28.63,11.8225,0.645,1.0,1.0,0.0,0.5545454545454546,5.7625,6.0,1.21,1.695,0.0,0.9496718184649944,0.1664,0.411295566502463,14.821,,,,,,,,,,,,,,,,,,256.0,2048.0,0.0,0.0,0.8398571428571429,,640.0,640.0,72.0,103.0,182.0,283.0,1.0
13909,O4D,B_after_C,0.636,0.6217948717948718,0.5745675549322113,0.272,64,254,6,176,29.82,10.79,0.636,0.9312169312169312,0.17777777777777778,0.6951219512195121,0.49640287769784175,5.65,6.0,1.378,1.764,0.0,0.9544833769798279,0.15439999999999998,0.40030295566502455,13.154399999999999,,,,,,,,,,,,,,,,,,256.0,2048.0,0.0,0.0,0.8398571428571429,,640.0,640.0,72.0,103.0,182.0,283.0,1.0
13962,O1,A,1.0,1.0,1.0,1.0,199,201,0,0,32.0,24.31,0.0,1.0,1.0,1.0,1.0,0.0,0.0,0.0,0.0,0.0,0.0,0.5,0.0,0.0,0.0,0.0,0.0,1.0,1.0,0.0,0.9999999999999999,0.0,0.97,0.0,0.0,0.0,0.5,1.0,0.2633046061055618,0.007937013196843614,0.0020898521334495536,0.0,0.0,0.0,0.0,0.2277,1.0,0.0,0.0,0.0,0.0,0.0,0.0,0.0
13962,O1,B,0.65,0.64887604159938,0.6480728469096774,0.3,181,144,82,93,19.18,29.526,0.0,0.9302325581395349,0.2222222222222222,0.1978021978021978,0.9476744186046512,0.0,0.0,0.0,0.0,0.0,0.0,0.5,0.0,0.0,0.0,0.0,0.0,0.64887604159938,0.64887604159938,0.0,0.2403269844956799,0.0,0.97,0.0,0.0,0.0,0.5,0.65,0.14417095267114288,0.006875352444748692,0.0009912261119092902,0.0,0.0,0.0,0.0,0.2277,0.65,0.0,0.0,0.0,0.0,0.0,0.0,0.0
13962,O1,C,0.49875,0.4987374921093257,0.49873041915699834,-0.0025,197,202,199,202,20.1275,31.495,0.0,0.0,1.0,0.0,1.0,0.0,0.0,0.0,0.0,0.0,0.0,0.5,0.0,0.0,0.0,0.0,0.0,0.4987374921093257,0.4987374921093257,0.0,9.199090836631285e-06,0.0,0.97,0.0,0.0,0.0,0.5,0.49875,0.1064837699277342,0.006294359600603454,0.0006702471395530832,0.0,0.0,0.0,0.0,0.2277,0.49875,0.0,0.0,0.0,0.0,0.0,0.0,0.0
13962,O1,C_style_shift,0.495,0.49404474135278864,0.49385801715119737,-0.01,217,179,194,210,21.20375,30.80875,0.0,0.0,1.0,0.0,1.0,0.0,0.0,0.0,0.0,0.0,0.0,0.5,0.0,0.0,,,,,,,,,,,,,,,,,,0.0,0.0,0.0,0.0,0.2277,,0.0,0.0,0.0,0.0,0.0,0.0,0.0
13962,O1,A_after_C,1.0,1.0,1.0,1.0,199,201,0,0,20.9925,30.695,0.0,1.0,1.0,1.0,1.0,0.0,0.0,0.0,0.0,0.0,0.0,0.5,0.0,0.0,,,,,,,,,,,,,,,,,,0.0,0.0,0.0,0.0,0.2277,,0.0,0.0,0.0,0.0,0.0,0.0,0.0
13962,O1,B_after_C,0.65,0.64887604159938,0.6480728469096774,0.3,181,144,82,93,21.482,30.716,0.0,0.9302325581395349,0.2222222222222222,0.1978021978021978,0.9476744186046512,0.0,0.0,0.0,0.0,0.0,0.0,0.5,0.0,0.0,,,,,,,,,,,,,,,,,,0.0,0.0,0.0,0.0,0.2277,,0.0,0.0,0.0,0.0,0.0,0.0,0.0
13962,O3,A,1.0,1.0,1.0,1.0,199,201,0,0,32.0,8.1425,0.0,1.0,1.0,1.0,1.0,0.0,0.0,0.0,0.0,0.0,0.0,0.5,0.0,0.0,1.0,0.0,0.0,1.0,1.0,0.0,0.8888888955556756,0.3333333333333333,0.95,0.0,1.0,0.0,0.5,1.0,0.4345968177511698,0.007937013196843614,0.003449400677797274,0.0,0.0,0.0,0.0,0.29700000000000004,0.755,0.0,0.0,0.0,0.0,0.0,0.0,0.0
13962,O3,B,0.644,0.6480524513920289,0.6438575430172069,0.288,166,156,70,108,30.794,13.688,0.0,0.9302325581395349,0.7777777777777778,0.43956043956043955,0.45348837209302323,0.0,0.0,0.0,0.0,0.0,0.0,0.5,0.0,0.0,0.0,0.0,0.4576043403598716,0.3511239584006201,0.64887604159938,0.0,0.710277360092519,0.3333333333333333,0.95,0.4565217391304348,0.0,0.0,0.794,0.644,0.325904828448515,0.007996547666643818,0.0026061134954779262,0.0,0.0,0.0,0.0,0.29700000000000004,0.77,0.0,0.0,0.0,0.0,0.0,0.0,0.0
13962,O3,C,0.7475,0.7468671679197995,0.7299393031899248,0.495,197,401,0,202,31.75125,13.98625,0.0,0.0,1.0,1.0,1.0,0.0,0.0,0.0,0.0,0.0,0.0,0.5,0.0,0.0,0.5939851131550588,0.0,0.4937343358395989,0.5,0.4987374921093257,0.002518656134860248,0.555561688275728,0.3333333333333333,0.95,0.32943143812709036,0.5951903807615232,0.0049875311720697195,0.7462500000000001,0.7475,0.3730767659119396,0.1406554177138523,0.052475268348676954,0.0,0.0,0.0,0.0,0.29700000000000004,0.37625,0.0,0.0,0.0,0.0,0.0,0.0,0.0
13962,O3,C_style_shift,0.6125,0.6370023419203747,0.5682932263814617,0.225,117,373,0,310,31.8675,11.98375,0.0,0.0,1.0,1.0,0.5391705069124424,0.0,0.0,0.0,0.0,0.0,0.0,0.5,0.0,0.0,,,,,,,,,,,,,,,,,,0.0,0.0,0.0,0.0,0.29700000000000004,,0.0,0.0,0.0,0.0,0.0,0.0,0.0
13962,O3,A_after_C,0.635,0.6331658291457286,0.5771057814853435,0.27,53,201,0,146,31.9025,11.52,0.0,1.0,1.0,0.0,0.5145631067961165,0.0,0.0,0.0,0.0,0.0,0.0,0.5,0.0,0.0,,,,,,,,,,,,,,,,,,0.0,0.0,0.0,0.0,0.29700000000000004,,0.0,0.0,0.0,0.0,0.0,0.0,0.0
13962,O3,B_after_C,0.59,0.62397454944771,0.5512082350005035,0.18,74,221,5,200,31.902,12.266,0.0,0.9302325581395349,0.2222222222222222,0.8021978021978022,0.45348837209302323,0.0,0.0,0.0,0.0,0.0,0.0,0.5,0.0,0.0,,,,,,,,,,,,,,,,,,0.0,0.0,0.0,0.0,0.29700000000000004,,0.0,0.0,0.0,0.0,0.0,0.0,0.0
13962,O4R,A,1.0,1.0,1.0,1.0,199,201,0,0,32.0,8.1425,0.0,1.0,1.0,1.0,1.0,0.0,0.0,0.0,0.0,0.0,0.0,0.5,0.0,0.0,1.0,0.0,0.0,1.0,1.0,0.0,0.8888888955556756,0.3333333333333333,0.95,0.0,1.0,0.0,0.5,1.0,0.4345968177511698,0.007937013196843614,0.003449400677797274,0.0,0.0,0.0,0.0,0.29700000000000004,0.755,0.0,0.0,0.0,0.0,0.0,0.0,0.0
13962,O4R,B,0.572,0.6001873264001033,0.5467561293820634,0.144,84,202,24,190,28.876,14.118,0.0,0.9302325581395349,0.7777777777777778,0.8021978021978022,0.05232558139534884,0.0,0.0,0.0,0.0,0.0,0.0,0.5,0.0,0.0,0.0,0.0,0.3838381324506607,0.3511239584006201,0.64887604159938,0.0,0.710277360092519,0.3333333333333333,0.95,0.3881118881118881,0.0,0.0,0.722,0.572,0.3156074903156854,0.007446945846595342,0.002350311889160773,0.0,0.0,0.0,0.0,0.29700000000000004,0.77,0.0,0.0,0.0,0.0,0.0,0.0,0.0
13962,O4R,C,0.7475,0.7468671679197995,0.7299393031899248,0.495,197,401,0,202,31.38375,12.13625,0.0,0.0,1.0,1.0,1.0,0.0,0.0,0.0,0.0,0.0,0.0,0.5,0.0,0.0,0.5939851131550588,0.0,0.4937343358395989,0.5,0.4987374921093257,0.002518656134860248,0.555561688275728,0.3333333333333333,0.95,0.32943143812709036,0.5951903807615232,0.0049875311720697195,0.7462500000000001,0.7475,0.3730767659119396,0.1406554177138523,0.052475268348676954,0.0,0.0,0.0,0.0,0.29700000000000004,0.37625,0.0,0.0,0.0,0.0,0.0,0.0,0.0
13962,O4R,C_style_shift,0.6125,0.6370023419203747,0.5682932263814617,0.225,117,373,0,310,31.23375,10.5925,0.0,0.0,1.0,1.0,0.5391705069124424,0.0,0.0,0.0,0.0,0.0,0.0,0.5,0.0,0.0,,,,,,,,,,,,,,,,,,0.0,0.0,0.0,0.0,0.29700000000000004,,0.0,0.0,0.0,0.0,0.0,0.0,0.0
13962,O4R,A_after_C,0.635,0.6331658291457286,0.5771057814853435,0.27,53,201,0,146,31.16,10.1775,0.0,1.0,1.0,0.0,0.5145631067961165,0.0,0.0,0.0,0.0,0.0,0.0,0.5,0.0,0.0,,,,,,,,,,,,,,,,,,0.0,0.0,0.0,0.0,0.29700000000000004,,0.0,0.0,0.0,0.0,0.0,0.0,0.0
13962,O4R,B_after_C,0.59,0.62397454944771,0.5512082350005035,0.18,74,221,5,200,31.168,10.784,0.0,0.9302325581395349,0.2222222222222222,0.8021978021978022,0.45348837209302323,0.0,0.0,0.0,0.0,0.0,0.0,0.5,0.0,0.0,,,,,,,,,,,,,,,,,,0.0,0.0,0.0,0.0,0.29700000000000004,,0.0,0.0,0.0,0.0,0.0,0.0,0.0
13962,O4M,A,1.0,1.0,1.0,1.0,199,201,0,0,32.0,7.52,1.0,1.0,1.0,1.0,1.0,6.8975,6.0,1.0,1.0,0.0,0.952555989921093,0.4976,0.470935960591133,14.72,1.0,0.0,0.0,1.0,1.0,0.0,0.8888888955556756,0.3333333333333333,0.95,0.0,1.0,0.0,0.5,1.0,0.35281235040099335,0.007937013196843614,0.0028002762811420974,256.0,2048.0,0.0,0.0,0.6970000000000001,0.755,0.0,0.0,0.0,0.0,0.0,0.0,0.0
13962,O4M,B,0.784,0.7812156837413604,0.781638198757764,0.568,222,170,56,52,28.588,7.736,0.69625,0.9302325581395349,0.5370370370370371,0.5604395604395604,0.9476744186046512,7.178,6.0,1.0,1.3,0.0,0.957800420165062,0.45890831259152937,0.5019408866995073,15.53,0.21246294251002737,0.12812922324473913,0.315861233146493,0.6802047671339061,0.64887604159938,0.08922411810697685,0.710277360092519,0.3333333333333333,0.95,0.1607142857142857,0.06086956521739136,0.0,0.626,0.784,0.23586562444415607,0.007887945135258267,0.0018604951049089342,256.0,2048.0,0.0,0.0,0.6970000000000001,0.77,0.0,0.0,0.0,0.0,0.0,0.0,0.0
13962,O4M,C,0.735,0.7343983399896249,0.7184426692166199,0.47,197,391,10,202,31.7475,20.22125,0.8098769841269842,0.0,1.0,0.949748743718593,1.0,7.0825,6.0,1.27375,1.4575,0.0,0.9938384182751179,0.3555715146358288,0.62078125,14.744486111111112,0.5739856143956291,0.47013459848007816,0.0,0.7468671679197995,0.4987374921093257,0.4950094449605056,0.555561688275728,0.3333333333333333,0.95,0.0,0.5751503006012024,0.4962593516209477,0.48749999999999993,0.735,0.2601647620759293,0.5623296802992428,0.1462983674832859,256.0,2048.0,0.0,0.0,0.6970000000000001,0.37625,0.0,0.0,0.0,0.0,0.0,0.0,0.0
13962,O4M,C_style_shift,0.6125,0.6370023419203747,0.5682932263814617,0.225,117,373,0,310,31.77625,18.15125,0.6477777777777777,0.0,1.0,1.0,0.5391705069124424,7.01125,6.0,1.38,1.52625,0.0,0.9529140277951956,0.2880711455651662,0.43893318965517236,15.03625,,,,,,,,,,,,,,,,,,256.0,2048.0,0.0,0.0,0.6970000000000001,,0.0,0.0,0.0,0.0,0.0,0.0,0.0
13962,O4M,A_after_C,0.635,0.6331658291457286,0.5771057814853435,0.27,53,201,0,146,31.755,17.5625,0.4858333333333333,1.0,1.0,0.0,0.5145631067961165,7.0575,6.0,1.4,1.5325,0.0,0.9455501329898834,0.28295279519590827,0.410935960591133,14.5825,,,,,,,,,,,,,,,,,,256.0,2048.0,0.0,0.0,0.6970000000000001,,0.0,0.0,0.0,0.0,0.0,0.0,0.0
13962,O4M,B_after_C,0.59,0.62397454944771,0.5512082350005035,0.18,74,221,5,200,31.784,18.184,0.5462222222222222,0.9302325581395349,0.2222222222222222,0.8021978021978022,0.45348837209302323,7.068,6.0,1.386,1.544,0.0,0.9511420923471451,0.3019948224733421,0.4449408866995074,15.386,,,,,,,,,,,,,,,,,,256.0,2048.0,0.0,0.0,0.6970000000000001,,0.0,0.0,0.0,0.0,0.0,0.0,0.0
13962,O4D,A,1.0,1.0,1.0,1.0,199,201,0,0,32.0,7.52,1.0,1.0,1.0,1.0,1.0,6.8975,6.0,1.0,1.0,0.0,0.952555989921093,0.4976,0.470935960591133,14.72,1.0,0.0,0.0,1.0,1.0,0.0,0.8888888955556756,0.3333333333333333,0.95,0.0,1.0,0.0,0.5,1.0,0.35281235040099335,0.007937013196843614,0.0028002762811420974,256.0,2048.0,0.0,0.0,0.6970000000000001,0.755,0.0,0.0,0.0,0.0,0.0,0.0,0.0
13962,O4D,B,0.784,0.7812156837413604,0.781638198757764,0.568,222,170,56,52,28.588,7.736,0.69625,0.9302325581395349,0.5370370370370371,0.5604395604395604,0.9476744186046512,7.178,6.0,1.0,1.3,0.0,0.957800420165062,0.45890831259152937,0.5019408866995073,15.53,0.21246294251002737,0.12812922324473913,0.315861233146493,0.6802047671339061,0.64887604159938,0.08922411810697685,0.710277360092519,0.3333333333333333,0.95,0.1607142857142857,0.06086956521739136,0.0,0.626,0.784,0.23586562444415607,0.007887945135258267,0.0018604951049089342,256.0,2048.0,0.0,0.0,0.6970000000000001,0.77,0.0,0.0,0.0,0.0,0.0,0.0,0.0
13962,O4D,C,0.735,0.7343983399896249,0.7184426692166199,0.47,197,391,10,202,31.2525,19.19375,0.8098769841269842,0.0,1.0,0.949748743718593,1.0,7.0825,6.0,1.27375,1.4575,0.0,0.9938384182751179,0.3555715146358288,0.62078125,14.744486111111112,0.5739856143956291,0.0,0.0,0.7468671679197995,0.4987374921093257,0.4950094449605056,0.555561688275728,0.3333333333333333,0.95,0.0,0.5751503006012024,0.4962593516209477,0.48749999999999993,0.735,0.24378055890973946,0.5623296802992428,0.1370850437548845,256.0,2048.0,0.0,0.0,0.8398571428571429,0.37625,640.0,640.0,81.0,81.0,235.0,243.0,1.0
13962,O4D,C_style_shift,0.6125,0.6370023419203747,0.5682932263814617,0.225,117,373,0,310,31.77625,17.94625,0.6477777777777777,0.0,1.0,1.0,0.5391705069124424,7.01125,6.0,1.38,1.52625,0.0,0.9529140277951956,0.2880711455651662,0.43893318965517236,15.03625,,,,,,,,,,,,,,,,,,256.0,2048.0,0.0,0.0,0.8398571428571429,,640.0,640.0,81.0,81.0,235.0,243.0,1.0
13962,O4D,A_after_C,0.635,0.6331658291457286,0.5771057814853435,0.27,53,201,0,146,31.755,17.295,0.4858333333333333,1.0,1.0,0.0,0.5145631067961165,7.0575,6.0,1.4,1.5325,0.0,0.9455501329898834,0.28295279519590827,0.410935960591133,14.5825,,,,,,,,,,,,,,,,,,256.0,2048.0,0.0,0.0,0.8398571428571429,,640.0,640.0,81.0,81.0,235.0,243.0,1.0
13962,O4D,B_after_C,0.59,0.62397454944771,0.5512082350005035,0.18,74,221,5,200,31.784,17.878,0.5462222222222222,0.9302325581395349,0.2222222222222222,0.8021978021978022,0.45348837209302323,7.068,6.0,1.386,1.544,0.0,0.9511420923471451,0.3019948224733421,0.4449408866995074,15.386,,,,,,,,,,,,,,,,,,256.0,2048.0,0.0,0.0,0.8398571428571429,,640.0,640.0,81.0,81.0,235.0,243.0,1.0
14015,O1,A,1.0,1.0,1.0,1.0,205,195,0,0,32.0,24.96,0.0,1.0,1.0,1.0,1.0,0.0,0.0,0.0,0.0,0.0,0.0,0.5,0.0,0.0,0.0,0.0,0.0,1.0,1.0,0.0,0.9999999999999999,0.0,0.97,0.0,0.0,0.0,0.5,1.0,0.2633046061055618,0.007937013196843614,0.0020898521334495536,0.0,0.0,0.0,0.0,0.2277,1.0,0.0,0.0,0.0,0.0,0.0,0.0,0.0
14015,O1,B,0.652,0.6513249651324965,0.6513249651324965,0.304,174,152,87,87,19.072,29.456,0.0,0.9366197183098591,0.1958762886597938,0.20408163265306123,0.9447852760736196,0.0,0.0,0.0,0.0,0.0,0.0,0.5,0.0,0.0,0.0,0.0,0.0,0.6513249651324965,0.6513249651324965,0.0,0.24142092670838178,0.0,0.97,0.0,0.0,0.0,0.5,0.652,0.14434250718181454,0.00688239685733826,0.0009934224178084457,0.0,0.0,0.0,0.0,0.2277,0.652,0.0,0.0,0.0,0.0,0.0,0.0,0.0
14015,O1,C,0.5325,0.5319595747473422,0.509286168823927,0.065,126,300,101,273,20.375,29.075,0.0,0.0,1.0,0.495,0.586046511627907,0.0,0.0,0.0,0.0,0.0,0.0,0.5,0.0,0.0,0.024820293780602274,0.0,0.06391914949468447,0.5,0.5200470002937518,0.0,0.0023217253805056792,0.0,0.97,0.05868544600938967,0.026041666666666574,0.0,0.53125,0.5325,0.12013352445628724,0.00656457673715083,0.0007886257399976835,0.0,0.0,0.0,0.0,0.2277,0.52,0.0,0.0,0.0,0.0,0.0,0.0,0.0
14015,O1,C_style_shift,0.53375,0.53375,0.5337143000010938,0.0675,210,217,183,190,22.12375,27.96875,0.0,0.0,1.0,0.0,1.0,0.0,0.0,0.0,0.0,0.0,0.0,0.5,0.0,0.0,,,,,,,,,,,,,,,,,,0.0,0.0,0.0,0.0,0.2277,,0.0,0.0,0.0,0.0,0.0,0.0,0.0
14015,O1,A_after_C,1.0,1.0,1.0,1.0,205,195,0,0,22.4875,28.0175,0.0,1.0,1.0,1.0,1.0,0.0,0.0,0.0,0.0,0.0,0.0,0.5,0.0,0.0,,,,,,,,,,,,,,,,,,0.0,0.0,0.0,0.0,0.2277,,0.0,0.0,0.0,0.0,0.0,0.0,0.0
14015,O1,B_after_C,0.652,0.6513249651324965,0.6513249651324965,0.304,174,152,87,87,22.558,28.022,0.0,0.9366197183098591,0.1958762886597938,0.20408163265306123,0.9447852760736196,0.0,0.0,0.0,0.0,0.0,0.0,0.5,0.0,0.0,,,,,,,,,,,,,,,,,,0.0,0.0,0.0,0.0,0.2277,,0.0,0.0,0.0,0.0,0.0,0.0,0.0
14015,O3,A,1.0,1.0,1.0,1.0,205,195,0,0,31.8725,7.93,0.0,1.0,1.0,1.0,1.0,0.0,0.0,0.0,0.0,0.0,0.0,0.5,0.0,0.0,1.0,0.0,0.0,1.0,1.0,0.0,0.8888888955585627,0.3333333333333333,0.95,0.0,1.0,0.0,0.5,1.0,0.43459681775160436,0.007937013196843614,0.0034494006778007227,0.0,0.0,0.0,0.0,0.29700000000000004,0.75,0.0,0.0,0.0,0.0,0.0,0.0,0.0
14015,O3,B,0.77,0.761001298513923,0.7561896039247114,0.54,252,133,106,9,31.612,10.174,0.0,0.9366197183098591,0.8041237113402062,0.20408163265306123,0.9447852760736196,0.0,0.0,0.0,0.0,0.0,0.0,0.5,0.0,0.0,0.0,0.0,0.5220025970278459,0.5,0.6513249651324965,0.0,0.7109527823128546,0.3333333333333333,0.95,0.3220779220779221,0.0,0.0,0.748,0.77,0.30576944776044224,0.008320149996915355,0.002544047669840853,0.0,0.0,0.0,0.0,0.29700000000000004,0.77,0.0,0.0,0.0,0.0,0.0,0.0,0.0
14015,O3,C,0.52,0.5200470002937518,0.5198529549674588,0.04,215,201,200,184,27.73875,24.7975,0.0,0.0,1.0,0.0,1.0,0.0,0.0,0.0,0.0,0.0,0.0,0.5,0.0,0.0,0.19290353772097613,0.0,0.0,0.5200470002937518,0.5200470002937518,0.0,0.5571029227529458,0.3333333333333333,0.95,0.0,0.19327731092436976,0.0,0.5,0.52,0.26322371162733954,0.006382512645208953,0.0016800286679803295,0.0,0.0,0.0,0.0,0.29700000000000004,0.405,0.0,0.0,0.0,0.0,0.0,0.0,0.0
14015,O3,C_style_shift,0.5,0.5,0.3333333333333333,0.0,0,400,0,400,31.06375,20.91,0.0,0.0,1.0,1.0,0.0,0.0,0.0,0.0,0.0,0.0,0.0,0.5,0.0,0.0,,,,,,,,,,,,,,,,,,0.0,0.0,0.0,0.0,0.29700000000000004,,0.0,0.0,0.0,0.0,0.0,0.0,0.0
14015,O3,A_after_C,0.4875,0.5,0.3277310924369748,-0.025,0,195,0,205,31.085,20.985,0.0,1.0,1.0,0.0,0.0,0.0,0.0,0.0,0.0,0.0,0.0,0.5,0.0,0.0,,,,,,,,,,,,,,,,,,0.0,0.0,0.0,0.0,0.29700000000000004,,0.0,0.0,0.0,0.0,0.0,0.0,0.0
14015,O3,B_after_C,0.478,0.5,0.3234100135317997,-0.044,0,239,0,261,30.844,21.772,0.0,0.9366197183098591,0.1958762886597938,0.7959183673469388,0.05521472392638037,0.0,0.0,0.0,0.0,0.0,0.0,0.5,0.0,0.0,,,,,,,,,,,,,,,,,,0.0,0.0,0.0,0.0,0.29700000000000004,,0.0,0.0,0.0,0.0,0.0,0.0,0.0
14015,O4R,A,1.0,1.0,1.0,1.0,205,195,0,0,31.87,8.0325,0.0,1.0,1.0,1.0,1.0,0.0,0.0,0.0,0.0,0.0,0.0,0.5,0.0,0.0,1.0,0.0,0.0,1.0,1.0,0.0,0.8888888955585627,0.3333333333333333,0.95,0.0,1.0,0.0,0.5,1.0,0.43459681775160436,0.007937013196843614,0.0034494006778007227,0.0,0.0,0.0,0.0,0.29700000000000004,0.75,0.0,0.0,0.0,0.0,0.0,0.0,0.0
14015,O4R,B,0.77,0.761001298513923,0.7561896039247114,0.54,252,133,106,9,31.694,10.234,0.0,0.9366197183098591,0.8041237113402062,0.20408163265306123,0.9447852760736196,0.0,0.0,0.0,0.0,0.0,0.0,0.5,0.0,0.0,0.0,0.0,0.5220025970278459,0.5,0.6513249651324965,0.0,0.7109527823128546,0.3333333333333333,0.95,0.3220779220779221,0.0,0.0,0.748,0.77,0.30576944776044224,0.008320149996915355,0.002544047669840853,0.0,0.0,0.0,0.0,0.29700000000000004,0.77,0.0,0.0,0.0,0.0,0.0,0.0,0.0
14015,O4R,C,0.50125,0.5,0.33388842631140714,0.0025,0,401,0,399,31.4025,27.10125,0.0,0.0,1.0,1.0,0.0,0.0,0.0,0.0,0.0,0.0,0.0,0.5,0.0,0.0,0.15919218884661462,0.0,0.0,0.5200470002937518,0.5200470002937518,0.0,0.5571029227529458,0.3333333333333333,0.95,0.0,0.16176470588235287,0.0,0.48124999999999996,0.50125,0.25848030194682464,0.006225042187214297,0.0016090507841828733,0.0,0.0,0.0,0.0,0.29700000000000004,0.405,0.0,0.0,0.0,0.0,0.0,0.0,0.0
14015,O4R,C_style_shift,0.5,0.5,0.3333333333333333,0.0,0,400,0,400,31.3475,23.585,0.0,0.0,1.0,1.0,0.0,0.0,0.0,0.0,0.0,0.0,0.0,0.5,0.0,0.0,,,,,,,,,,,,,,,,,,0.0,0.0,0.0,0.0,0.29700000000000004,,0.0,0.0,0.0,0.0,0.0,0.0,0.0
14015,O4R,A_after_C,0.4875,0.5,0.3277310924369748,-0.025,0,195,0,205,31.3825,23.5375,0.0,1.0,1.0,0.0,0.0,0.0,0.0,0.0,0.0,0.0,0.0,0.5,0.0,0.0,,,,,,,,,,,,,,,,,,0.0,0.0,0.0,0.0,0.29700000000000004,,0.0,0.0,0.0,0.0,0.0,0.0,0.0
14015,O4R,B_after_C,0.478,0.5,0.3234100135317997,-0.044,0,239,0,261,31.44,24.452,0.0,0.9366197183098591,0.1958762886597938,0.7959183673469388,0.05521472392638037,0.0,0.0,0.0,0.0,0.0,0.0,0.5,0.0,0.0,,,,,,,,,,,,,,,,,,0.0,0.0,0.0,0.0,0.29700000000000004,,0.0,0.0,0.0,0.0,0.0,0.0,0.0
14015,O4M,A,1.0,1.0,1.0,1.0,205,195,0,0,29.7825,8.1825,1.0,1.0,1.0,1.0,1.0,6.2175,6.0,1.0,1.0,0.0,0.9534233869612216,0.512,0.48149630541871924,15.07,1.0,0.0,0.0,1.0,1.0,0.0,0.8888888955585627,0.3333333333333333,0.95,0.0,1.0,0.0,0.5,1.0,0.3528123504013461,0.007937013196843614,0.0028002762811448977,256.0,2048.0,0.0,0.0,0.6970000000000001,0.75,0.0,0.0,0.0,0.0,0.0,0.0,0.0
14015,O4M,B,0.716,0.7103352089645554,0.7085385878489326,0.432,219,139,100,42,30.812,10.278,0.6304634920634922,0.9225352112676056,0.5463917525773195,0.20408163265306123,0.9447852760736196,7.47,6.0,1.04,1.854,0.0,0.9603948962688446,0.5313726058001486,0.5418965517241379,15.412,0.0,0.42067041792911075,0.09283060548247832,0.6806938232417961,0.6513249651324965,0.08422988505747116,0.7109527823128546,0.3333333333333333,0.95,0.03910614525139668,0.0,0.10344827586206874,0.528,0.716,0.21364977618212178,0.33943655389284344,0.07252054376723671,256.0,2048.0,0.0,0.0,0.6970000000000001,0.77,0.0,0.0,0.0,0.0,0.0,0.0,0.0
14015,O4M,C,0.77,0.7694235588972431,0.756856578417057,0.54,215,401,0,184,31.4975,15.79375,0.7465531655844155,0.0,1.0,1.0,1.0,7.155,6.0,1.26875,1.6025,0.0,0.9976360068470239,0.299070628689701,0.7027125000000001,15.378250000000001,0.6122590545057071,0.144186046511628,0.06568233908649986,0.7532140825880163,0.5200470002937518,0.4858123242004377,0.5571029227529458,0.3333333333333333,0.95,0.021103896103896087,0.6134453781512605,0.4869791666666667,0.51625,0.77,0.2676115245210071,0.5784793000377514,0.15480772738694773,256.0,2048.0,0.0,0.0,0.6970000000000001,0.405,0.0,0.0,0.0,0.0,0.0,0.0,0.0
14015,O4M,C_style_shift,0.6175,0.6174999999999999,0.5519470536126099,0.235,94,400,0,306,31.60125,14.7725,0.59625,0.0,1.0,1.0,0.44761904761904764,5.645,6.0,1.2375,1.74625,0.0,0.9547893191874027,0.15149481323868483,0.4519608990147783,14.445250000000001,,,,,,,,,,,,,,,,,,256.0,2048.0,0.0,0.0,0.6970000000000001,,0.0,0.0,0.0,0.0,0.0,0.0,0.0
14015,O4M,A_after_C,0.6025,0.6121951219512195,0.5384581891015174,0.205,46,195,0,159,31.63,15.32,0.5825,1.0,1.0,0.0,0.5111111111111111,5.6475,6.0,1.2375,1.725,0.0,0.9517463268339634,0.1479951210874573,0.45749630541871916,15.023,,,,,,,,,,,,,,,,,,256.0,2048.0,0.0,0.0,0.6970000000000001,,0.0,0.0,0.0,0.0,0.0,0.0,0.0
14015,O4M,B_after_C,0.604,0.6198079481876914,0.5549441657226089,0.208,68,234,5,193,31.694,15.528,0.6153333333333334,0.9366197183098591,0.1958762886597938,0.7959183673469388,0.44171779141104295,5.57,6.0,1.284,1.762,0.0,0.9583863636255264,0.17658209588383347,0.509896551724138,15.3624,,,,,,,,,,,,,,,,,,256.0,2048.0,0.0,0.0,0.6970000000000001,,0.0,0.0,0.0,0.0,0.0,0.0,0.0
14015,O4D,A,1.0,1.0,1.0,1.0,205,195,0,0,29.7825,8.1825,1.0,1.0,1.0,1.0,1.0,6.2175,6.0,1.0,1.0,0.0,0.9534233869612216,0.512,0.48149630541871924,15.07,1.0,0.0,0.0,1.0,1.0,0.0,0.8888888955585627,0.3333333333333333,0.95,0.0,1.0,0.0,0.5,1.0,0.3528123504013461,0.007937013196843614,0.0028002762811448977,256.0,2048.0,0.0,0.0,0.6970000000000001,0.75,0.0,0.0,0.0,0.0,0.0,0.0,0.0
14015,O4D,B,0.716,0.7103352089645554,0.7085385878489326,0.432,219,139,100,42,30.812,10.278,0.6304634920634922,0.9225352112676056,0.5463917525773195,0.20408163265306123,0.9447852760736196,7.47,6.0,1.04,1.854,0.0,0.9603948962688446,0.5313726058001486,0.5418965517241379,15.412,0.0,0.42067041792911075,0.09283060548247832,0.6806938232417961,0.6513249651324965,0.08422988505747116,0.7109527823128546,0.3333333333333333,0.95,0.03910614525139668,0.0,0.10344827586206874,0.528,0.716,0.21364977618212178,0.33943655389284344,0.07252054376723671,256.0,2048.0,0.0,0.0,0.6970000000000001,0.77,0.0,0.0,0.0,0.0,0.0,0.0,0.0
14015,O4D,C,0.77,0.7694235588972431,0.756856578417057,0.54,215,401,0,184,31.6125,16.3125,0.7465531655844155,0.0,1.0,1.0,1.0,7.155,6.0,1.26875,1.6025,0.0,0.9976360068470239,0.299070628689701,0.7027125000000001,15.378250000000001,0.6122590545057071,0.144186046511628,0.1395853254658675,0.7320170751067194,0.5200470002937518,0.44164756745494327,0.5571029227529458,0.3333333333333333,0.95,0.04870129870129867,0.6134453781512605,0.44270833333333337,0.5375,0.77,0.2539183178398959,0.5679756901421182,0.1442194318148406,256.0,2048.0,0.0,0.0,0.8398571428571429,0.405,640.0,640.0,103.0,129.0,164.0,244.0,1.0
14015,O4D,C_style_shift,0.6175,0.6174999999999999,0.5519470536126099,0.235,94,400,0,306,31.60125,15.30625,0.59625,0.0,1.0,1.0,0.44761904761904764,5.645,6.0,1.2375,1.74625,0.0,0.9547893191874027,0.15149481323868483,0.4519608990147783,14.445250000000001,,,,,,,,,,,,,,,,,,256.0,2048.0,0.0,0.0,0.8398571428571429,,640.0,640.0,103.0,129.0,164.0,244.0,1.0
14015,O4D,A_after_C,0.6025,0.6121951219512195,0.5384581891015174,0.205,46,195,0,159,31.63,15.795,0.5825,1.0,1.0,0.0,0.5111111111111111,5.6475,6.0,1.2375,1.725,0.0,0.9517463268339634,0.1479951210874573,0.45749630541871916,15.023,,,,,,,,,,,,,,,,,,256.0,2048.0,0.0,0.0,0.8398571428571429,,640.0,640.0,103.0,129.0,164.0,244.0,1.0
14015,O4D,B_after_C,0.604,0.6198079481876914,0.5549441657226089,0.208,68,234,5,193,31.694,16.194,0.6153333333333334,0.9366197183098591,0.1958762886597938,0.7959183673469388,0.44171779141104295,5.57,6.0,1.284,1.762,0.0,0.9583863636255264,0.17658209588383347,0.509896551724138,15.3624,,,,,,,,,,,,,,,,,,256.0,2048.0,0.0,0.0,0.8398571428571429,,640.0,640.0,103.0,129.0,164.0,244.0,1.0
14068,O1,A,1.0,1.0,1.0,1.0,204,196,0,0,32.0,24.59,0.0,1.0,1.0,1.0,1.0,0.0,0.0,0.0,0.0,0.0,0.0,0.5,0.0,0.0,0.0,0.0,0.0,1.0,1.0,0.0,0.9999999999999999,0.0,0.97,0.0,0.0,0.0,0.5,1.0,0.2633046061055618,0.007937013196843614,0.0020898521334495536,0.0,0.0,0.0,0.0,0.2277,1.0,0.0,0.0,0.0,0.0,0.0,0.0,0.0
14068,O1,B,0.646,0.6450822962665597,0.6449647171151076,0.292,175,148,87,90,19.334,30.0,0.0,0.8978102189781022,0.24752475247524752,0.27102803738317754,0.9419354838709677,0.0,0.0,0.0,0.0,0.0,0.0,0.5,0.0,0.0,0.0,0.0,0.0,0.6450822962665597,0.6450822962665597,0.0,0.26873676734908003,0.0,0.97,0.0,0.0,0.0,0.5,0.646,0.14862623955843238,0.006861220150336751,0.0010197573497270935,0.0,0.0,0.0,0.0,0.2277,0.646,0.0,0.0,0.0,0.0,0.0,0.0,0.0
14068,O1,C,0.50375,0.5036128612861286,0.5035754757531945,0.0075,209,194,202,195,22.68375,31.0275,0.0,0.0,1.0,0.0,1.0,0.0,0.0,0.0,0.0,0.0,0.0,0.5,0.0,0.0,0.0,0.0,0.0,0.5036128612861286,0.5036128612861286,0.0,7.537859200434927e-05,0.0,0.97,0.0,0.0,0.0,0.5,0.50375,0.10649414834791718,0.00631532344237746,0.0006725449915376242,0.0,0.0,0.0,0.0,0.2277,0.50375,0.0,0.0,0.0,0.0,0.0,0.0,0.0
14068,O1,C_style_shift,0.49125,0.4914497838990737,0.4912301261768038,-0.0175,199,194,195,212,24.805,29.885,0.0,0.0,1.0,0.0,1.0,0.0,0.0,0.0,0.0,0.0,0.0,0.5,0.0,0.0,,,,,,,,,,,,,,,,,,0.0,0.0,0.0,0.0,0.2277,,0.0,0.0,0.0,0.0,0.0,0.0,0.0
14068,O1,A_after_C,1.0,1.0,1.0,1.0,204,196,0,0,25.005,29.895,0.0,1.0,1.0,1.0,1.0,0.0,0.0,0.0,0.0,0.0,0.0,0.5,0.0,0.0,,,,,,,,,,,,,,,,,,0.0,0.0,0.0,0.0,0.2277,,0.0,0.0,0.0,0.0,0.0,0.0,0.0
14068,O1,B_after_C,0.646,0.6450822962665597,0.6449647171151076,0.292,175,148,87,90,25.258,29.748,0.0,0.8978102189781022,0.24752475247524752,0.27102803738317754,0.9419354838709677,0.0,0.0,0.0,0.0,0.0,0.0,0.5,0.0,0.0,,,,,,,,,,,,,,,,,,0.0,0.0,0.0,0.0,0.2277,,0.0,0.0,0.0,0.0,0.0,0.0,0.0
14068,O3,A,1.0,1.0,1.0,1.0,204,196,0,0,32.0,6.855,0.0,1.0,1.0,1.0,1.0,0.0,0.0,0.0,0.0,0.0,0.0,0.5,0.0,0.0,1.0,0.0,0.0,1.0,1.0,0.0,0.8888888955574796,0.3333333333333333,0.95,0.0,1.0,0.0,0.5,1.0,0.4345968177514413,0.007937013196843614,0.0034494006777994286,0.0,0.0,0.0,0.0,0.29700000000000004,0.7625,0.0,0.0,0.0,0.0,0.0,0.0,0.0
14068,O3,B,0.686,0.6794460056202329,0.678772378516624,0.372,209,134,101,56,30.634,9.648,0.0,0.8978102189781022,0.44554455445544555,0.27102803738317754,0.9419354838709677,0.0,0.0,0.0,0.0,0.0,0.0,0.5,0.0,0.0,0.0,0.0,0.09682162651283809,0.6450822962665597,0.6450822962665597,0.0,0.7277185268986943,0.3333333333333333,0.95,0.05830903790087468,0.0,0.0,0.54,0.686,0.26858949764548573,0.007181906899057655,0.0019289847661545438,0.0,0.0,0.0,0.0,0.29700000000000004,0.748,0.0,0.0,0.0,0.0,0.0,0.0,0.0
14068,O3,C,0.64,0.6412391239123912,0.6349601688309219,0.28,209,303,93,195,25.595,5.77625,0.0,0.0,1.0,0.5396039603960396,1.0,0.0,0.0,0.0,0.0,0.0,0.0,0.5,0.0,0.0,0.42498196681894684,0.0,0.2772558994635707,0.5036128612861286,0.5036128612861286,0.0,0.555605807476713,0.3333333333333333,0.95,0.21289062499999997,0.4216867469879518,0.0,0.63625,0.64,0.32942469843198907,0.007412016489676958,0.002441701296884762,0.0,0.0,0.0,0.0,0.29700000000000004,0.3775,0.0,0.0,0.0,0.0,0.0,0.0,0.0
14068,O3,C_style_shift,0.62375,0.6338199513381995,0.5716514366931775,0.2475,110,389,0,301,28.4275,4.51625,0.0,0.0,1.0,1.0,0.5527638190954773,0.0,0.0,0.0,0.0,0.0,0.0,0.5,0.0,0.0,,,,,,,,,,,,,,,,,,0.0,0.0,0.0,0.0,0.29700000000000004,,0.0,0.0,0.0,0.0,0.0,0.0,0.0
14068,O3,A_after_C,0.6525,0.6593137254901961,0.610750565321796,0.305,65,196,0,139,27.7775,4.6875,0.0,1.0,1.0,0.0,0.5855855855855856,0.0,0.0,0.0,0.0,0.0,0.0,0.5,0.0,0.0,,,,,,,,,,,,,,,,,,0.0,0.0,0.0,0.0,0.29700000000000004,,0.0,0.0,0.0,0.0,0.0,0.0,0.0
14068,O3,B_after_C,0.596,0.6176635889201124,0.548615456121847,0.192,68,230,5,197,28.206,4.736,0.0,0.8978102189781022,0.24752475247524752,0.7289719626168224,0.4645161290322581,0.0,0.0,0.0,0.0,0.0,0.0,0.5,0.0,0.0,,,,,,,,,,,,,,,,,,0.0,0.0,0.0,0.0,0.29700000000000004,,0.0,0.0,0.0,0.0,0.0,0.0,0.0
14068,O4R,A,1.0,1.0,1.0,1.0,204,196,0,0,32.0,6.745,0.0,1.0,1.0,1.0,1.0,0.0,0.0,0.0,0.0,0.0,0.0,0.5,0.0,0.0,1.0,0.0,0.0,1.0,1.0,0.0,0.8888888955574796,0.3333333333333333,0.95,0.0,1.0,0.0,0.5,1.0,0.4345968177514413,0.007937013196843614,0.0034494006777994286,0.0,0.0,0.0,0.0,0.29700000000000004,0.7625,0.0,0.0,0.0,0.0,0.0,0.0,0.0
14068,O4R,B,0.636,0.6520272982737856,0.6160402356078378,0.272,102,216,19,163,29.374,6.67,0.0,0.8978102189781022,0.44554455445544555,0.7289719626168224,0.4645161290322581,0.0,0.0,0.0,0.0,0.0,0.0,0.5,0.0,0.0,0.0,0.0,0.23636683992599766,0.5443195503813729,0.6450822962665597,0.0,0.7277185268986943,0.3333333333333333,0.95,0.16666666666666663,0.0,0.0,0.606,0.636,0.28489994308660316,0.0072774134055520094,0.0020733346650594502,0.0,0.0,0.0,0.0,0.29700000000000004,0.748,0.0,0.0,0.0,0.0,0.0,0.0,0.0
14068,O4R,C,0.75625,0.7586633663366337,0.7421619718659044,0.5125,209,396,0,195,31.73875,7.22375,0.0,0.0,1.0,1.0,1.0,0.0,0.0,0.0,0.0,0.0,0.0,0.5,0.0,0.0,0.6131882664101947,0.0,0.5173267326732673,0.5,0.5036128612861286,0.0,0.555605807476713,0.3333333333333333,0.95,0.34545454545454546,0.6084337349397589,0.0,0.76125,0.75625,0.37748871763983327,0.008318875269795004,0.003140281557800638,0.0,0.0,0.0,0.0,0.29700000000000004,0.3775,0.0,0.0,0.0,0.0,0.0,0.0,0.0
14068,O4R,C_style_shift,0.62375,0.6338199513381995,0.5716514366931775,0.2475,110,389,0,301,31.07875,8.1625,0.0,0.0,1.0,1.0,0.5527638190954773,0.0,0.0,0.0,0.0,0.0,0.0,0.5,0.0,0.0,,,,,,,,,,,,,,,,,,0.0,0.0,0.0,0.0,0.29700000000000004,,0.0,0.0,0.0,0.0,0.0,0.0,0.0
14068,O4R,A_after_C,0.6525,0.6593137254901961,0.610750565321796,0.305,65,196,0,139,31.0975,8.2775,0.0,1.0,1.0,0.0,0.5855855855855856,0.0,0.0,0.0,0.0,0.0,0.0,0.5,0.0,0.0,,,,,,,,,,,,,,,,,,0.0,0.0,0.0,0.0,0.29700000000000004,,0.0,0.0,0.0,0.0,0.0,0.0,0.0
14068,O4R,B_after_C,0.596,0.6176635889201124,0.548615456121847,0.192,68,230,5,197,31.24,8.526,0.0,0.8978102189781022,0.24752475247524752,0.7289719626168224,0.4645161290322581,0.0,0.0,0.0,0.0,0.0,0.0,0.5,0.0,0.0,,,,,,,,,,,,,,,,,,0.0,0.0,0.0,0.0,0.29700000000000004,,0.0,0.0,0.0,0.0,0.0,0.0,0.0
14068,O4M,A,1.0,1.0,1.0,1.0,204,196,0,0,32.0,7.0775,1.0,1.0,1.0,1.0,1.0,6.745,6.0,1.0,1.0,0.0,0.9606341467797757,0.5096,0.5031896551724138,15.0625,1.0,0.0,0.0,1.0,1.0,0.0,0.8888888955574796,0.3333333333333333,0.95,0.0,1.0,0.0,0.5,1.0,0.3528123504012138,0.007937013196843614,0.0028002762811438473,256.0,2048.0,0.0,0.0,0.6970000000000001,0.7625,0.0,0.0,0.0,0.0,0.0,0.0,0.0
14068,O4M,B,0.748,0.7352870333199518,0.730326689952743,0.496,251,123,112,14,28.904,9.686,0.6865555555555557,0.8978102189781022,0.7524752475247525,0.27102803738317754,0.9419354838709677,6.844,6.0,1.0,1.854,0.0,0.9599924200773239,0.41621002188048056,0.5163251231527094,15.462,0.0,0.0,0.09385735880170411,0.7078683259735046,0.6450822962665597,0.17690306526411018,0.7277185268986943,0.3333333333333333,0.95,0.06684491978609632,0.0,0.14689265536723145,0.55,0.748,0.21908813275795952,0.39242460690725994,0.08597557437558785,256.0,2048.0,0.0,0.0,0.6970000000000001,0.748,0.0,0.0,0.0,0.0,0.0,0.0,0.0
14068,O4M,C,0.75625,0.7586633663366337,0.7421619718659044,0.5125,209,396,0,195,26.3475,12.1575,0.8120041937229437,0.0,1.0,1.0,1.0,7.68875,6.0,1.26875,1.72875,0.0,0.983548721447587,0.40390898616944937,0.5122786706349206,15.279426587301586,0.6131882664101947,0.0,0.0,0.7586633663366337,0.5036128612861286,0.5138136852444154,0.555605807476713,0.3333333333333333,0.95,0.0,0.6084337349397589,0.508816120906801,0.5,0.75625,0.2642373174822117,0.577297287642857,0.1525434866765053,256.0,2048.0,0.0,0.0,0.6970000000000001,0.3775,0.0,0.0,0.0,0.0,0.0,0.0,0.0
14068,O4M,C_style_shift,0.62375,0.6338199513381995,0.5716514366931775,0.2475,110,389,0,301,31.5875,8.4125,0.7183928571428573,0.0,1.0,1.0,0.5527638190954773,6.78,6.0,1.265,1.62,0.0,0.9468772467970848,0.29216869807940515,0.36086514778325124,14.32125,,,,,,,,,,,,,,,,,,256.0,2048.0,0.0,0.0,0.6970000000000001,,0.0,0.0,0.0,0.0,0.0,0.0,0.0
14068,O4M,A_after_C,0.6525,0.6593137254901961,0.610750565321796,0.305,65,196,0,139,31.5125,8.7125,0.5939285714285714,1.0,1.0,0.0,0.5855855855855856,6.81,6.0,1.2525,1.6,0.0,0.9471475084125995,0.3107113807931618,0.3756896551724138,14.8125,,,,,,,,,,,,,,,,,,256.0,2048.0,0.0,0.0,0.6970000000000001,,0.0,0.0,0.0,0.0,0.0,0.0,0.0
14068,O4M,B_after_C,0.596,0.6176635889201124,0.548615456121847,0.192,68,230,5,197,31.562,8.868,0.5097142857142857,0.8978102189781022,0.24752475247524752,0.7289719626168224,0.4645161290322581,6.848,6.0,1.274,1.652,0.0,0.9455229253768921,0.3064800881925561,0.3843251231527094,15.178,,,,,,,,,,,,,,,,,,256.0,2048.0,0.0,0.0,0.6970000000000001,,0.0,0.0,0.0,0.0,0.0,0.0,0.0
14068,O4D,A,1.0,1.0,1.0,1.0,204,196,0,0,32.0,7.0775,1.0,1.0,1.0,1.0,1.0,6.745,6.0,1.0,1.0,0.0,0.9606341467797757,0.5096,0.5031896551724138,15.0625,1.0,0.0,0.0,1.0,1.0,0.0,0.8888888955574796,0.3333333333333333,0.95,0.0,1.0,0.0,0.5,1.0,0.3528123504012138,0.007937013196843614,0.0028002762811438473,256.0,2048.0,0.0,0.0,0.6970000000000001,0.7625,0.0,0.0,0.0,0.0,0.0,0.0,0.0
14068,O4D,B,0.748,0.7352870333199518,0.730326689952743,0.496,251,123,112,14,28.904,9.686,0.6865555555555557,0.8978102189781022,0.7524752475247525,0.27102803738317754,0.9419354838709677,6.844,6.0,1.0,1.854,0.0,0.9599924200773239,0.41621002188048056,0.5163251231527094,15.462,0.0,0.0,0.09385735880170411,0.7078683259735046,0.6450822962665597,0.17690306526411018,0.7277185268986943,0.3333333333333333,0.95,0.06684491978609632,0.0,0.14689265536723145,0.55,0.748,0.21908813275795952,0.39242460690725994,0.08597557437558785,256.0,2048.0,0.0,0.0,0.6970000000000001,0.748,0.0,0.0,0.0,0.0,0.0,0.0,0.0
14068,O4D,C,0.75625,0.7586633663366337,0.7421619718659044,0.5125,209,396,0,195,28.6325,9.8475,0.8120041937229437,0.0,1.0,1.0,1.0,7.68875,6.0,1.26875,1.72875,0.0,0.983548721447587,0.40390898616944937,0.5122786706349206,15.279426587301586,0.6131882664101947,0.32730503867865357,0.0,0.7586633663366337,0.5036128612861286,0.5138136852444154,0.555605807476713,0.3333333333333333,0.95,0.0,0.6084337349397589,0.508816120906801,0.5,0.75625,0.24759664001623705,0.577297287642857,0.14293686871085853,256.0,2048.0,0.0,0.0,0.8398571428571429,0.3775,640.0,640.0,84.0,120.0,182.0,254.0,1.0
14068,O4D,C_style_shift,0.62375,0.6338199513381995,0.5716514366931775,0.2475,110,389,0,301,31.8625,7.7875,0.7183928571428573,0.0,1.0,1.0,0.5527638190954773,6.78,6.0,1.265,1.62,0.0,0.9468772467970848,0.29216869807940515,0.36086514778325124,14.32125,,,,,,,,,,,,,,,,,,256.0,2048.0,0.0,0.0,0.8398571428571429,,640.0,640.0,84.0,120.0,182.0,254.0,1.0
14068,O4D,A_after_C,0.6525,0.6593137254901961,0.610750565321796,0.305,65,196,0,139,31.8375,8.0375,0.5939285714285714,1.0,1.0,0.0,0.5855855855855856,6.81,6.0,1.2525,1.6,0.0,0.9471475084125995,0.3107113807931618,0.3756896551724138,14.8125,,,,,,,,,,,,,,,,,,256.0,2048.0,0.0,0.0,0.8398571428571429,,640.0,640.0,84.0,120.0,182.0,254.0,1.0
14068,O4D,B_after_C,0.596,0.6176635889201124,0.548615456121847,0.192,68,230,5,197,31.854,8.192,0.5097142857142857,0.8978102189781022,0.24752475247524752,0.7289719626168224,0.4645161290322581,6.848,6.0,1.274,1.652,0.0,0.9455229253768921,0.3064800881925561,0.3843251231527094,15.178,,,,,,,,,,,,,,,,,,256.0,2048.0,0.0,0.0,0.8398571428571429,,640.0,640.0,84.0,120.0,182.0,254.0,1.0
