seed,observer,epoch,train_reward,val_reward,val_accuracy,replay_accepted,replay_gain
2001,O1,1,0.52,0.515,0.7575,0,0.0
2001,O1,2,0.5093333333333333,0.56,0.78,0,0.0
2001,O1,3,0.5293333333333333,0.515,0.7575,0,0.0
2001,O1,4,0.508,0.505,0.7525,0,0.0
2001,O1,5,0.5266666666666666,0.515,0.7575,0,0.0
2001,O1,6,0.544,0.515,0.7575,0,0.0
2001,O1,7,0.536,0.525,0.7625,0,0.0
2001,O1,8,0.5333333333333333,0.54,0.77,0,0.0
2001,O1,9,0.5226666666666666,0.515,0.7575,0,0.0
2001,O1,10,0.5413333333333333,0.51,0.755,0,0.0
2001,O1,11,0.5386666666666666,0.51,0.755,0,0.0
2001,O1,12,0.5373333333333333,0.51,0.755,0,0.0
2001,O1,13,0.5373333333333333,0.52,0.76,0,0.0
2001,O1,14,0.5333333333333333,0.53,0.765,0,0.0
2001,O1,15,0.54,0.525,0.7625,0,0.0
2001,O2,1,0.5106666666666667,0.545,0.7725,0,0.0
2001,O2,2,0.5226666666666666,0.525,0.7625,0,0.0
2001,O2,3,0.5306666666666666,0.535,0.7675,0,0.0
2001,O2,4,0.5186666666666667,0.53,0.765,0,0.0
2001,O2,5,0.5213333333333333,0.54,0.77,0,0.0
2001,O2,6,0.532,0.53,0.765,0,0.0
2001,O2,7,0.532,0.53,0.765,0,0.0
2001,O2,8,0.5293333333333333,0.53,0.765,0,0.0
2001,O2,9,0.532,0.55,0.775,0,0.0
2001,O2,10,0.5293333333333333,0.535,0.7675,0,0.0
2001,O2,11,0.5386666666666666,0.54,0.77,0,0.0
2001,O2,12,0.5293333333333333,0.54,0.77,0,0.0
2001,O2,13,0.5306666666666666,0.54,0.77,0,0.0
2001,O2,14,0.5306666666666666,0.54,0.77,0,0.0
2001,O2,15,0.536,0.55,0.775,0,0.0
2001,O3,1,0.5133333333333333,0.54,0.77,0,0.0
2001,O3,2,0.512,0.545,0.7725,0,0.0
2001,O3,3,0.5213333333333333,0.555,0.7775,0,0.0
2001,O3,4,0.52,0.54,0.77,0,0.0
2001,O3,5,0.52,0.525,0.7625,0,0.0
2001,O3,6,0.5146666666666667,0.535,0.7675,0,0.0
2001,O3,7,0.5173333333333333,0.535,0.7675,0,0.0
2001,O3,8,0.528,0.535,0.7675,0,0.0
2001,O3,9,0.508,0.535,0.7675,0,0.0
2001,O3,10,0.5146666666666667,0.545,0.7725,0,0.0
2001,O3,11,0.524,0.54,0.77,0,0.0
2001,O3,12,0.5253333333333333,0.545,0.7725,0,0.0
2001,O3,13,0.5253333333333333,0.54,0.77,0,0.0
2001,O3,14,0.5333333333333333,0.525,0.7625,0,0.0
2001,O3,15,0.5413333333333333,0.52,0.76,0,0.0
2001,O4,1,0.5146666666666667,0.54,0.77,1,0.0
2001,O4,2,0.5266666666666666,0.52,0.76,0,-0.010000000000000009
2001,O4,3,0.504,0.47,0.735,1,0.0
2001,O4,4,0.49466666666666664,0.515,0.7575,0,-0.020000000000000018
2001,O4,5,0.536,0.515,0.7575,0,-0.0050000000000000044
2001,O4,6,0.5266666666666666,0.54,0.77,1,0.020000000000000018
2001,O4,7,0.532,0.535,0.7675,1,0.015000000000000013
2001,O4,8,0.5253333333333333,0.52,0.76,1,0.0050000000000000044
2001,O4,9,0.5346666666666666,0.515,0.7575,1,0.010000000000000009
2001,O4,10,0.5173333333333333,0.535,0.7675,1,0.0
2001,O4,11,0.5226666666666666,0.535,0.7675,1,0.0
2001,O4,12,0.52,0.535,0.7675,1,0.0
2001,O4,13,0.5253333333333333,0.55,0.775,0,-0.015000000000000013
2001,O4,14,0.5293333333333333,0.545,0.7725,1,0.010000000000000009
2001,O4,15,0.5226666666666666,0.545,0.7725,1,0.0050000000000000044
2001,O5R,1,0.328,0.335,0.6675,1,0.0
2001,O5R,2,0.3293333333333333,0.335,0.6675,1,0.0
2001,O5R,3,0.3253333333333333,0.335,0.6675,1,0.0
2001,O5R,4,0.3293333333333333,0.335,0.6675,1,0.0
2001,O5R,5,0.328,0.335,0.6675,1,0.0
2001,O5R,6,0.33066666666666666,0.335,0.6675,1,0.0
2001,O5R,7,0.33066666666666666,0.335,0.6675,1,0.0
2001,O5R,8,0.33066666666666666,0.335,0.6675,1,0.0
2001,O5R,9,0.33066666666666666,0.335,0.6675,1,0.0
2001,O5R,10,0.33066666666666666,0.335,0.6675,1,0.0
2001,O5R,11,0.33066666666666666,0.335,0.6675,1,0.0
2001,O5R,12,0.33066666666666666,0.335,0.6675,1,0.0
2001,O5R,13,0.33066666666666666,0.335,0.6675,1,0.0
2001,O5R,14,0.33066666666666666,0.335,0.6675,1,0.0
2001,O5R,15,0.3293333333333333,0.335,0.6675,1,0.0
2038,O1,1,0.532,0.475,0.7375,0,0.0
2038,O1,2,0.5213333333333333,0.45,0.725,0,0.0
2038,O1,3,0.5213333333333333,0.455,0.7275,0,0.0
2038,O1,4,0.5333333333333333,0.48,0.74,0,0.0
2038,O1,5,0.54,0.48,0.74,0,0.0
2038,O1,6,0.5426666666666666,0.48,0.74,0,0.0
2038,O1,7,0.536,0.48,0.74,0,0.0
2038,O1,8,0.544,0.48,0.74,0,0.0
2038,O1,9,0.5466666666666666,0.48,0.74,0,0.0
2038,O1,10,0.5413333333333333,0.48,0.74,0,0.0
2038,O1,11,0.5386666666666666,0.475,0.7375,0,0.0
2038,O1,12,0.5333333333333333,0.475,0.7375,0,0.0
2038,O1,13,0.5413333333333333,0.475,0.7375,0,0.0
2038,O1,14,0.548,0.475,0.7375,0,0.0
2038,O1,15,0.548,0.48,0.74,0,0.0
2038,O2,1,0.5373333333333333,0.465,0.7325,0,0.0
2038,O2,2,0.5293333333333333,0.465,0.7325,0,0.0
2038,O2,3,0.532,0.49,0.745,0,0.0
2038,O2,4,0.548,0.485,0.7425,0,0.0
2038,O2,5,0.5533333333333333,0.485,0.7425,0,0.0
2038,O2,6,0.544,0.48,0.74,0,0.0
2038,O2,7,0.5386666666666666,0.48,0.74,0,0.0
2038,O2,8,0.548,0.49,0.745,0,0.0
2038,O2,9,0.5453333333333333,0.485,0.7425,0,0.0
2038,O2,10,0.5386666666666666,0.49,0.745,0,0.0
2038,O2,11,0.5346666666666666,0.445,0.7225,0,0.0
2038,O2,12,0.5226666666666666,0.495,0.7475,0,0.0
2038,O2,13,0.532,0.48,0.74,0,0.0
2038,O2,14,0.54,0.485,0.7425,0,0.0
2038,O2,15,0.536,0.475,0.7375,0,0.0
2038,O3,1,0.5253333333333333,0.48,0.74,0,0.0
2038,O3,2,0.5146666666666667,0.48,0.74,0,0.0
2038,O3,3,0.5253333333333333,0.475,0.7375,0,0.0
2038,O3,4,0.5506666666666666,0.48,0.74,0,0.0
2038,O3,5,0.552,0.48,0.74,0,0.0
2038,O3,6,0.532,0.48,0.74,0,0.0
2038,O3,7,0.544,0.48,0.74,0,0.0
2038,O3,8,0.5226666666666666,0.47,0.735,0,0.0
2038,O3,9,0.544,0.48,0.74,0,0.0
2038,O3,10,0.548,0.465,0.7325,0,0.0
2038,O3,11,0.5426666666666666,0.48,0.74,0,0.0
2038,O3,12,0.5453333333333333,0.48,0.74,0,0.0
2038,O3,13,0.544,0.475,0.7375,0,0.0
2038,O3,14,0.54,0.48,0.74,0,0.0
2038,O3,15,0.54,0.48,0.74,0,0.0
2038,O4,1,0.5346666666666666,0.48,0.74,1,0.0
2038,O4,2,0.504,0.47,0.735,0,-0.004999999999999949
2038,O4,3,0.48933333333333334,0.485,0.7425,1,0.03999999999999998
2038,O4,4,0.5333333333333333,0.475,0.7375,1,0.0
2038,O4,5,0.5426666666666666,0.48,0.74,1,0.0
2038,O4,6,0.5346666666666666,0.48,0.74,1,0.0
2038,O4,7,0.54,0.48,0.74,1,0.0
2038,O4,8,0.5173333333333333,0.48,0.74,1,0.12
2038,O4,9,0.5093333333333333,0.48,0.74,1,0.0
2038,O4,10,0.5266666666666666,0.48,0.74,1,0.0
2038,O4,11,0.5453333333333333,0.49,0.745,1,0.015000000000000013
2038,O4,12,0.5266666666666666,0.48,0.74,1,0.0
2038,O4,13,0.5226666666666666,0.48,0.74,1,0.0
2038,O4,14,0.5333333333333333,0.48,0.74,1,0.0
2038,O4,15,0.5426666666666666,0.48,0.74,1,0.0
2038,O5R,1,0.2946666666666667,0.36,0.68,1,0.0
2038,O5R,2,0.30666666666666664,0.36,0.68,1,0.0
2038,O5R,3,0.308,0.36,0.68,1,0.0
2038,O5R,4,0.308,0.36,0.68,1,0.0
2038,O5R,5,0.308,0.36,0.68,1,0.0
2038,O5R,6,0.30933333333333335,0.36,0.68,1,0.0
2038,O5R,7,0.30933333333333335,0.36,0.68,1,0.0
2038,O5R,8,0.31066666666666665,0.36,0.68,1,0.0
2038,O5R,9,0.308,0.36,0.68,1,0.0
2038,O5R,10,0.30933333333333335,0.36,0.68,1,0.0
2038,O5R,11,0.30933333333333335,0.36,0.68,1,0.0
2038,O5R,12,0.30933333333333335,0.36,0.68,1,0.0
2038,O5R,13,0.30933333333333335,0.36,0.68,1,0.0
2038,O5R,14,0.30933333333333335,0.36,0.68,1,0.0
2038,O5R,15,0.30933333333333335,0.36,0.68,1,0.0
2075,O1,1,0.5053333333333333,0.485,0.7425,0,0.0
2075,O1,2,0.49866666666666665,0.49,0.745,0,0.0
2075,O1,3,0.5133333333333333,0.515,0.7575,0,0.0
2075,O1,4,0.5226666666666666,0.515,0.7575,0,0.0
2075,O1,5,0.5333333333333333,0.515,0.7575,0,0.0
2075,O1,6,0.5386666666666666,0.515,0.7575,0,0.0
2075,O1,7,0.54,0.495,0.7475,0,0.0
2075,O1,8,0.5493333333333333,0.505,0.7525,0,0.0
2075,O1,9,0.5546666666666666,0.495,0.7475,0,0.0
2075,O1,10,0.528,0.485,0.7425,0,0.0
2075,O1,11,0.528,0.485,0.7425,0,0.0
2075,O1,12,0.536,0.5,0.75,0,0.0
2075,O1,13,0.536,0.505,0.7525,0,0.0
2075,O1,14,0.552,0.505,0.7525,0,0.0
2075,O1,15,0.5426666666666666,0.515,0.7575,0,0.0
2075,O2,1,0.5306666666666666,0.525,0.7625,0,0.0
2075,O2,2,0.5373333333333333,0.51,0.755,0,0.0
2075,O2,3,0.532,0.535,0.7675,0,0.0
2075,O2,4,0.5253333333333333,0.53,0.765,0,0.0
2075,O2,5,0.54,0.52,0.76,0,0.0
2075,O2,6,0.5426666666666666,0.51,0.755,0,0.0
2075,O2,7,0.536,0.525,0.7625,0,0.0
2075,O2,8,0.532,0.515,0.7575,0,0.0
2075,O2,9,0.5386666666666666,0.54,0.77,0,0.0
2075,O2,10,0.532,0.515,0.7575,0,0.0
2075,O2,11,0.5413333333333333,0.515,0.7575,0,0.0
2075,O2,12,0.5466666666666666,0.495,0.7475,0,0.0
2075,O2,13,0.5306666666666666,0.515,0.7575,0,0.0
2075,O2,14,0.5413333333333333,0.51,0.755,0,0.0
2075,O2,15,0.5493333333333333,0.505,0.7525,0,0.0
2075,O3,1,0.5186666666666667,0.49,0.745,0,0.0
2075,O3,2,0.5306666666666666,0.49,0.745,0,0.0
2075,O3,3,0.5466666666666666,0.52,0.76,0,0.0
2075,O3,4,0.524,0.505,0.7525,0,0.0
2075,O3,5,0.5266666666666666,0.49,0.745,0,0.0
2075,O3,6,0.5133333333333333,0.495,0.7475,0,0.0
2075,O3,7,0.544,0.515,0.7575,0,0.0
2075,O3,8,0.5386666666666666,0.505,0.7525,0,0.0
2075,O3,9,0.544,0.515,0.7575,0,0.0
2075,O3,10,0.54,0.52,0.76,0,0.0
2075,O3,11,0.5426666666666666,0.505,0.7525,0,0.0
2075,O3,12,0.552,0.505,0.7525,0,0.0
2075,O3,13,0.536,0.505,0.7525,0,0.0
2075,O3,14,0.5466666666666666,0.5,0.75,0,0.0
2075,O3,15,0.5453333333333333,0.505,0.7525,0,0.0
2075,O4,1,0.5253333333333333,0.525,0.7625,1,0.020000000000000018
2075,O4,2,0.5186666666666667,0.54,0.77,0,-0.015000000000000013
2075,O4,3,0.5146666666666667,0.53,0.765,0,-0.020000000000000018
2075,O4,4,0.5186666666666667,0.495,0.7475,1,0.0
2075,O4,5,0.532,0.465,0.7325,1,0.0
2075,O4,6,0.5333333333333333,0.515,0.7575,1,0.0
2075,O4,7,0.54,0.51,0.755,1,0.0
2075,O4,8,0.544,0.5,0.75,1,0.0
2075,O4,9,0.548,0.505,0.7525,1,0.0
2075,O4,10,0.5493333333333333,0.505,0.7525,1,0.0
2075,O4,11,0.5453333333333333,0.505,0.7525,1,0.0
2075,O4,12,0.5426666666666666,0.505,0.7525,1,0.0
2075,O4,13,0.5506666666666666,0.505,0.7525,0,-0.0050000000000000044
2075,O4,14,0.5426666666666666,0.51,0.755,0,-0.0050000000000000044
2075,O4,15,0.552,0.51,0.755,1,0.010000000000000009
2075,O5R,1,0.308,0.285,0.6425,1,0.0
2075,O5R,2,0.31466666666666665,0.285,0.6425,1,0.0
2075,O5R,3,0.316,0.285,0.6425,1,0.0
2075,O5R,4,0.31733333333333336,0.285,0.6425,1,0.0
2075,O5R,5,0.316,0.285,0.6425,1,0.0
2075,O5R,6,0.31466666666666665,0.285,0.6425,1,0.0
2075,O5R,7,0.31333333333333335,0.285,0.6425,1,0.0
2075,O5R,8,0.31466666666666665,0.285,0.6425,1,0.0
2075,O5R,9,0.316,0.285,0.6425,1,0.0
2075,O5R,10,0.31466666666666665,0.285,0.6425,1,0.0
2075,O5R,11,0.316,0.285,0.6425,1,0.0
2075,O5R,12,0.316,0.285,0.6425,1,0.0
2075,O5R,13,0.316,0.285,0.6425,1,0.0
2075,O5R,14,0.316,0.285,0.6425,1,0.0
2075,O5R,15,0.316,0.285,0.6425,1,0.0
2112,O1,1,0.5453333333333333,0.485,0.7425,0,0.0
2112,O1,2,0.5493333333333333,0.485,0.7425,0,0.0
2112,O1,3,0.5546666666666666,0.485,0.7425,0,0.0
2112,O1,4,0.5546666666666666,0.485,0.7425,0,0.0
2112,O1,5,0.5493333333333333,0.485,0.7425,0,0.0
2112,O1,6,0.548,0.485,0.7425,0,0.0
2112,O1,7,0.5546666666666666,0.485,0.7425,0,0.0
2112,O1,8,0.5573333333333333,0.48,0.74,0,0.0
2112,O1,9,0.5573333333333333,0.48,0.74,0,0.0
2112,O1,10,0.556,0.48,0.74,0,0.0
2112,O1,11,0.564,0.48,0.74,0,0.0
2112,O1,12,0.5653333333333334,0.485,0.7425,0,0.0
2112,O1,13,0.5586666666666666,0.48,0.74,0,0.0
2112,O1,14,0.5613333333333334,0.48,0.74,0,0.0
2112,O1,15,0.552,0.48,0.74,0,0.0
2112,O2,1,0.5506666666666666,0.485,0.7425,0,0.0
2112,O2,2,0.5546666666666666,0.505,0.7525,0,0.0
2112,O2,3,0.5413333333333333,0.475,0.7375,0,0.0
2112,O2,4,0.548,0.515,0.7575,0,0.0
2112,O2,5,0.5573333333333333,0.5,0.75,0,0.0
2112,O2,6,0.5653333333333334,0.52,0.76,0,0.0
2112,O2,7,0.5426666666666666,0.51,0.755,0,0.0
2112,O2,8,0.556,0.51,0.755,0,0.0
2112,O2,9,0.548,0.49,0.745,0,0.0
2112,O2,10,0.5573333333333333,0.485,0.7425,0,0.0
2112,O2,11,0.5546666666666666,0.48,0.74,0,0.0
2112,O2,12,0.5613333333333334,0.485,0.7425,0,0.0
2112,O2,13,0.5626666666666666,0.51,0.755,0,0.0
2112,O2,14,0.568,0.51,0.755,0,0.0
2112,O2,15,0.5626666666666666,0.505,0.7525,0,0.0
2112,O3,1,0.544,0.485,0.7425,0,0.0
2112,O3,2,0.5453333333333333,0.485,0.7425,0,0.0
2112,O3,3,0.552,0.5,0.75,0,0.0
2112,O3,4,0.5493333333333333,0.485,0.7425,0,0.0
2112,O3,5,0.552,0.48,0.74,0,0.0
2112,O3,6,0.5506666666666666,0.48,0.74,0,0.0
2112,O3,7,0.552,0.485,0.7425,0,0.0
2112,O3,8,0.5506666666666666,0.485,0.7425,0,0.0
2112,O3,9,0.5533333333333333,0.48,0.74,0,0.0
2112,O3,10,0.5546666666666666,0.485,0.7425,0,0.0
2112,O3,11,0.564,0.48,0.74,0,0.0
2112,O3,12,0.556,0.48,0.74,0,0.0
2112,O3,13,0.5613333333333334,0.48,0.74,0,0.0
2112,O3,14,0.556,0.485,0.7425,0,0.0
2112,O3,15,0.5533333333333333,0.48,0.74,0,0.0
2112,O4,1,0.556,0.485,0.7425,1,0.0
2112,O4,2,0.5306666666666666,0.485,0.7425,1,0.0
2112,O4,3,0.5373333333333333,0.485,0.7425,1,0.0
2112,O4,4,0.5346666666666666,0.485,0.7425,1,0.0
2112,O4,5,0.5493333333333333,0.49,0.745,1,0.0050000000000000044
2112,O4,6,0.544,0.475,0.7375,1,0.0
2112,O4,7,0.532,0.485,0.7425,1,0.0
2112,O4,8,0.5466666666666666,0.475,0.7375,0,-0.009999999999999953
2112,O4,9,0.5293333333333333,0.48,0.74,0,-0.014999999999999958
2112,O4,10,0.536,0.485,0.7425,1,0.015000000000000013
2112,O4,11,0.5426666666666666,0.5,0.75,0,-0.015000000000000013
2112,O4,12,0.5506666666666666,0.48,0.74,1,0.0
2112,O4,13,0.5533333333333333,0.48,0.74,1,0.0
2112,O4,14,0.5426666666666666,0.48,0.74,1,0.0
2112,O4,15,0.5533333333333333,0.495,0.7475,1,0.0
2112,O5R,1,0.30266666666666664,0.175,0.5875,1,0.0
2112,O5R,2,0.30933333333333335,0.175,0.5875,1,0.0
2112,O5R,3,0.30933333333333335,0.175,0.5875,1,0.0
2112,O5R,4,0.31066666666666665,0.175,0.5875,1,0.0
2112,O5R,5,0.31066666666666665,0.175,0.5875,1,0.0
2112,O5R,6,0.31066666666666665,0.175,0.5875,1,0.0
2112,O5R,7,0.31066666666666665,0.175,0.5875,1,0.0
2112,O5R,8,0.31066666666666665,0.175,0.5875,1,0.0
2112,O5R,9,0.30933333333333335,0.175,0.5875,1,0.0
2112,O5R,10,0.31066666666666665,0.175,0.5875,1,0.0
2112,O5R,11,0.31066666666666665,0.175,0.5875,1,0.0
2112,O5R,12,0.31066666666666665,0.175,0.5875,1,0.0
2112,O5R,13,0.30933333333333335,0.175,0.5875,1,0.0
2112,O5R,14,0.31066666666666665,0.175,0.5875,1,0.0
2112,O5R,15,0.31066666666666665,0.175,0.5875,1,0.0
2149,O1,1,0.54,0.495,0.7475,0,0.0
2149,O1,2,0.572,0.51,0.755,0,0.0
2149,O1,3,0.5666666666666667,0.51,0.755,0,0.0
2149,O1,4,0.5666666666666667,0.505,0.7525,0,0.0
2149,O1,5,0.56,0.49,0.745,0,0.0
2149,O1,6,0.564,0.485,0.7425,0,0.0
2149,O1,7,0.5693333333333334,0.495,0.7475,0,0.0
2149,O1,8,0.5733333333333334,0.48,0.74,0,0.0
2149,O1,9,0.5853333333333334,0.52,0.76,0,0.0
2149,O1,10,0.5666666666666667,0.495,0.7475,0,0.0
2149,O1,11,0.5746666666666667,0.495,0.7475,0,0.0
2149,O1,12,0.5573333333333333,0.505,0.7525,0,0.0
2149,O1,13,0.56,0.505,0.7525,0,0.0
2149,O1,14,0.564,0.495,0.7475,0,0.0
2149,O1,15,0.5733333333333334,0.48,0.74,0,0.0
2149,O2,1,0.5706666666666667,0.505,0.7525,0,0.0
2149,O2,2,0.568,0.51,0.755,0,0.0
2149,O2,3,0.49866666666666665,0.505,0.7525,0,0.0
2149,O2,4,0.5746666666666667,0.4,0.7,0,0.0
2149,O2,5,0.5586666666666666,0.52,0.76,0,0.0
2149,O2,6,0.5613333333333334,0.51,0.755,0,0.0
2149,O2,7,0.5786666666666667,0.475,0.7375,0,0.0
2149,O2,8,0.58,0.51,0.755,0,0.0
2149,O2,9,0.5773333333333334,0.45,0.725,0,0.0
2149,O2,10,0.5826666666666667,0.49,0.745,0,0.0
2149,O2,11,0.584,0.515,0.7575,0,0.0
2149,O2,12,0.596,0.48,0.74,0,0.0
2149,O2,13,0.5906666666666667,0.515,0.7575,0,0.0
2149,O2,14,0.5746666666666667,0.48,0.74,0,0.0
2149,O2,15,0.588,0.49,0.745,0,0.0
2149,O3,1,0.5666666666666667,0.51,0.755,0,0.0
2149,O3,2,0.5586666666666666,0.505,0.7525,0,0.0
2149,O3,3,0.572,0.5,0.75,0,0.0
2149,O3,4,0.5533333333333333,0.505,0.7525,0,0.0
2149,O3,5,0.552,0.52,0.76,0,0.0
2149,O3,6,0.572,0.495,0.7475,0,0.0
2149,O3,7,0.556,0.48,0.74,0,0.0
2149,O3,8,0.576,0.495,0.7475,0,0.0
2149,O3,9,0.568,0.495,0.7475,0,0.0
2149,O3,10,0.572,0.5,0.75,0,0.0
2149,O3,11,0.5546666666666666,0.51,0.755,0,0.0
2149,O3,12,0.5573333333333333,0.515,0.7575,0,0.0
2149,O3,13,0.5746666666666667,0.495,0.7475,0,0.0
2149,O3,14,0.5706666666666667,0.49,0.745,0,0.0
2149,O3,15,0.572,0.485,0.7425,0,0.0
2149,O4,1,0.54,0.51,0.755,1,0.010000000000000009
2149,O4,2,0.5706666666666667,0.51,0.755,0,-0.020000000000000018
2149,O4,3,0.5773333333333334,0.515,0.7575,0,-0.010000000000000009
2149,O4,4,0.552,0.46,0.73,0,-0.010000000000000009
2149,O4,5,0.5573333333333333,0.485,0.7425,1,0.024999999999999967
2149,O4,6,0.56,0.505,0.7525,1,0.0050000000000000044
2149,O4,7,0.572,0.505,0.7525,1,0.0
2149,O4,8,0.5653333333333334,0.495,0.7475,1,0.0
2149,O4,9,0.564,0.505,0.7525,0,-0.010000000000000009
2149,O4,10,0.5586666666666666,0.505,0.7525,0,-0.015000000000000013
2149,O4,11,0.564,0.505,0.7525,1,0.0
2149,O4,12,0.5666666666666667,0.51,0.755,1,0.010000000000000009
2149,O4,13,0.5733333333333334,0.48,0.74,1,0.0
2149,O4,14,0.5613333333333334,0.48,0.74,1,0.0
2149,O4,15,0.5546666666666666,0.495,0.7475,0,-0.0050000000000000044
2149,O5R,1,0.312,0.345,0.6725,1,0.0
2149,O5R,2,0.32133333333333336,0.345,0.6725,1,0.0
2149,O5R,3,0.32266666666666666,0.345,0.6725,1,0.0
2149,O5R,4,0.32266666666666666,0.345,0.6725,1,0.0
2149,O5R,5,0.324,0.345,0.6725,1,0.0
2149,O5R,6,0.32133333333333336,0.345,0.6725,1,0.0
2149,O5R,7,0.32266666666666666,0.345,0.6725,1,0.0
2149,O5R,8,0.32266666666666666,0.345,0.6725,1,0.0
2149,O5R,9,0.32266666666666666,0.345,0.6725,1,0.0
2149,O5R,10,0.32266666666666666,0.345,0.6725,1,0.0
2149,O5R,11,0.324,0.345,0.6725,1,0.0
2149,O5R,12,0.32133333333333336,0.345,0.6725,1,0.0
2149,O5R,13,0.32266666666666666,0.345,0.6725,1,0.0
2149,O5R,14,0.32133333333333336,0.345,0.6725,1,0.0
2149,O5R,15,0.32266666666666666,0.345,0.6725,1,0.0
2186,O1,1,0.5066666666666667,0.54,0.77,0,0.0
2186,O1,2,0.524,0.555,0.7775,0,0.0
2186,O1,3,0.524,0.535,0.7675,0,0.0
2186,O1,4,0.528,0.535,0.7675,0,0.0
2186,O1,5,0.5226666666666666,0.535,0.7675,0,0.0
2186,O1,6,0.5333333333333333,0.535,0.7675,0,0.0
2186,O1,7,0.5306666666666666,0.54,0.77,0,0.0
2186,O1,8,0.5306666666666666,0.535,0.7675,0,0.0
2186,O1,9,0.5306666666666666,0.535,0.7675,0,0.0
2186,O1,10,0.5373333333333333,0.535,0.7675,0,0.0
2186,O1,11,0.528,0.535,0.7675,0,0.0
2186,O1,12,0.5386666666666666,0.535,0.7675,0,0.0
2186,O1,13,0.5306666666666666,0.535,0.7675,0,0.0
2186,O1,14,0.5306666666666666,0.535,0.7675,0,0.0
2186,O1,15,0.536,0.54,0.77,0,0.0
2186,O2,1,0.52,0.55,0.775,0,0.0
2186,O2,2,0.5173333333333333,0.565,0.7825,0,0.0
2186,O2,3,0.5413333333333333,0.57,0.785,0,0.0
2186,O2,4,0.5186666666666667,0.55,0.775,0,0.0
2186,O2,5,0.5226666666666666,0.54,0.77,0,0.0
2186,O2,6,0.5306666666666666,0.53,0.765,0,0.0
2186,O2,7,0.52,0.535,0.7675,0,0.0
2186,O2,8,0.5226666666666666,0.55,0.775,0,0.0
2186,O2,9,0.528,0.54,0.77,0,0.0
2186,O2,10,0.532,0.54,0.77,0,0.0
2186,O2,11,0.536,0.54,0.77,0,0.0
2186,O2,12,0.5266666666666666,0.62,0.81,0,0.0
2186,O2,13,0.5,0.545,0.7725,0,0.0
2186,O2,14,0.524,0.55,0.775,0,0.0
2186,O2,15,0.5266666666666666,0.535,0.7675,0,0.0
2186,O3,1,0.52,0.535,0.7675,0,0.0
2186,O3,2,0.524,0.535,0.7675,0,0.0
2186,O3,3,0.5226666666666666,0.535,0.7675,0,0.0
2186,O3,4,0.532,0.545,0.7725,0,0.0
2186,O3,5,0.5266666666666666,0.535,0.7675,0,0.0
2186,O3,6,0.5413333333333333,0.54,0.77,0,0.0
2186,O3,7,0.5293333333333333,0.535,0.7675,0,0.0
2186,O3,8,0.5413333333333333,0.535,0.7675,0,0.0
2186,O3,9,0.5253333333333333,0.535,0.7675,0,0.0
2186,O3,10,0.532,0.535,0.7675,0,0.0
2186,O3,11,0.528,0.535,0.7675,0,0.0
2186,O3,12,0.5373333333333333,0.535,0.7675,0,0.0
2186,O3,13,0.528,0.535,0.7675,0,0.0
2186,O3,14,0.528,0.535,0.7675,0,0.0
2186,O3,15,0.5306666666666666,0.535,0.7675,0,0.0
2186,O4,1,0.504,0.595,0.7975,0,-0.015000000000000013
2186,O4,2,0.5186666666666667,0.535,0.7675,1,0.0
2186,O4,3,0.5173333333333333,0.54,0.77,1,0.0050000000000000044
2186,O4,4,0.496,0.555,0.7775,1,0.0050000000000000044
2186,O4,5,0.5093333333333333,0.56,0.78,1,0.010000000000000009
2186,O4,6,0.5226666666666666,0.535,0.7675,1,0.0
2186,O4,7,0.5226666666666666,0.535,0.7675,1,0.0
2186,O4,8,0.5173333333333333,0.55,0.775,0,-0.0050000000000000044
2186,O4,9,0.5066666666666667,0.555,0.7775,1,0.010000000000000009
2186,O4,10,0.5066666666666667,0.56,0.78,1,0.0
2186,O4,11,0.5106666666666667,0.56,0.78,1,0.020000000000000018
2186,O4,12,0.5173333333333333,0.56,0.78,1,0.0
2186,O4,13,0.49866666666666665,0.56,0.78,1,0.0
2186,O4,14,0.5133333333333333,0.56,0.78,1,0.0
2186,O4,15,0.516,0.56,0.78,1,0.0
2186,O5R,1,0.2946666666666667,0.295,0.6475,1,0.0
2186,O5R,2,0.28933333333333333,0.295,0.6475,1,0.0
2186,O5R,3,0.2946666666666667,0.295,0.6475,1,0.0
2186,O5R,4,0.296,0.295,0.6475,1,0.0
2186,O5R,5,0.296,0.295,0.6475,1,0.0
2186,O5R,6,0.296,0.295,0.6475,1,0.0
2186,O5R,7,0.296,0.295,0.6475,1,0.0
2186,O5R,8,0.2946666666666667,0.295,0.6475,1,0.0
2186,O5R,9,0.296,0.295,0.6475,1,0.0
2186,O5R,10,0.296,0.295,0.6475,1,0.0
2186,O5R,11,0.296,0.295,0.6475,1,0.0
2186,O5R,12,0.296,0.295,0.6475,1,0.0
2186,O5R,13,0.296,0.295,0.6475,1,0.0
2186,O5R,14,0.296,0.295,0.6475,1,0.0
2186,O5R,15,0.296,0.295,0.6475,1,0.0
2223,O1,1,0.5373333333333333,0.53,0.765,0,0.0
2223,O1,2,0.5613333333333334,0.53,0.765,0,0.0
2223,O1,3,0.5453333333333333,0.53,0.765,0,0.0
2223,O1,4,0.544,0.53,0.765,0,0.0
2223,O1,5,0.5573333333333333,0.53,0.765,0,0.0
2223,O1,6,0.56,0.535,0.7675,0,0.0
2223,O1,7,0.5626666666666666,0.525,0.7625,0,0.0
2223,O1,8,0.5573333333333333,0.525,0.7625,0,0.0
2223,O1,9,0.5613333333333334,0.52,0.76,0,0.0
2223,O1,10,0.5626666666666666,0.525,0.7625,0,0.0
2223,O1,11,0.5693333333333334,0.52,0.76,0,0.0
2223,O1,12,0.5586666666666666,0.52,0.76,0,0.0
2223,O1,13,0.5586666666666666,0.525,0.7625,0,0.0
2223,O1,14,0.5626666666666666,0.52,0.76,0,0.0
2223,O1,15,0.5666666666666667,0.525,0.7625,0,0.0
2223,O2,1,0.5346666666666666,0.53,0.765,0,0.0
2223,O2,2,0.552,0.525,0.7625,0,0.0
2223,O2,3,0.5466666666666666,0.52,0.76,0,0.0
2223,O2,4,0.5626666666666666,0.525,0.7625,0,0.0
2223,O2,5,0.5533333333333333,0.52,0.76,0,0.0
2223,O2,6,0.5693333333333334,0.52,0.76,0,0.0
2223,O2,7,0.5693333333333334,0.525,0.7625,0,0.0
2223,O2,8,0.5613333333333334,0.525,0.7625,0,0.0
2223,O2,9,0.5706666666666667,0.525,0.7625,0,0.0
2223,O2,10,0.564,0.515,0.7575,0,0.0
2223,O2,11,0.5733333333333334,0.54,0.77,0,0.0
2223,O2,12,0.5666666666666667,0.54,0.77,0,0.0
2223,O2,13,0.5733333333333334,0.53,0.765,0,0.0
2223,O2,14,0.5653333333333334,0.535,0.7675,0,0.0
2223,O2,15,0.5693333333333334,0.5,0.75,0,0.0
2223,O3,1,0.5546666666666666,0.53,0.765,0,0.0
2223,O3,2,0.5453333333333333,0.53,0.765,0,0.0
2223,O3,3,0.552,0.525,0.7625,0,0.0
2223,O3,4,0.5426666666666666,0.525,0.7625,0,0.0
2223,O3,5,0.5333333333333333,0.435,0.7175,0,0.0
2223,O3,6,0.5133333333333333,0.51,0.755,0,0.0
2223,O3,7,0.556,0.53,0.765,0,0.0
2223,O3,8,0.5613333333333334,0.525,0.7625,0,0.0
2223,O3,9,0.5613333333333334,0.52,0.76,0,0.0
2223,O3,10,0.568,0.52,0.76,0,0.0
2223,O3,11,0.5733333333333334,0.52,0.76,0,0.0
2223,O3,12,0.56,0.53,0.765,0,0.0
2223,O3,13,0.5626666666666666,0.515,0.7575,0,0.0
2223,O3,14,0.5613333333333334,0.535,0.7675,0,0.0
2223,O3,15,0.5546666666666666,0.535,0.7675,0,0.0
2223,O4,1,0.544,0.53,0.765,0,-0.030000000000000027
2223,O4,2,0.5546666666666666,0.535,0.7675,1,0.010000000000000009
2223,O4,3,0.5426666666666666,0.525,0.7625,1,0.0
2223,O4,4,0.5453333333333333,0.525,0.7625,1,0.0
2223,O4,5,0.564,0.545,0.7725,1,0.0
2223,O4,6,0.5333333333333333,0.53,0.765,0,-0.0050000000000000044
2223,O4,7,0.5466666666666666,0.53,0.765,1,0.0
2223,O4,8,0.5613333333333334,0.54,0.77,0,-0.03500000000000003
2223,O4,9,0.5266666666666666,0.535,0.7675,1,0.010000000000000009
2223,O4,10,0.5546666666666666,0.54,0.77,1,0.010000000000000009
2223,O4,11,0.572,0.54,0.77,1,0.0
2223,O4,12,0.5773333333333334,0.53,0.765,1,0.0
2223,O4,13,0.5626666666666666,0.535,0.7675,0,-0.010000000000000009
2223,O4,14,0.5533333333333333,0.545,0.7725,1,0.010000000000000009
2223,O4,15,0.54,0.55,0.775,1,0.0
2223,O5R,1,0.31333333333333335,0.32,0.66,1,0.0
2223,O5R,2,0.33066666666666666,0.32,0.66,1,0.0
2223,O5R,3,0.3293333333333333,0.32,0.66,1,0.0
2223,O5R,4,0.3293333333333333,0.32,0.66,1,0.0
2223,O5R,5,0.33066666666666666,0.32,0.66,1,0.0
2223,O5R,6,0.33066666666666666,0.32,0.66,1,0.0
2223,O5R,7,0.33066666666666666,0.32,0.66,1,0.0
2223,O5R,8,0.33066666666666666,0.32,0.66,1,0.0
2223,O5R,9,0.33066666666666666,0.32,0.66,1,0.0
2223,O5R,10,0.33066666666666666,0.32,0.66,1,0.0
2223,O5R,11,0.33066666666666666,0.32,0.66,1,0.0
2223,O5R,12,0.33066666666666666,0.32,0.66,1,0.0
2223,O5R,13,0.33066666666666666,0.32,0.66,1,0.0
2223,O5R,14,0.33066666666666666,0.32,0.66,1,0.0
2223,O5R,15,0.33066666666666666,0.32,0.66,1,0.0
2260,O1,1,0.5626666666666666,0.53,0.765,0,0.0
2260,O1,2,0.544,0.605,0.8025,0,0.0
2260,O1,3,0.56,0.565,0.7825,0,0.0
2260,O1,4,0.5773333333333334,0.56,0.78,0,0.0
2260,O1,5,0.5733333333333334,0.56,0.78,0,0.0
2260,O1,6,0.572,0.57,0.785,0,0.0
2260,O1,7,0.5746666666666667,0.57,0.785,0,0.0
2260,O1,8,0.5773333333333334,0.57,0.785,0,0.0
2260,O1,9,0.5746666666666667,0.57,0.785,0,0.0
2260,O1,10,0.572,0.565,0.7825,0,0.0
2260,O1,11,0.572,0.53,0.765,0,0.0
2260,O1,12,0.544,0.56,0.78,0,0.0
2260,O1,13,0.564,0.56,0.78,0,0.0
2260,O1,14,0.5746666666666667,0.56,0.78,0,0.0
2260,O1,15,0.5733333333333334,0.56,0.78,0,0.0
2260,O2,1,0.5693333333333334,0.56,0.78,0,0.0
2260,O2,2,0.572,0.565,0.7825,0,0.0
2260,O2,3,0.5613333333333334,0.565,0.7825,0,0.0
2260,O2,4,0.5693333333333334,0.57,0.785,0,0.0
2260,O2,5,0.5866666666666667,0.57,0.785,0,0.0
2260,O2,6,0.568,0.56,0.78,0,0.0
2260,O2,7,0.5746666666666667,0.595,0.7975,0,0.0
2260,O2,8,0.5733333333333334,0.605,0.8025,0,0.0
2260,O2,9,0.576,0.54,0.77,0,0.0
2260,O2,10,0.5746666666666667,0.565,0.7825,0,0.0
2260,O2,11,0.568,0.605,0.8025,0,0.0
2260,O2,12,0.5613333333333334,0.605,0.8025,0,0.0
2260,O2,13,0.564,0.6,0.8,0,0.0
2260,O2,14,0.5773333333333334,0.555,0.7775,0,0.0
2260,O2,15,0.5813333333333334,0.565,0.7825,0,0.0
2260,O3,1,0.56,0.58,0.79,0,0.0
2260,O3,2,0.568,0.535,0.7675,0,0.0
2260,O3,3,0.56,0.575,0.7875,0,0.0
2260,O3,4,0.5586666666666666,0.36,0.68,0,0.0
2260,O3,5,0.5626666666666666,0.56,0.78,0,0.0
2260,O3,6,0.5706666666666667,0.56,0.78,0,0.0
2260,O3,7,0.576,0.585,0.7925,0,0.0
2260,O3,8,0.56,0.56,0.78,0,0.0
2260,O3,9,0.5666666666666667,0.56,0.78,0,0.0
2260,O3,10,0.572,0.55,0.775,0,0.0
2260,O3,11,0.564,0.56,0.78,0,0.0
2260,O3,12,0.5813333333333334,0.565,0.7825,0,0.0
2260,O3,13,0.5733333333333334,0.56,0.78,0,0.0
2260,O3,14,0.5773333333333334,0.56,0.78,0,0.0
2260,O3,15,0.584,0.57,0.785,0,0.0
2260,O4,1,0.548,0.59,0.795,1,0.015000000000000013
2260,O4,2,0.564,0.535,0.7675,1,0.010000000000000009
2260,O4,3,0.5773333333333334,0.61,0.805,1,0.0
2260,O4,4,0.564,0.56,0.78,0,-0.040000000000000036
2260,O4,5,0.5693333333333334,0.61,0.805,1,0.0050000000000000044
2260,O4,6,0.544,0.61,0.805,1,0.0
2260,O4,7,0.568,0.53,0.765,0,-0.03500000000000003
2260,O4,8,0.5506666666666666,0.565,0.7825,1,0.019999999999999907
2260,O4,9,0.5653333333333334,0.565,0.7825,1,0.004999999999999893
2260,O4,10,0.568,0.565,0.7825,1,0.014999999999999902
2260,O4,11,0.5666666666666667,0.54,0.77,1,0.0
2260,O4,12,0.568,0.54,0.77,0,-0.0050000000000000044
2260,O4,13,0.5746666666666667,0.56,0.78,0,-0.010000000000000009
2260,O4,14,0.572,0.545,0.7725,0,-0.0050000000000000044
2260,O4,15,0.5626666666666666,0.56,0.78,1,0.0
2260,O5R,1,0.3333333333333333,0.315,0.6575,1,0.0
2260,O5R,2,0.33066666666666666,0.315,0.6575,1,0.0
2260,O5R,3,0.33466666666666667,0.315,0.6575,1,0.0
2260,O5R,4,0.33466666666666667,0.315,0.6575,1,0.0
2260,O5R,5,0.3373333333333333,0.315,0.6575,1,0.0
2260,O5R,6,0.3373333333333333,0.315,0.6575,1,0.0
2260,O5R,7,0.3373333333333333,0.315,0.6575,1,0.0
2260,O5R,8,0.3373333333333333,0.315,0.6575,1,0.0
2260,O5R,9,0.34,0.315,0.6575,1,0.0
2260,O5R,10,0.332,0.315,0.6575,1,0.0
2260,O5R,11,0.336,0.315,0.6575,1,0.0
2260,O5R,12,0.3373333333333333,0.315,0.6575,1,0.0
2260,O5R,13,0.3373333333333333,0.315,0.6575,1,0.0
2260,O5R,14,0.3373333333333333,0.315,0.6575,1,0.0
2260,O5R,15,0.3373333333333333,0.315,0.6575,1,0.0
2297,O1,1,0.5573333333333333,0.465,0.7325,0,0.0
2297,O1,2,0.5333333333333333,0.51,0.755,0,0.0
2297,O1,3,0.5573333333333333,0.51,0.755,0,0.0
2297,O1,4,0.5586666666666666,0.505,0.7525,0,0.0
2297,O1,5,0.556,0.48,0.74,0,0.0
2297,O1,6,0.576,0.52,0.76,0,0.0
2297,O1,7,0.5613333333333334,0.51,0.755,0,0.0
2297,O1,8,0.5706666666666667,0.51,0.755,0,0.0
2297,O1,9,0.5666666666666667,0.51,0.755,0,0.0
2297,O1,10,0.5626666666666666,0.525,0.7625,0,0.0
2297,O1,11,0.576,0.5,0.75,0,0.0
2297,O1,12,0.5586666666666666,0.52,0.76,0,0.0
2297,O1,13,0.5746666666666667,0.525,0.7625,0,0.0
2297,O1,14,0.5666666666666667,0.51,0.755,0,0.0
2297,O1,15,0.5773333333333334,0.5,0.75,0,0.0
2297,O2,1,0.544,0.515,0.7575,0,0.0
2297,O2,2,0.5493333333333333,0.475,0.7375,0,0.0
2297,O2,3,0.5573333333333333,0.49,0.745,0,0.0
2297,O2,4,0.5666666666666667,0.475,0.7375,0,0.0
2297,O2,5,0.5666666666666667,0.48,0.74,0,0.0
2297,O2,6,0.5506666666666666,0.5,0.75,0,0.0
2297,O2,7,0.552,0.475,0.7375,0,0.0
2297,O2,8,0.5613333333333334,0.47,0.735,0,0.0
2297,O2,9,0.5493333333333333,0.48,0.74,0,0.0
2297,O2,10,0.5693333333333334,0.505,0.7525,0,0.0
2297,O2,11,0.5493333333333333,0.47,0.735,0,0.0
2297,O2,12,0.5573333333333333,0.53,0.765,0,0.0
2297,O2,13,0.568,0.525,0.7625,0,0.0
2297,O2,14,0.58,0.53,0.765,0,0.0
2297,O2,15,0.568,0.52,0.76,0,0.0
2297,O3,1,0.536,0.505,0.7525,0,0.0
2297,O3,2,0.5786666666666667,0.51,0.755,0,0.0
2297,O3,3,0.5426666666666666,0.51,0.755,0,0.0
2297,O3,4,0.544,0.53,0.765,0,0.0
2297,O3,5,0.548,0.515,0.7575,0,0.0
2297,O3,6,0.552,0.52,0.76,0,0.0
2297,O3,7,0.5666666666666667,0.52,0.76,0,0.0
2297,O3,8,0.5626666666666666,0.52,0.76,0,0.0
2297,O3,9,0.56,0.52,0.76,0,0.0
2297,O3,10,0.564,0.52,0.76,0,0.0
2297,O3,11,0.5666666666666667,0.52,0.76,0,0.0
2297,O3,12,0.5666666666666667,0.52,0.76,0,0.0
2297,O3,13,0.5626666666666666,0.52,0.76,0,0.0
2297,O3,14,0.564,0.52,0.76,0,0.0
2297,O3,15,0.5813333333333334,0.5,0.75,0,0.0
2297,O4,1,0.5373333333333333,0.535,0.7675,1,0.050000000000000044
2297,O4,2,0.5213333333333333,0.515,0.7575,1,0.0
2297,O4,3,0.5506666666666666,0.515,0.7575,1,0.0
2297,O4,4,0.5573333333333333,0.49,0.745,0,-0.020000000000000018
2297,O4,5,0.5426666666666666,0.475,0.7375,1,0.0
2297,O4,6,0.5426666666666666,0.48,0.74,0,-0.014999999999999958
2297,O4,7,0.5613333333333334,0.485,0.7425,0,-0.019999999999999962
2297,O4,8,0.56,0.485,0.7425,0,-0.0050000000000000044
2297,O4,9,0.548,0.48,0.74,1,0.0
2297,O4,10,0.56,0.51,0.755,1,0.020000000000000018
2297,O4,11,0.5546666666666666,0.48,0.74,0,-0.014999999999999958
2297,O4,12,0.5586666666666666,0.53,0.765,1,0.020000000000000018
2297,O4,13,0.5573333333333333,0.485,0.7425,1,0.0
2297,O4,14,0.5466666666666666,0.51,0.755,1,0.0
2297,O4,15,0.5466666666666666,0.53,0.765,1,0.0
2297,O5R,1,0.31866666666666665,0.33,0.665,1,0.0
2297,O5R,2,0.308,0.33,0.665,1,0.0
2297,O5R,3,0.31866666666666665,0.33,0.665,1,0.0
2297,O5R,4,0.31466666666666665,0.33,0.665,1,0.0
2297,O5R,5,0.31466666666666665,0.33,0.665,1,0.0
2297,O5R,6,0.31733333333333336,0.33,0.665,1,0.0
2297,O5R,7,0.31866666666666665,0.33,0.665,1,0.0
2297,O5R,8,0.31866666666666665,0.33,0.665,1,0.0
2297,O5R,9,0.31866666666666665,0.33,0.665,1,0.0
2297,O5R,10,0.31866666666666665,0.33,0.665,1,0.0
2297,O5R,11,0.32,0.33,0.665,1,0.0
2297,O5R,12,0.31733333333333336,0.33,0.665,1,0.0
2297,O5R,13,0.31866666666666665,0.33,0.665,1,0.0
2297,O5R,14,0.31733333333333336,0.33,0.665,1,0.0
2297,O5R,15,0.31866666666666665,0.33,0.665,1,0.0
2334,O1,1,0.5186666666666667,0.55,0.775,0,0.0
2334,O1,2,0.5346666666666666,0.55,0.775,0,0.0
2334,O1,3,0.5386666666666666,0.545,0.7725,0,0.0
2334,O1,4,0.5333333333333333,0.535,0.7675,0,0.0
2334,O1,5,0.536,0.53,0.765,0,0.0
2334,O1,6,0.5333333333333333,0.565,0.7825,0,0.0
2334,O1,7,0.5266666666666666,0.515,0.7575,0,0.0
2334,O1,8,0.5386666666666666,0.525,0.7625,0,0.0
2334,O1,9,0.5506666666666666,0.55,0.775,0,0.0
2334,O1,10,0.5306666666666666,0.535,0.7675,0,0.0
2334,O1,11,0.5386666666666666,0.535,0.7675,0,0.0
2334,O1,12,0.5373333333333333,0.515,0.7575,0,0.0
2334,O1,13,0.5426666666666666,0.51,0.755,0,0.0
2334,O1,14,0.5386666666666666,0.51,0.755,0,0.0
2334,O1,15,0.532,0.525,0.7625,0,0.0
2334,O2,1,0.5093333333333333,0.555,0.7775,0,0.0
2334,O2,2,0.508,0.56,0.78,0,0.0
2334,O2,3,0.5133333333333333,0.545,0.7725,0,0.0
2334,O2,4,0.536,0.55,0.775,0,0.0
2334,O2,5,0.52,0.54,0.77,0,0.0
2334,O2,6,0.5306666666666666,0.535,0.7675,0,0.0
2334,O2,7,0.5546666666666666,0.53,0.765,0,0.0
2334,O2,8,0.552,0.525,0.7625,0,0.0
2334,O2,9,0.5346666666666666,0.515,0.7575,0,0.0
2334,O2,10,0.536,0.545,0.7725,0,0.0
2334,O2,11,0.536,0.545,0.7725,0,0.0
2334,O2,12,0.54,0.55,0.775,0,0.0
2334,O2,13,0.5386666666666666,0.555,0.7775,0,0.0
2334,O2,14,0.5333333333333333,0.55,0.775,0,0.0
2334,O2,15,0.5373333333333333,0.55,0.775,0,0.0
2334,O3,1,0.5133333333333333,0.56,0.78,0,0.0
2334,O3,2,0.5266666666666666,0.53,0.765,0,0.0
2334,O3,3,0.5213333333333333,0.55,0.775,0,0.0
2334,O3,4,0.5133333333333333,0.555,0.7775,0,0.0
2334,O3,5,0.5306666666666666,0.55,0.775,0,0.0
2334,O3,6,0.5226666666666666,0.555,0.7775,0,0.0
2334,O3,7,0.5413333333333333,0.525,0.7625,0,0.0
2334,O3,8,0.5186666666666667,0.435,0.7175,0,0.0
2334,O3,9,0.5026666666666667,0.51,0.755,0,0.0
2334,O3,10,0.5306666666666666,0.5,0.75,0,0.0
2334,O3,11,0.5373333333333333,0.51,0.755,0,0.0
2334,O3,12,0.5173333333333333,0.54,0.77,0,0.0
2334,O3,13,0.5213333333333333,0.545,0.7725,0,0.0
2334,O3,14,0.5386666666666666,0.555,0.7775,0,0.0
2334,O3,15,0.532,0.545,0.7725,0,0.0
2334,O4,1,0.5146666666666667,0.56,0.78,1,0.010000000000000009
2334,O4,2,0.49333333333333335,0.565,0.7825,1,0.0
2334,O4,3,0.516,0.56,0.78,1,0.0050000000000000044
2334,O4,4,0.5066666666666667,0.56,0.78,1,0.0
2334,O4,5,0.5093333333333333,0.545,0.7725,1,0.0
2334,O4,6,0.5426666666666666,0.56,0.78,0,-0.015000000000000013
2334,O4,7,0.5453333333333333,0.54,0.77,1,0.0
2334,O4,8,0.508,0.56,0.78,1,0.0
2334,O4,9,0.5066666666666667,0.55,0.775,1,0.0050000000000000044
2334,O4,10,0.5213333333333333,0.515,0.7575,0,-0.0050000000000000044
2334,O4,11,0.5293333333333333,0.525,0.7625,1,0.0
2334,O4,12,0.5266666666666666,0.525,0.7625,1,0.015000000000000013
2334,O4,13,0.536,0.535,0.7675,1,0.0
2334,O4,14,0.5453333333333333,0.535,0.7675,1,0.010000000000000009
2334,O4,15,0.5333333333333333,0.53,0.765,1,0.0050000000000000044
2334,O5R,1,0.312,0.37,0.685,1,0.0
2334,O5R,2,0.3,0.37,0.685,1,0.0
2334,O5R,3,0.312,0.37,0.685,1,0.0
2334,O5R,4,0.30933333333333335,0.37,0.685,1,0.0
2334,O5R,5,0.31333333333333335,0.37,0.685,1,0.0
2334,O5R,6,0.31333333333333335,0.37,0.685,1,0.0
2334,O5R,7,0.312,0.37,0.685,1,0.0
2334,O5R,8,0.31333333333333335,0.37,0.685,1,0.0
2334,O5R,9,0.316,0.37,0.685,1,0.0
2334,O5R,10,0.31066666666666665,0.37,0.685,1,0.0
2334,O5R,11,0.312,0.37,0.685,1,0.0
2334,O5R,12,0.312,0.37,0.685,1,0.0
2334,O5R,13,0.31333333333333335,0.37,0.685,1,0.0
2334,O5R,14,0.30933333333333335,0.37,0.685,1,0.0
2334,O5R,15,0.31333333333333335,0.37,0.685,1,0.0
2371,O1,1,0.48,0.575,0.7875,0,0.0
2371,O1,2,0.476,0.58,0.79,0,0.0
2371,O1,3,0.48533333333333334,0.59,0.795,0,0.0
2371,O1,4,0.484,0.59,0.795,0,0.0
2371,O1,5,0.484,0.585,0.7925,0,0.0
2371,O1,6,0.5,0.59,0.795,0,0.0
2371,O1,7,0.4866666666666667,0.585,0.7925,0,0.0
2371,O1,8,0.5026666666666667,0.61,0.805,0,0.0
2371,O1,9,0.5013333333333333,0.605,0.8025,0,0.0
2371,O1,10,0.504,0.6,0.8,0,0.0
2371,O1,11,0.5026666666666667,0.605,0.8025,0,0.0
2371,O1,12,0.48933333333333334,0.6,0.8,0,0.0
2371,O1,13,0.49333333333333335,0.595,0.7975,0,0.0
2371,O1,14,0.504,0.6,0.8,0,0.0
2371,O1,15,0.49333333333333335,0.6,0.8,0,0.0
2371,O2,1,0.4866666666666667,0.57,0.785,0,0.0
2371,O2,2,0.48133333333333334,0.55,0.775,0,0.0
2371,O2,3,0.48533333333333334,0.56,0.78,0,0.0
2371,O2,4,0.4653333333333333,0.56,0.78,0,0.0
2371,O2,5,0.496,0.56,0.78,0,0.0
2371,O2,6,0.49333333333333335,0.58,0.79,0,0.0
2371,O2,7,0.49466666666666664,0.57,0.785,0,0.0
2371,O2,8,0.49733333333333335,0.59,0.795,0,0.0
2371,O2,9,0.49733333333333335,0.58,0.79,0,0.0
2371,O2,10,0.49866666666666665,0.58,0.79,0,0.0
2371,O2,11,0.49866666666666665,0.58,0.79,0,0.0
2371,O2,12,0.49733333333333335,0.59,0.795,0,0.0
2371,O2,13,0.5013333333333333,0.575,0.7875,0,0.0
2371,O2,14,0.49733333333333335,0.595,0.7975,0,0.0
2371,O2,15,0.5013333333333333,0.59,0.795,0,0.0
2371,O3,1,0.46266666666666667,0.56,0.78,0,0.0
2371,O3,2,0.48933333333333334,0.59,0.795,0,0.0
2371,O3,3,0.48933333333333334,0.59,0.795,0,0.0
2371,O3,4,0.5013333333333333,0.585,0.7925,0,0.0
2371,O3,5,0.48133333333333334,0.59,0.795,0,0.0
2371,O3,6,0.49466666666666664,0.58,0.79,0,0.0
2371,O3,7,0.49466666666666664,0.585,0.7925,0,0.0
2371,O3,8,0.49466666666666664,0.58,0.79,0,0.0
2371,O3,9,0.504,0.605,0.8025,0,0.0
2371,O3,10,0.49866666666666665,0.605,0.8025,0,0.0
2371,O3,11,0.512,0.59,0.795,0,0.0
2371,O3,12,0.5013333333333333,0.585,0.7925,0,0.0
2371,O3,13,0.512,0.565,0.7825,0,0.0
2371,O3,14,0.5213333333333333,0.565,0.7825,0,0.0
2371,O3,15,0.5213333333333333,0.565,0.7825,0,0.0
2371,O4,1,0.4693333333333333,0.56,0.78,0,-0.040000000000000036
2371,O4,2,0.3973333333333333,0.56,0.78,1,0.0
2371,O4,3,0.47733333333333333,0.56,0.78,1,0.020000000000000018
2371,O4,4,0.472,0.535,0.7675,0,-0.0050000000000000044
2371,O4,5,0.4706666666666667,0.56,0.78,0,-0.025000000000000022
2371,O4,6,0.472,0.59,0.795,1,0.0050000000000000044
2371,O4,7,0.4866666666666667,0.59,0.795,1,0.0
2371,O4,8,0.4826666666666667,0.585,0.7925,1,0.010000000000000009
2371,O4,9,0.492,0.6,0.8,1,0.0
2371,O4,10,0.49866666666666665,0.6,0.8,1,0.0
2371,O4,11,0.5133333333333333,0.59,0.795,1,0.0
2371,O4,12,0.504,0.595,0.7975,1,0.0
2371,O4,13,0.5013333333333333,0.58,0.79,1,0.0
2371,O4,14,0.496,0.58,0.79,1,0.0
2371,O4,15,0.49733333333333335,0.59,0.795,1,0.0
2371,O5R,1,0.25066666666666665,0.315,0.6575,1,0.0
2371,O5R,2,0.264,0.315,0.6575,1,0.0
2371,O5R,3,0.268,0.315,0.6575,1,0.0
2371,O5R,4,0.2613333333333333,0.315,0.6575,1,0.0
2371,O5R,5,0.2653333333333333,0.315,0.6575,1,0.0
2371,O5R,6,0.26666666666666666,0.315,0.6575,1,0.0
2371,O5R,7,0.26666666666666666,0.315,0.6575,1,0.0
2371,O5R,8,0.26666666666666666,0.315,0.6575,1,0.0
2371,O5R,9,0.26666666666666666,0.315,0.6575,1,0.0
2371,O5R,10,0.2653333333333333,0.315,0.6575,1,0.0
2371,O5R,11,0.26666666666666666,0.315,0.6575,1,0.0
2371,O5R,12,0.26666666666666666,0.315,0.6575,1,0.0
2371,O5R,13,0.26666666666666666,0.315,0.6575,1,0.0
2371,O5R,14,0.26666666666666666,0.315,0.6575,1,0.0
2371,O5R,15,0.26666666666666666,0.315,0.6575,1,0.0
2408,O1,1,0.512,0.545,0.7725,0,0.0
2408,O1,2,0.5213333333333333,0.56,0.78,0,0.0
2408,O1,3,0.49466666666666664,0.545,0.7725,0,0.0
2408,O1,4,0.5053333333333333,0.555,0.7775,0,0.0
2408,O1,5,0.5106666666666667,0.545,0.7725,0,0.0
2408,O1,6,0.5013333333333333,0.545,0.7725,0,0.0
2408,O1,7,0.5026666666666667,0.565,0.7825,0,0.0
2408,O1,8,0.528,0.53,0.765,0,0.0
2408,O1,9,0.536,0.545,0.7725,0,0.0
2408,O1,10,0.5253333333333333,0.545,0.7725,0,0.0
2408,O1,11,0.54,0.545,0.7725,0,0.0
2408,O1,12,0.5093333333333333,0.55,0.775,0,0.0
2408,O1,13,0.5186666666666667,0.54,0.77,0,0.0
2408,O1,14,0.5213333333333333,0.55,0.775,0,0.0
2408,O1,15,0.512,0.54,0.77,0,0.0
2408,O2,1,0.5213333333333333,0.55,0.775,0,0.0
2408,O2,2,0.5306666666666666,0.555,0.7775,0,0.0
2408,O2,3,0.5186666666666667,0.55,0.775,0,0.0
2408,O2,4,0.5466666666666666,0.545,0.7725,0,0.0
2408,O2,5,0.5373333333333333,0.545,0.7725,0,0.0
2408,O2,6,0.5373333333333333,0.525,0.7625,0,0.0
2408,O2,7,0.5333333333333333,0.38,0.69,0,0.0
2408,O2,8,0.488,0.54,0.77,0,0.0
2408,O2,9,0.5373333333333333,0.555,0.7775,0,0.0
2408,O2,10,0.5413333333333333,0.54,0.77,0,0.0
2408,O2,11,0.5533333333333333,0.555,0.7775,0,0.0
2408,O2,12,0.5213333333333333,0.555,0.7775,0,0.0
2408,O2,13,0.54,0.55,0.775,0,0.0
2408,O2,14,0.5506666666666666,0.55,0.775,0,0.0
2408,O2,15,0.5413333333333333,0.56,0.78,0,0.0
2408,O3,1,0.5266666666666666,0.545,0.7725,0,0.0
2408,O3,2,0.5093333333333333,0.55,0.775,0,0.0
2408,O3,3,0.5253333333333333,0.56,0.78,0,0.0
2408,O3,4,0.5093333333333333,0.56,0.78,0,0.0
2408,O3,5,0.508,0.545,0.7725,0,0.0
2408,O3,6,0.5146666666666667,0.545,0.7725,0,0.0
2408,O3,7,0.5186666666666667,0.54,0.77,0,0.0
2408,O3,8,0.5186666666666667,0.53,0.765,0,0.0
2408,O3,9,0.5266666666666666,0.54,0.77,0,0.0
2408,O3,10,0.5253333333333333,0.525,0.7625,0,0.0
2408,O3,11,0.49466666666666664,0.545,0.7725,0,0.0
2408,O3,12,0.5173333333333333,0.545,0.7725,0,0.0
2408,O3,13,0.5213333333333333,0.56,0.78,0,0.0
2408,O3,14,0.504,0.54,0.77,0,0.0
2408,O3,15,0.512,0.545,0.7725,0,0.0
2408,O4,1,0.504,0.56,0.78,0,-0.0050000000000000044
2408,O4,2,0.524,0.54,0.77,1,0.0
2408,O4,3,0.5053333333333333,0.555,0.7775,0,-0.0050000000000000044
2408,O4,4,0.524,0.56,0.78,0,-0.010000000000000009
2408,O4,5,0.5173333333333333,0.54,0.77,1,0.0
2408,O4,6,0.5253333333333333,0.54,0.77,0,-0.0050000000000000044
2408,O4,7,0.5146666666666667,0.555,0.7775,0,-0.015000000000000013
2408,O4,8,0.524,0.545,0.7725,1,0.0
2408,O4,9,0.52,0.54,0.77,0,-0.16000000000000003
2408,O4,10,0.528,0.54,0.77,0,-0.015000000000000013
2408,O4,11,0.5266666666666666,0.545,0.7725,1,0.020000000000000018
2408,O4,12,0.5333333333333333,0.55,0.775,1,0.010000000000000009
2408,O4,13,0.504,0.545,0.7725,0,-0.0050000000000000044
2408,O4,14,0.536,0.54,0.77,1,0.0
2408,O4,15,0.5413333333333333,0.54,0.77,1,0.0
2408,O5R,1,0.30533333333333335,0.27,0.635,1,0.0
2408,O5R,2,0.292,0.27,0.635,1,0.0
2408,O5R,3,0.30533333333333335,0.27,0.635,1,0.0
2408,O5R,4,0.30666666666666664,0.27,0.635,1,0.0
2408,O5R,5,0.30533333333333335,0.27,0.635,1,0.0
2408,O5R,6,0.304,0.27,0.635,1,0.0
2408,O5R,7,0.30533333333333335,0.27,0.635,1,0.0
2408,O5R,8,0.30533333333333335,0.27,0.635,1,0.0
2408,O5R,9,0.30533333333333335,0.27,0.635,1,0.0
2408,O5R,10,0.30533333333333335,0.27,0.635,1,0.0
2408,O5R,11,0.30266666666666664,0.27,0.635,1,0.0
2408,O5R,12,0.30533333333333335,0.27,0.635,1,0.0
2408,O5R,13,0.30533333333333335,0.27,0.635,1,0.0
2408,O5R,14,0.30666666666666664,0.27,0.635,1,0.0
2408,O5R,15,0.304,0.27,0.635,1,0.0
2445,O1,1,0.5266666666666666,0.535,0.7675,0,0.0
2445,O1,2,0.5413333333333333,0.535,0.7675,0,0.0
2445,O1,3,0.436,0.53,0.765,0,0.0
2445,O1,4,0.49066666666666664,0.54,0.77,0,0.0
2445,O1,5,0.5466666666666666,0.54,0.77,0,0.0
2445,O1,6,0.5493333333333333,0.54,0.77,0,0.0
2445,O1,7,0.54,0.54,0.77,0,0.0
2445,O1,8,0.5413333333333333,0.55,0.775,0,0.0
2445,O1,9,0.5453333333333333,0.54,0.77,0,0.0
2445,O1,10,0.548,0.54,0.77,0,0.0
2445,O1,11,0.5493333333333333,0.54,0.77,0,0.0
2445,O1,12,0.548,0.54,0.77,0,0.0
2445,O1,13,0.5506666666666666,0.54,0.77,0,0.0
2445,O1,14,0.5506666666666666,0.54,0.77,0,0.0
2445,O1,15,0.548,0.54,0.77,0,0.0
2445,O2,1,0.5266666666666666,0.54,0.77,0,0.0
2445,O2,2,0.5413333333333333,0.54,0.77,0,0.0
2445,O2,3,0.5226666666666666,0.535,0.7675,0,0.0
2445,O2,4,0.5373333333333333,0.55,0.775,0,0.0
2445,O2,5,0.536,0.54,0.77,0,0.0
2445,O2,6,0.5493333333333333,0.54,0.77,0,0.0
2445,O2,7,0.552,0.545,0.7725,0,0.0
2445,O2,8,0.548,0.54,0.77,0,0.0
2445,O2,9,0.544,0.545,0.7725,0,0.0
2445,O2,10,0.5466666666666666,0.54,0.77,0,0.0
2445,O2,11,0.548,0.54,0.77,0,0.0
2445,O2,12,0.544,0.54,0.77,0,0.0
2445,O2,13,0.552,0.54,0.77,0,0.0
2445,O2,14,0.552,0.54,0.77,0,0.0
2445,O2,15,0.5466666666666666,0.54,0.77,0,0.0
2445,O3,1,0.5213333333333333,0.555,0.7775,0,0.0
2445,O3,2,0.5266666666666666,0.55,0.775,0,0.0
2445,O3,3,0.5333333333333333,0.545,0.7725,0,0.0
2445,O3,4,0.5186666666666667,0.55,0.775,0,0.0
2445,O3,5,0.5293333333333333,0.55,0.775,0,0.0
2445,O3,6,0.536,0.545,0.7725,0,0.0
2445,O3,7,0.528,0.55,0.775,0,0.0
2445,O3,8,0.5306666666666666,0.55,0.775,0,0.0
2445,O3,9,0.5186666666666667,0.55,0.775,0,0.0
2445,O3,10,0.5346666666666666,0.545,0.7725,0,0.0
2445,O3,11,0.5413333333333333,0.545,0.7725,0,0.0
2445,O3,12,0.5386666666666666,0.545,0.7725,0,0.0
2445,O3,13,0.5373333333333333,0.545,0.7725,0,0.0
2445,O3,14,0.5333333333333333,0.545,0.7725,0,0.0
2445,O3,15,0.5306666666666666,0.545,0.7725,0,0.0
2445,O4,1,0.512,0.55,0.775,1,0.0
2445,O4,2,0.5213333333333333,0.555,0.7775,1,0.0
2445,O4,3,0.52,0.555,0.7775,1,0.0
2445,O4,4,0.508,0.55,0.775,1,0.0
2445,O4,5,0.5306666666666666,0.55,0.775,1,0.0
2445,O4,6,0.532,0.52,0.76,0,-0.010000000000000009
2445,O4,7,0.5186666666666667,0.52,0.76,1,0.0
2445,O4,8,0.5173333333333333,0.555,0.7775,0,-0.015000000000000013
2445,O4,9,0.5293333333333333,0.54,0.77,1,0.0
2445,O4,10,0.5333333333333333,0.545,0.7725,1,0.0050000000000000044
2445,O4,11,0.552,0.54,0.77,1,0.0
2445,O4,12,0.5453333333333333,0.54,0.77,1,0.0
2445,O4,13,0.5426666666666666,0.545,0.7725,1,0.0050000000000000044
2445,O4,14,0.5413333333333333,0.54,0.77,1,0.0
2445,O4,15,0.5493333333333333,0.54,0.77,1,0.0
2445,O5R,1,0.25333333333333335,0.275,0.6375,1,0.0
2445,O5R,2,0.24933333333333332,0.275,0.6375,1,0.0
2445,O5R,3,0.25333333333333335,0.275,0.6375,1,0.0
2445,O5R,4,0.24666666666666667,0.275,0.6375,1,0.0
2445,O5R,5,0.252,0.275,0.6375,1,0.0
2445,O5R,6,0.256,0.275,0.6375,1,0.0
2445,O5R,7,0.25466666666666665,0.275,0.6375,1,0.0
2445,O5R,8,0.256,0.275,0.6375,1,0.0
2445,O5R,9,0.25466666666666665,0.275,0.6375,1,0.0
2445,O5R,10,0.256,0.275,0.6375,1,0.0
2445,O5R,11,0.256,0.275,0.6375,1,0.0
2445,O5R,12,0.256,0.275,0.6375,1,0.0
2445,O5R,13,0.25466666666666665,0.275,0.6375,1,0.0
2445,O5R,14,0.256,0.275,0.6375,1,0.0
2445,O5R,15,0.256,0.275,0.6375,1,0.0
2482,O1,1,0.5186666666666667,0.385,0.6925,0,0.0
2482,O1,2,0.4533333333333333,0.46,0.73,0,0.0
2482,O1,3,0.49733333333333335,0.46,0.73,0,0.0
2482,O1,4,0.5186666666666667,0.46,0.73,0,0.0
2482,O1,5,0.5186666666666667,0.475,0.7375,0,0.0
2482,O1,6,0.5213333333333333,0.475,0.7375,0,0.0
2482,O1,7,0.5266666666666666,0.49,0.745,0,0.0
2482,O1,8,0.5333333333333333,0.485,0.7425,0,0.0
2482,O1,9,0.5173333333333333,0.495,0.7475,0,0.0
2482,O1,10,0.5346666666666666,0.495,0.7475,0,0.0
2482,O1,11,0.5373333333333333,0.485,0.7425,0,0.0
2482,O1,12,0.5306666666666666,0.495,0.7475,0,0.0
2482,O1,13,0.54,0.495,0.7475,0,0.0
2482,O1,14,0.544,0.495,0.7475,0,0.0
2482,O1,15,0.5346666666666666,0.5,0.75,0,0.0
2482,O2,1,0.512,0.465,0.7325,0,0.0
2482,O2,2,0.504,0.465,0.7325,0,0.0
2482,O2,3,0.49733333333333335,0.475,0.7375,0,0.0
2482,O2,4,0.5133333333333333,0.47,0.735,0,0.0
2482,O2,5,0.5173333333333333,0.475,0.7375,0,0.0
2482,O2,6,0.5253333333333333,0.475,0.7375,0,0.0
2482,O2,7,0.532,0.49,0.745,0,0.0
2482,O2,8,0.54,0.49,0.745,0,0.0
2482,O2,9,0.5333333333333333,0.49,0.745,0,0.0
2482,O2,10,0.544,0.51,0.755,0,0.0
2482,O2,11,0.5253333333333333,0.5,0.75,0,0.0
2482,O2,12,0.5386666666666666,0.5,0.75,0,0.0
2482,O2,13,0.548,0.5,0.75,0,0.0
2482,O2,14,0.552,0.5,0.75,0,0.0
2482,O2,15,0.548,0.5,0.75,0,0.0
2482,O3,1,0.5066666666666667,0.46,0.73,0,0.0
2482,O3,2,0.5146666666666667,0.48,0.74,0,0.0
2482,O3,3,0.5293333333333333,0.48,0.74,0,0.0
2482,O3,4,0.52,0.475,0.7375,0,0.0
2482,O3,5,0.5266666666666666,0.47,0.735,0,0.0
2482,O3,6,0.532,0.495,0.7475,0,0.0
2482,O3,7,0.5426666666666666,0.51,0.755,0,0.0
2482,O3,8,0.5426666666666666,0.495,0.7475,0,0.0
2482,O3,9,0.536,0.5,0.75,0,0.0
2482,O3,10,0.5413333333333333,0.49,0.745,0,0.0
2482,O3,11,0.524,0.51,0.755,0,0.0
2482,O3,12,0.544,0.51,0.755,0,0.0
2482,O3,13,0.5413333333333333,0.51,0.755,0,0.0
2482,O3,14,0.5413333333333333,0.51,0.755,0,0.0
2482,O3,15,0.54,0.49,0.745,0,0.0
2482,O4,1,0.5026666666666667,0.475,0.7375,1,0.0050000000000000044
2482,O4,2,0.512,0.475,0.7375,0,-0.014999999999999958
2482,O4,3,0.536,0.48,0.74,1,0.0050000000000000044
2482,O4,4,0.5306666666666666,0.505,0.7525,1,0.010000000000000009
2482,O4,5,0.5066666666666667,0.49,0.745,1,0.0
2482,O4,6,0.524,0.49,0.745,1,0.0
2482,O4,7,0.5213333333333333,0.5,0.75,1,0.0
2482,O4,8,0.52,0.5,0.75,1,0.0050000000000000044
2482,O4,9,0.536,0.51,0.755,1,0.0
2482,O4,10,0.5386666666666666,0.5,0.75,0,-0.0050000000000000044
2482,O4,11,0.5346666666666666,0.5,0.75,1,0.010000000000000009
2482,O4,12,0.5386666666666666,0.515,0.7575,0,-0.0050000000000000044
2482,O4,13,0.5386666666666666,0.51,0.755,1,0.0
2482,O4,14,0.528,0.48,0.74,1,0.0
2482,O4,15,0.5386666666666666,0.51,0.755,1,0.0
2482,O5R,1,0.312,0.27,0.635,1,0.0
2482,O5R,2,0.32,0.27,0.635,1,0.0
2482,O5R,3,0.324,0.27,0.635,1,0.0
2482,O5R,4,0.324,0.27,0.635,1,0.0
2482,O5R,5,0.32133333333333336,0.27,0.635,1,0.0
2482,O5R,6,0.32266666666666666,0.27,0.635,1,0.0
2482,O5R,7,0.324,0.27,0.635,1,0.0
2482,O5R,8,0.324,0.27,0.635,1,0.0
2482,O5R,9,0.324,0.27,0.635,1,0.0
2482,O5R,10,0.324,0.27,0.635,1,0.0
2482,O5R,11,0.324,0.27,0.635,1,0.0
2482,O5R,12,0.324,0.27,0.635,1,0.0
2482,O5R,13,0.324,0.27,0.635,1,0.0
2482,O5R,14,0.324,0.27,0.635,1,0.0
2482,O5R,15,0.324,0.27,0.635,1,0.0
2519,O1,1,0.47733333333333333,0.505,0.7525,0,0.0
2519,O1,2,0.4786666666666667,0.535,0.7675,0,0.0
2519,O1,3,0.49866666666666665,0.55,0.775,0,0.0
2519,O1,4,0.484,0.51,0.755,0,0.0
2519,O1,5,0.5066666666666667,0.56,0.78,0,0.0
2519,O1,6,0.516,0.57,0.785,0,0.0
2519,O1,7,0.5226666666666666,0.57,0.785,0,0.0
2519,O1,8,0.5386666666666666,0.51,0.755,0,0.0
2519,O1,9,0.48133333333333334,0.535,0.7675,0,0.0
2519,O1,10,0.504,0.545,0.7725,0,0.0
2519,O1,11,0.5173333333333333,0.54,0.77,0,0.0
2519,O1,12,0.52,0.55,0.775,0,0.0
2519,O1,13,0.52,0.56,0.78,0,0.0
2519,O1,14,0.5133333333333333,0.57,0.785,0,0.0
2519,O1,15,0.5106666666666667,0.565,0.7825,0,0.0
2519,O2,1,0.5,0.575,0.7875,0,0.0
2519,O2,2,0.516,0.58,0.79,0,0.0
2519,O2,3,0.49333333333333335,0.57,0.785,0,0.0
2519,O2,4,0.49066666666666664,0.56,0.78,0,0.0
2519,O2,5,0.5106666666666667,0.575,0.7875,0,0.0
2519,O2,6,0.5266666666666666,0.57,0.785,0,0.0
2519,O2,7,0.5106666666666667,0.575,0.7875,0,0.0
2519,O2,8,0.5253333333333333,0.575,0.7875,0,0.0
2519,O2,9,0.464,0.395,0.6975,0,0.0
2519,O2,10,0.512,0.58,0.79,0,0.0
2519,O2,11,0.5413333333333333,0.515,0.7575,0,0.0
2519,O2,12,0.5213333333333333,0.58,0.79,0,0.0
2519,O2,13,0.5226666666666666,0.56,0.78,0,0.0
2519,O2,14,0.5253333333333333,0.56,0.78,0,0.0
2519,O2,15,0.524,0.56,0.78,0,0.0
2519,O3,1,0.476,0.535,0.7675,0,0.0
2519,O3,2,0.5146666666666667,0.505,0.7525,0,0.0
2519,O3,3,0.4706666666666667,0.565,0.7825,0,0.0
2519,O3,4,0.5,0.54,0.77,0,0.0
2519,O3,5,0.5186666666666667,0.565,0.7825,0,0.0
2519,O3,6,0.508,0.585,0.7925,0,0.0
2519,O3,7,0.5186666666666667,0.56,0.78,0,0.0
2519,O3,8,0.5053333333333333,0.54,0.77,0,0.0
2519,O3,9,0.516,0.565,0.7825,0,0.0
2519,O3,10,0.49866666666666665,0.565,0.7825,0,0.0
2519,O3,11,0.4093333333333333,0.565,0.7825,0,0.0
2519,O3,12,0.512,0.56,0.78,0,0.0
2519,O3,13,0.512,0.54,0.77,0,0.0
2519,O3,14,0.5253333333333333,0.56,0.78,0,0.0
2519,O3,15,0.5253333333333333,0.57,0.785,0,0.0
2519,O4,1,0.4746666666666667,0.53,0.765,0,-0.025000000000000022
2519,O4,2,0.48,0.525,0.7625,1,0.025000000000000022
2519,O4,3,0.5053333333333333,0.56,0.78,1,0.0
2519,O4,4,0.4786666666666667,0.56,0.78,1,0.0
2519,O4,5,0.5146666666666667,0.56,0.78,1,0.0
2519,O4,6,0.5106666666666667,0.57,0.785,0,-0.009999999999999898
2519,O4,7,0.5173333333333333,0.56,0.78,1,0.0
2519,O4,8,0.52,0.56,0.78,1,0.010000000000000009
2519,O4,9,0.516,0.56,0.78,1,0.0
2519,O4,10,0.5213333333333333,0.56,0.78,1,0.0
2519,O4,11,0.516,0.52,0.76,0,-0.020000000000000018
2519,O4,12,0.5146666666666667,0.56,0.78,1,0.0
2519,O4,13,0.52,0.56,0.78,1,0.0
2519,O4,14,0.5213333333333333,0.555,0.7775,1,0.0
2519,O4,15,0.508,0.56,0.78,1,0.0
2519,O5R,1,0.26666666666666666,0.42,0.71,1,0.0
2519,O5R,2,0.27466666666666667,0.42,0.71,1,0.0
2519,O5R,3,0.2773333333333333,0.42,0.71,1,0.0
2519,O5R,4,0.276,0.42,0.71,1,0.0
2519,O5R,5,0.27466666666666667,0.42,0.71,1,0.0
2519,O5R,6,0.27466666666666667,0.42,0.71,1,0.0
2519,O5R,7,0.276,0.42,0.71,1,0.0
2519,O5R,8,0.276,0.42,0.71,1,0.0
2519,O5R,9,0.27466666666666667,0.42,0.71,1,0.0
2519,O5R,10,0.27466666666666667,0.42,0.71,1,0.0
2519,O5R,11,0.2773333333333333,0.42,0.71,1,0.0
2519,O5R,12,0.272,0.42,0.71,1,0.0
2519,O5R,13,0.276,0.42,0.71,1,0.0
2519,O5R,14,0.276,0.42,0.71,1,0.0
2519,O5R,15,0.276,0.42,0.71,1,0.0
2556,O1,1,0.4693333333333333,0.535,0.7675,0,0.0
2556,O1,2,0.5226666666666666,0.515,0.7575,0,0.0
2556,O1,3,0.488,0.535,0.7675,0,0.0
2556,O1,4,0.52,0.515,0.7575,0,0.0
2556,O1,5,0.5146666666666667,0.515,0.7575,0,0.0
2556,O1,6,0.5186666666666667,0.485,0.7425,0,0.0
2556,O1,7,0.5133333333333333,0.485,0.7425,0,0.0
2556,O1,8,0.516,0.485,0.7425,0,0.0
2556,O1,9,0.5213333333333333,0.435,0.7175,0,0.0
2556,O1,10,0.504,0.525,0.7625,0,0.0
2556,O1,11,0.5066666666666667,0.515,0.7575,0,0.0
2556,O1,12,0.5213333333333333,0.48,0.74,0,0.0
2556,O1,13,0.5333333333333333,0.5,0.75,0,0.0
2556,O1,14,0.5066666666666667,0.495,0.7475,0,0.0
2556,O1,15,0.5266666666666666,0.495,0.7475,0,0.0
2556,O2,1,0.49466666666666664,0.5,0.75,0,0.0
2556,O2,2,0.5266666666666666,0.545,0.7725,0,0.0
2556,O2,3,0.5133333333333333,0.535,0.7675,0,0.0
2556,O2,4,0.5213333333333333,0.535,0.7675,0,0.0
2556,O2,5,0.5146666666666667,0.525,0.7625,0,0.0
2556,O2,6,0.5266666666666666,0.515,0.7575,0,0.0
2556,O2,7,0.5226666666666666,0.55,0.775,0,0.0
2556,O2,8,0.5213333333333333,0.485,0.7425,0,0.0
2556,O2,9,0.5146666666666667,0.525,0.7625,0,0.0
2556,O2,10,0.528,0.535,0.7675,0,0.0
2556,O2,11,0.5066666666666667,0.5,0.75,0,0.0
2556,O2,12,0.5186666666666667,0.53,0.765,0,0.0
2556,O2,13,0.5426666666666666,0.475,0.7375,0,0.0
2556,O2,14,0.536,0.525,0.7625,0,0.0
2556,O2,15,0.5226666666666666,0.525,0.7625,0,0.0
2556,O3,1,0.46,0.555,0.7775,0,0.0
2556,O3,2,0.5,0.495,0.7475,0,0.0
2556,O3,3,0.512,0.51,0.755,0,0.0
2556,O3,4,0.5013333333333333,0.51,0.755,0,0.0
2556,O3,5,0.5133333333333333,0.51,0.755,0,0.0
2556,O3,6,0.5173333333333333,0.48,0.74,0,0.0
2556,O3,7,0.5146666666666667,0.51,0.755,0,0.0
2556,O3,8,0.5213333333333333,0.51,0.755,0,0.0
2556,O3,9,0.516,0.48,0.74,0,0.0
2556,O3,10,0.52,0.485,0.7425,0,0.0
2556,O3,11,0.5186666666666667,0.485,0.7425,0,0.0
2556,O3,12,0.5266666666666666,0.49,0.745,0,0.0
2556,O3,13,0.516,0.505,0.7525,0,0.0
2556,O3,14,0.5213333333333333,0.475,0.7375,0,0.0
2556,O3,15,0.512,0.485,0.7425,0,0.0
2556,O4,1,0.4706666666666667,0.535,0.7675,1,0.0
2556,O4,2,0.48,0.5,0.75,0,-0.010000000000000009
2556,O4,3,0.5093333333333333,0.28,0.64,0,-0.32
2556,O4,4,0.4826666666666667,0.495,0.7475,1,0.0
2556,O4,5,0.5,0.485,0.7425,1,0.0
2556,O4,6,0.5053333333333333,0.48,0.74,1,0.0
2556,O4,7,0.5186666666666667,0.485,0.7425,0,-0.019999999999999962
2556,O4,8,0.512,0.535,0.7675,1,0.0
2556,O4,9,0.5053333333333333,0.505,0.7525,1,0.0
2556,O4,10,0.516,0.485,0.7425,1,0.0050000000000000044
2556,O4,11,0.512,0.5,0.75,1,0.020000000000000018
2556,O4,12,0.5146666666666667,0.495,0.7475,1,0.015000000000000013
2556,O4,13,0.528,0.485,0.7425,1,0.0
2556,O4,14,0.496,0.495,0.7475,1,0.015000000000000013
2556,O4,15,0.512,0.485,0.7425,1,0.0050000000000000044
2556,O5R,1,0.2733333333333333,0.315,0.6575,1,0.0
2556,O5R,2,0.26266666666666666,0.315,0.6575,1,0.0
2556,O5R,3,0.2693333333333333,0.315,0.6575,1,0.0
2556,O5R,4,0.27066666666666667,0.315,0.6575,1,0.0
2556,O5R,5,0.2733333333333333,0.315,0.6575,1,0.0
2556,O5R,6,0.272,0.315,0.6575,1,0.0
2556,O5R,7,0.2693333333333333,0.315,0.6575,1,0.0
2556,O5R,8,0.2733333333333333,0.315,0.6575,1,0.0
2556,O5R,9,0.272,0.315,0.6575,1,0.0
2556,O5R,10,0.276,0.315,0.6575,1,0.0
2556,O5R,11,0.2733333333333333,0.315,0.6575,1,0.0
2556,O5R,12,0.272,0.315,0.6575,1,0.0
2556,O5R,13,0.2693333333333333,0.315,0.6575,1,0.0
2556,O5R,14,0.2733333333333333,0.315,0.6575,1,0.0
2556,O5R,15,0.27066666666666667,0.315,0.6575,1,0.0
2593,O1,1,0.48,0.545,0.7725,0,0.0
2593,O1,2,0.488,0.565,0.7825,0,0.0
2593,O1,3,0.492,0.56,0.78,0,0.0
2593,O1,4,0.48533333333333334,0.55,0.775,0,0.0
2593,O1,5,0.49333333333333335,0.6,0.8,0,0.0
2593,O1,6,0.49333333333333335,0.56,0.78,0,0.0
2593,O1,7,0.49866666666666665,0.56,0.78,0,0.0
2593,O1,8,0.5013333333333333,0.555,0.7775,0,0.0
2593,O1,9,0.5066666666666667,0.61,0.805,0,0.0
2593,O1,10,0.5146666666666667,0.59,0.795,0,0.0
2593,O1,11,0.5066666666666667,0.615,0.8075,0,0.0
2593,O1,12,0.5053333333333333,0.615,0.8075,0,0.0
2593,O1,13,0.5026666666666667,0.555,0.7775,0,0.0
2593,O1,14,0.504,0.565,0.7825,0,0.0
2593,O1,15,0.512,0.565,0.7825,0,0.0
2593,O2,1,0.49866666666666665,0.565,0.7825,0,0.0
2593,O2,2,0.49066666666666664,0.575,0.7875,0,0.0
2593,O2,3,0.504,0.515,0.7575,0,0.0
2593,O2,4,0.49866666666666665,0.565,0.7825,0,0.0
2593,O2,5,0.516,0.615,0.8075,0,0.0
2593,O2,6,0.48133333333333334,0.57,0.785,0,0.0
2593,O2,7,0.52,0.565,0.7825,0,0.0
2593,O2,8,0.5133333333333333,0.565,0.7825,0,0.0
2593,O2,9,0.5093333333333333,0.58,0.79,0,0.0
2593,O2,10,0.5053333333333333,0.605,0.8025,0,0.0
2593,O2,11,0.5146666666666667,0.58,0.79,0,0.0
2593,O2,12,0.5213333333333333,0.605,0.8025,0,0.0
2593,O2,13,0.5173333333333333,0.615,0.8075,0,0.0
2593,O2,14,0.508,0.625,0.8125,0,0.0
2593,O2,15,0.5173333333333333,0.62,0.81,0,0.0
2593,O3,1,0.492,0.545,0.7725,0,0.0
2593,O3,2,0.492,0.545,0.7725,0,0.0
2593,O3,3,0.45866666666666667,0.01,0.505,0,0.0
2593,O3,4,0.012,0.01,0.505,0,0.0
2593,O3,5,0.012,0.01,0.505,0,0.0
2593,O3,6,0.012,0.01,0.505,0,0.0
2593,O3,7,0.012,0.01,0.505,0,0.0
2593,O3,8,0.012,0.01,0.505,0,0.0
2593,O3,9,0.012,0.01,0.505,0,0.0
2593,O3,10,0.012,0.01,0.505,0,0.0
2593,O3,11,0.012,0.01,0.505,0,0.0
2593,O3,12,0.012,0.01,0.505,0,0.0
2593,O3,13,0.012,0.01,0.505,0,0.0
2593,O3,14,0.012,0.01,0.505,0,0.0
2593,O3,15,0.012,0.01,0.505,0,0.0
2593,O4,1,0.49333333333333335,0.545,0.7725,1,0.0
2593,O4,2,0.492,0.545,0.7725,1,0.0
2593,O4,3,0.464,0.575,0.7875,1,0.0050000000000000044
2593,O4,4,0.47333333333333333,0.58,0.79,1,0.0
2593,O4,5,0.4786666666666667,0.585,0.7925,1,0.015000000000000013
2593,O4,6,0.49466666666666664,0.585,0.7925,1,0.0
2593,O4,7,0.5053333333333333,0.58,0.79,1,0.029999999999999916
2593,O4,8,0.49733333333333335,0.565,0.7825,1,0.0
2593,O4,9,0.52,0.55,0.775,0,-0.13000000000000006
2593,O4,10,0.5013333333333333,0.565,0.7825,1,0.0
2593,O4,11,0.5093333333333333,0.55,0.775,1,0.0
2593,O4,12,0.5213333333333333,0.58,0.79,1,0.010000000000000009
2593,O4,13,0.512,0.59,0.795,1,0.0
2593,O4,14,0.524,0.565,0.7825,1,0.0
2593,O4,15,0.5226666666666666,0.615,0.8075,1,0.0
2593,O5R,1,0.264,0.3,0.65,1,0.0
2593,O5R,2,0.2733333333333333,0.3,0.65,1,0.0
2593,O5R,3,0.2693333333333333,0.3,0.65,1,0.0
2593,O5R,4,0.276,0.3,0.65,1,0.0
2593,O5R,5,0.268,0.3,0.65,1,0.0
2593,O5R,6,0.27466666666666667,0.3,0.65,1,0.0
2593,O5R,7,0.27466666666666667,0.3,0.65,1,0.0
2593,O5R,8,0.27466666666666667,0.3,0.65,1,0.0
2593,O5R,9,0.2733333333333333,0.3,0.65,1,0.0
2593,O5R,10,0.2733333333333333,0.3,0.65,1,0.0
2593,O5R,11,0.27466666666666667,0.3,0.65,1,0.0
2593,O5R,12,0.27466666666666667,0.3,0.65,1,0.0
2593,O5R,13,0.276,0.3,0.65,1,0.0
2593,O5R,14,0.27466666666666667,0.3,0.65,1,0.0
2593,O5R,15,0.27466666666666667,0.3,0.65,1,0.0
2630,O1,1,0.5226666666666666,0.47,0.735,0,0.0
2630,O1,2,0.504,0.545,0.7725,0,0.0
2630,O1,3,0.52,0.495,0.7475,0,0.0
2630,O1,4,0.5213333333333333,0.495,0.7475,0,0.0
2630,O1,5,0.536,0.495,0.7475,0,0.0
2630,O1,6,0.5346666666666666,0.495,0.7475,0,0.0
2630,O1,7,0.5266666666666666,0.495,0.7475,0,0.0
2630,O1,8,0.532,0.495,0.7475,0,0.0
2630,O1,9,0.5253333333333333,0.535,0.7675,0,0.0
2630,O1,10,0.4493333333333333,0.545,0.7725,0,0.0
2630,O1,11,0.5253333333333333,0.495,0.7475,0,0.0
2630,O1,12,0.532,0.495,0.7475,0,0.0
2630,O1,13,0.5373333333333333,0.495,0.7475,0,0.0
2630,O1,14,0.5386666666666666,0.495,0.7475,0,0.0
2630,O1,15,0.536,0.495,0.7475,0,0.0
2630,O2,1,0.5293333333333333,0.495,0.7475,0,0.0
2630,O2,2,0.5253333333333333,0.495,0.7475,0,0.0
2630,O2,3,0.5373333333333333,0.495,0.7475,0,0.0
2630,O2,4,0.5266666666666666,0.5,0.75,0,0.0
2630,O2,5,0.5546666666666666,0.495,0.7475,0,0.0
2630,O2,6,0.544,0.5,0.75,0,0.0
2630,O2,7,0.5493333333333333,0.505,0.7525,0,0.0
2630,O2,8,0.536,0.515,0.7575,0,0.0
2630,O2,9,0.544,0.515,0.7575,0,0.0
2630,O2,10,0.548,0.51,0.755,0,0.0
2630,O2,11,0.5586666666666666,0.505,0.7525,0,0.0
2630,O2,12,0.5293333333333333,0.525,0.7625,0,0.0
2630,O2,13,0.548,0.5,0.75,0,0.0
2630,O2,14,0.528,0.34,0.67,0,0.0
2630,O2,15,0.508,0.49,0.745,0,0.0
2630,O3,1,0.512,0.495,0.7475,0,0.0
2630,O3,2,0.536,0.495,0.7475,0,0.0
2630,O3,3,0.5226666666666666,0.495,0.7475,0,0.0
2630,O3,4,0.532,0.495,0.7475,0,0.0
2630,O3,5,0.5306666666666666,0.495,0.7475,0,0.0
2630,O3,6,0.5266666666666666,0.495,0.7475,0,0.0
2630,O3,7,0.5346666666666666,0.495,0.7475,0,0.0
2630,O3,8,0.536,0.495,0.7475,0,0.0
2630,O3,9,0.52,0.495,0.7475,0,0.0
2630,O3,10,0.54,0.495,0.7475,0,0.0
2630,O3,11,0.5413333333333333,0.495,0.7475,0,0.0
2630,O3,12,0.5346666666666666,0.495,0.7475,0,0.0
2630,O3,13,0.5373333333333333,0.495,0.7475,0,0.0
2630,O3,14,0.536,0.495,0.7475,0,0.0
2630,O3,15,0.5373333333333333,0.495,0.7475,0,0.0
2630,O4,1,0.5213333333333333,0.565,0.7825,1,0.06499999999999995
2630,O4,2,0.508,0.495,0.7475,1,0.0
2630,O4,3,0.5413333333333333,0.49,0.745,1,0.0
2630,O4,4,0.512,0.49,0.745,1,0.0
2630,O4,5,0.5226666666666666,0.495,0.7475,0,-0.0050000000000000044
2630,O4,6,0.5253333333333333,0.485,0.7425,0,-0.010000000000000009
2630,O4,7,0.528,0.51,0.755,0,-0.0050000000000000044
2630,O4,8,0.52,0.505,0.7525,1,0.0
2630,O4,9,0.548,0.505,0.7525,1,0.0
2630,O4,10,0.5293333333333333,0.505,0.7525,1,0.0
2630,O4,11,0.5253333333333333,0.505,0.7525,1,0.0
2630,O4,12,0.5333333333333333,0.52,0.76,1,0.0
2630,O4,13,0.532,0.505,0.7525,1,0.0
2630,O4,14,0.5333333333333333,0.505,0.7525,1,0.0
2630,O4,15,0.5373333333333333,0.54,0.77,0,-0.020000000000000018
2630,O5R,1,0.26666666666666666,0.23,0.615,1,0.0
2630,O5R,2,0.2773333333333333,0.23,0.615,1,0.0
2630,O5R,3,0.2786666666666667,0.23,0.615,1,0.0
2630,O5R,4,0.2786666666666667,0.23,0.615,1,0.0
2630,O5R,5,0.2773333333333333,0.23,0.615,1,0.0
2630,O5R,6,0.2733333333333333,0.23,0.615,1,0.0
2630,O5R,7,0.2786666666666667,0.23,0.615,1,0.0
2630,O5R,8,0.276,0.23,0.615,1,0.0
2630,O5R,9,0.2786666666666667,0.23,0.615,1,0.0
2630,O5R,10,0.2786666666666667,0.23,0.615,1,0.0
2630,O5R,11,0.2786666666666667,0.23,0.615,1,0.0
2630,O5R,12,0.2786666666666667,0.23,0.615,1,0.0
2630,O5R,13,0.2773333333333333,0.23,0.615,1,0.0
2630,O5R,14,0.2786666666666667,0.23,0.615,1,0.0
2630,O5R,15,0.2786666666666667,0.23,0.615,1,0.0
2667,O1,1,0.5373333333333333,0.435,0.7175,0,0.0
2667,O1,2,0.5386666666666666,0.46,0.73,0,0.0
2667,O1,3,0.5253333333333333,0.46,0.73,0,0.0
2667,O1,4,0.5413333333333333,0.445,0.7225,0,0.0
2667,O1,5,0.5346666666666666,0.435,0.7175,0,0.0
2667,O1,6,0.552,0.435,0.7175,0,0.0
2667,O1,7,0.5373333333333333,0.435,0.7175,0,0.0
2667,O1,8,0.56,0.445,0.7225,0,0.0
2667,O1,9,0.5373333333333333,0.445,0.7225,0,0.0
2667,O1,10,0.5426666666666666,0.435,0.7175,0,0.0
2667,O1,11,0.5586666666666666,0.45,0.725,0,0.0
2667,O1,12,0.5346666666666666,0.435,0.7175,0,0.0
2667,O1,13,0.552,0.45,0.725,0,0.0
2667,O1,14,0.5506666666666666,0.46,0.73,0,0.0
2667,O1,15,0.5506666666666666,0.45,0.725,0,0.0
2667,O2,1,0.508,0.455,0.7275,0,0.0
2667,O2,2,0.5493333333333333,0.455,0.7275,0,0.0
2667,O2,3,0.5293333333333333,0.45,0.725,0,0.0
2667,O2,4,0.5453333333333333,0.44,0.72,0,0.0
2667,O2,5,0.5493333333333333,0.45,0.725,0,0.0
2667,O2,6,0.5533333333333333,0.445,0.7225,0,0.0
2667,O2,7,0.5426666666666666,0.46,0.73,0,0.0
2667,O2,8,0.552,0.445,0.7225,0,0.0
2667,O2,9,0.5453333333333333,0.435,0.7175,0,0.0
2667,O2,10,0.5626666666666666,0.455,0.7275,0,0.0
2667,O2,11,0.5586666666666666,0.445,0.7225,0,0.0
2667,O2,12,0.5493333333333333,0.45,0.725,0,0.0
2667,O2,13,0.5573333333333333,0.45,0.725,0,0.0
2667,O2,14,0.49866666666666665,0.435,0.7175,0,0.0
2667,O2,15,0.54,0.46,0.73,0,0.0
2667,O3,1,0.536,0.455,0.7275,0,0.0
2667,O3,2,0.5306666666666666,0.455,0.7275,0,0.0
2667,O3,3,0.5213333333333333,0.46,0.73,0,0.0
2667,O3,4,0.544,0.435,0.7175,0,0.0
2667,O3,5,0.5506666666666666,0.435,0.7175,0,0.0
2667,O3,6,0.5293333333333333,0.44,0.72,0,0.0
2667,O3,7,0.54,0.435,0.7175,0,0.0
2667,O3,8,0.5506666666666666,0.44,0.72,0,0.0
2667,O3,9,0.5453333333333333,0.44,0.72,0,0.0
2667,O3,10,0.5306666666666666,0.45,0.725,0,0.0
2667,O3,11,0.556,0.46,0.73,0,0.0
2667,O3,12,0.552,0.45,0.725,0,0.0
2667,O3,13,0.5546666666666666,0.455,0.7275,0,0.0
2667,O3,14,0.5506666666666666,0.445,0.7225,0,0.0
2667,O3,15,0.56,0.45,0.725,0,0.0
2667,O4,1,0.52,0.46,0.73,0,-0.025000000000000022
2667,O4,2,0.5173333333333333,0.455,0.7275,1,0.025000000000000022
2667,O4,3,0.512,0.45,0.725,0,-0.0050000000000000044
2667,O4,4,0.54,0.44,0.72,1,0.0
2667,O4,5,0.548,0.44,0.72,1,0.0050000000000000044
2667,O4,6,0.5373333333333333,0.49,0.745,0,-0.0050000000000000044
2667,O4,7,0.552,0.445,0.7225,0,-0.0050000000000000044
2667,O4,8,0.548,0.44,0.72,0,-0.0050000000000000044
2667,O4,9,0.536,0.44,0.72,0,-0.0050000000000000044
2667,O4,10,0.5533333333333333,0.435,0.7175,1,0.0
2667,O4,11,0.5346666666666666,0.485,0.7425,0,-0.0050000000000000044
2667,O4,12,0.5106666666666667,0.48,0.74,1,0.0
2667,O4,13,0.5493333333333333,0.49,0.745,0,-0.0050000000000000044
2667,O4,14,0.54,0.485,0.7425,1,0.0050000000000000044
2667,O4,15,0.5426666666666666,0.485,0.7425,1,0.0
2667,O5R,1,0.30666666666666664,0.38,0.69,1,0.0
2667,O5R,2,0.324,0.38,0.69,1,0.0
2667,O5R,3,0.31733333333333336,0.38,0.69,1,0.0
2667,O5R,4,0.32266666666666666,0.38,0.69,1,0.0
2667,O5R,5,0.32133333333333336,0.38,0.69,1,0.0
2667,O5R,6,0.32,0.38,0.69,1,0.0
2667,O5R,7,0.32,0.38,0.69,1,0.0
2667,O5R,8,0.32133333333333336,0.38,0.69,1,0.0
2667,O5R,9,0.32133333333333336,0.38,0.69,1,0.0
2667,O5R,10,0.32133333333333336,0.38,0.69,1,0.0
2667,O5R,11,0.32133333333333336,0.38,0.69,1,0.0
2667,O5R,12,0.32266666666666666,0.38,0.69,1,0.0
2667,O5R,13,0.32,0.38,0.69,1,0.0
2667,O5R,14,0.32133333333333336,0.38,0.69,1,0.0
2667,O5R,15,0.32133333333333336,0.38,0.69,1,0.0
2704,O1,1,0.5066666666666667,0.525,0.7625,0,0.0
2704,O1,2,0.5306666666666666,0.525,0.7625,0,0.0
2704,O1,3,0.5466666666666666,0.51,0.755,0,0.0
2704,O1,4,0.528,0.495,0.7475,0,0.0
2704,O1,5,0.5453333333333333,0.51,0.755,0,0.0
2704,O1,6,0.5373333333333333,0.505,0.7525,0,0.0
2704,O1,7,0.5333333333333333,0.505,0.7525,0,0.0
2704,O1,8,0.5386666666666666,0.505,0.7525,0,0.0
2704,O1,9,0.532,0.515,0.7575,0,0.0
2704,O1,10,0.5293333333333333,0.52,0.76,0,0.0
2704,O1,11,0.5453333333333333,0.5,0.75,0,0.0
2704,O1,12,0.5373333333333333,0.505,0.7525,0,0.0
2704,O1,13,0.5506666666666666,0.52,0.76,0,0.0
2704,O1,14,0.5426666666666666,0.52,0.76,0,0.0
2704,O1,15,0.5346666666666666,0.515,0.7575,0,0.0
2704,O2,1,0.5293333333333333,0.56,0.78,0,0.0
2704,O2,2,0.5213333333333333,0.535,0.7675,0,0.0
2704,O2,3,0.536,0.52,0.76,0,0.0
2704,O2,4,0.5266666666666666,0.52,0.76,0,0.0
2704,O2,5,0.5306666666666666,0.51,0.755,0,0.0
2704,O2,6,0.5253333333333333,0.51,0.755,0,0.0
2704,O2,7,0.544,0.505,0.7525,0,0.0
2704,O2,8,0.5293333333333333,0.525,0.7625,0,0.0
2704,O2,9,0.5373333333333333,0.535,0.7675,0,0.0
2704,O2,10,0.5293333333333333,0.535,0.7675,0,0.0
2704,O2,11,0.544,0.49,0.745,0,0.0
2704,O2,12,0.5,0.52,0.76,0,0.0
2704,O2,13,0.532,0.52,0.76,0,0.0
2704,O2,14,0.548,0.53,0.765,0,0.0
2704,O2,15,0.5293333333333333,0.52,0.76,0,0.0
2704,O3,1,0.528,0.515,0.7575,0,0.0
2704,O3,2,0.536,0.51,0.755,0,0.0
2704,O3,3,0.5133333333333333,0.52,0.76,0,0.0
2704,O3,4,0.5266666666666666,0.52,0.76,0,0.0
2704,O3,5,0.5346666666666666,0.55,0.775,0,0.0
2704,O3,6,0.532,0.48,0.74,0,0.0
2704,O3,7,0.508,0.525,0.7625,0,0.0
2704,O3,8,0.5293333333333333,0.49,0.745,0,0.0
2704,O3,9,0.5346666666666666,0.51,0.755,0,0.0
2704,O3,10,0.5333333333333333,0.535,0.7675,0,0.0
2704,O3,11,0.5253333333333333,0.525,0.7625,0,0.0
2704,O3,12,0.544,0.515,0.7575,0,0.0
2704,O3,13,0.5346666666666666,0.52,0.76,0,0.0
2704,O3,14,0.5413333333333333,0.505,0.7525,0,0.0
2704,O3,15,0.5386666666666666,0.505,0.7525,0,0.0
2704,O4,1,0.504,0.55,0.775,1,0.0050000000000000044
2704,O4,2,0.5266666666666666,0.55,0.775,1,0.0
2704,O4,3,0.536,0.56,0.78,1,0.020000000000000018
2704,O4,4,0.532,0.545,0.7725,1,0.0
2704,O4,5,0.516,0.54,0.77,0,-0.020000000000000018
2704,O4,6,0.5346666666666666,0.55,0.775,1,0.0
2704,O4,7,0.508,0.54,0.77,1,0.0050000000000000044
2704,O4,8,0.5226666666666666,0.545,0.7725,1,0.020000000000000018
2704,O4,9,0.5173333333333333,0.52,0.76,0,-0.030000000000000027
2704,O4,10,0.5173333333333333,0.555,0.7775,1,0.0
2704,O4,11,0.532,0.54,0.77,1,0.0
2704,O4,12,0.5266666666666666,0.555,0.7775,0,-0.010000000000000009
2704,O4,13,0.532,0.495,0.7475,1,0.0
2704,O4,14,0.5226666666666666,0.485,0.7425,0,-0.010000000000000009
2704,O4,15,0.5333333333333333,0.52,0.76,1,0.015000000000000013
2704,O5R,1,0.2826666666666667,0.295,0.6475,1,0.0
2704,O5R,2,0.2906666666666667,0.295,0.6475,1,0.0
2704,O5R,3,0.292,0.295,0.6475,1,0.0
2704,O5R,4,0.292,0.295,0.6475,1,0.0
2704,O5R,5,0.292,0.295,0.6475,1,0.0
2704,O5R,6,0.2906666666666667,0.295,0.6475,1,0.0
2704,O5R,7,0.292,0.295,0.6475,1,0.0
2704,O5R,8,0.292,0.295,0.6475,1,0.0
2704,O5R,9,0.292,0.295,0.6475,1,0.0
2704,O5R,10,0.292,0.295,0.6475,1,0.0
2704,O5R,11,0.2906666666666667,0.295,0.6475,1,0.0
2704,O5R,12,0.292,0.295,0.6475,1,0.0
2704,O5R,13,0.292,0.295,0.6475,1,0.0
2704,O5R,14,0.292,0.295,0.6475,1,0.0
2704,O5R,15,0.292,0.295,0.6475,1,0.0
2741,O1,1,0.496,0.53,0.765,0,0.0
2741,O1,2,0.48533333333333334,0.54,0.77,0,0.0
2741,O1,3,0.5013333333333333,0.54,0.77,0,0.0
2741,O1,4,0.5133333333333333,0.54,0.77,0,0.0
2741,O1,5,0.508,0.54,0.77,0,0.0
2741,O1,6,0.5173333333333333,0.54,0.77,0,0.0
2741,O1,7,0.5186666666666667,0.59,0.795,0,0.0
2741,O1,8,0.5173333333333333,0.57,0.785,0,0.0
2741,O1,9,0.5213333333333333,0.535,0.7675,0,0.0
2741,O1,10,0.5226666666666666,0.56,0.78,0,0.0
2741,O1,11,0.5213333333333333,0.56,0.78,0,0.0
2741,O1,12,0.5293333333333333,0.565,0.7825,0,0.0
2741,O1,13,0.508,0.56,0.78,0,0.0
2741,O1,14,0.5186666666666667,0.55,0.775,0,0.0
2741,O1,15,0.508,0.565,0.7825,0,0.0
2741,O2,1,0.4866666666666667,0.53,0.765,0,0.0
2741,O2,2,0.5066666666666667,0.545,0.7725,0,0.0
2741,O2,3,0.504,0.545,0.7725,0,0.0
2741,O2,4,0.5,0.545,0.7725,0,0.0
2741,O2,5,0.512,0.535,0.7675,0,0.0
2741,O2,6,0.508,0.555,0.7775,0,0.0
2741,O2,7,0.5093333333333333,0.545,0.7725,0,0.0
2741,O2,8,0.5066666666666667,0.56,0.78,0,0.0
2741,O2,9,0.5213333333333333,0.555,0.7775,0,0.0
2741,O2,10,0.5133333333333333,0.545,0.7725,0,0.0
2741,O2,11,0.512,0.56,0.78,0,0.0
2741,O2,12,0.5106666666666667,0.56,0.78,0,0.0
2741,O2,13,0.5333333333333333,0.56,0.78,0,0.0
2741,O2,14,0.5333333333333333,0.56,0.78,0,0.0
2741,O2,15,0.52,0.56,0.78,0,0.0
2741,O3,1,0.5026666666666667,0.53,0.765,0,0.0
2741,O3,2,0.5,0.54,0.77,0,0.0
2741,O3,3,0.5133333333333333,0.555,0.7775,0,0.0
2741,O3,4,0.516,0.55,0.775,0,0.0
2741,O3,5,0.516,0.545,0.7725,0,0.0
2741,O3,6,0.512,0.565,0.7825,0,0.0
2741,O3,7,0.5133333333333333,0.575,0.7875,0,0.0
2741,O3,8,0.512,0.565,0.7825,0,0.0
2741,O3,9,0.508,0.555,0.7775,0,0.0
2741,O3,10,0.5266666666666666,0.54,0.77,0,0.0
2741,O3,11,0.5093333333333333,0.565,0.7825,0,0.0
2741,O3,12,0.524,0.555,0.7775,0,0.0
2741,O3,13,0.5306666666666666,0.555,0.7775,0,0.0
2741,O3,14,0.49466666666666664,0.55,0.775,0,0.0
2741,O3,15,0.5146666666666667,0.55,0.775,0,0.0
2741,O4,1,0.492,0.55,0.775,1,0.010000000000000009
2741,O4,2,0.48533333333333334,0.545,0.7725,1,0.0
2741,O4,3,0.504,0.55,0.775,1,0.0050000000000000044
2741,O4,4,0.4866666666666667,0.56,0.78,1,0.0
2741,O4,5,0.49866666666666665,0.53,0.765,1,0.0
2741,O4,6,0.5013333333333333,0.56,0.78,1,0.015000000000000013
2741,O4,7,0.5,0.545,0.7725,0,-0.025000000000000022
2741,O4,8,0.496,0.51,0.755,0,-0.010000000000000009
2741,O4,9,0.496,0.56,0.78,1,0.0
2741,O4,10,0.5066666666666667,0.54,0.77,1,0.0
2741,O4,11,0.5093333333333333,0.55,0.775,1,0.010000000000000009
2741,O4,12,0.512,0.55,0.775,1,0.0050000000000000044
2741,O4,13,0.516,0.55,0.775,1,0.020000000000000018
2741,O4,14,0.528,0.55,0.775,1,0.010000000000000009
2741,O4,15,0.524,0.59,0.795,1,0.020000000000000018
2741,O5R,1,0.25733333333333336,0.23,0.615,1,0.0
2741,O5R,2,0.264,0.23,0.615,1,0.0
2741,O5R,3,0.26266666666666666,0.23,0.615,1,0.0
2741,O5R,4,0.248,0.23,0.615,1,0.0
2741,O5R,5,0.26266666666666666,0.23,0.615,1,0.0
2741,O5R,6,0.26266666666666666,0.23,0.615,1,0.0
2741,O5R,7,0.26266666666666666,0.23,0.615,1,0.0
2741,O5R,8,0.26266666666666666,0.23,0.615,1,0.0
2741,O5R,9,0.26266666666666666,0.23,0.615,1,0.0
2741,O5R,10,0.26266666666666666,0.23,0.615,1,0.0
2741,O5R,11,0.26266666666666666,0.23,0.615,1,0.0
2741,O5R,12,0.26266666666666666,0.23,0.615,1,0.0
2741,O5R,13,0.26266666666666666,0.23,0.615,1,0.0
2741,O5R,14,0.26266666666666666,0.23,0.615,1,0.0
2741,O5R,15,0.26266666666666666,0.23,0.615,1,0.0
2778,O1,1,0.5266666666666666,0.545,0.7725,0,0.0
2778,O1,2,0.5293333333333333,0.545,0.7725,0,0.0
2778,O1,3,0.5453333333333333,0.545,0.7725,0,0.0
2778,O1,4,0.5573333333333333,0.545,0.7725,0,0.0
2778,O1,5,0.5506666666666666,0.545,0.7725,0,0.0
2778,O1,6,0.5573333333333333,0.565,0.7825,0,0.0
2778,O1,7,0.556,0.545,0.7725,0,0.0
2778,O1,8,0.5586666666666666,0.545,0.7725,0,0.0
2778,O1,9,0.556,0.545,0.7725,0,0.0
2778,O1,10,0.5546666666666666,0.56,0.78,0,0.0
2778,O1,11,0.56,0.555,0.7775,0,0.0
2778,O1,12,0.5586666666666666,0.57,0.785,0,0.0
2778,O1,13,0.5586666666666666,0.57,0.785,0,0.0
2778,O1,14,0.568,0.555,0.7775,0,0.0
2778,O1,15,0.5626666666666666,0.555,0.7775,0,0.0
2778,O2,1,0.544,0.565,0.7825,0,0.0
2778,O2,2,0.532,0.555,0.7775,0,0.0
2778,O2,3,0.5466666666666666,0.545,0.7725,0,0.0
2778,O2,4,0.5586666666666666,0.545,0.7725,0,0.0
2778,O2,5,0.5613333333333334,0.565,0.7825,0,0.0
2778,O2,6,0.5586666666666666,0.535,0.7675,0,0.0
2778,O2,7,0.5613333333333334,0.55,0.775,0,0.0
2778,O2,8,0.56,0.55,0.775,0,0.0
2778,O2,9,0.564,0.565,0.7825,0,0.0
2778,O2,10,0.5546666666666666,0.565,0.7825,0,0.0
2778,O2,11,0.556,0.57,0.785,0,0.0
2778,O2,12,0.56,0.565,0.7825,0,0.0
2778,O2,13,0.5506666666666666,0.57,0.785,0,0.0
2778,O2,14,0.5546666666666666,0.56,0.78,0,0.0
2778,O2,15,0.5706666666666667,0.555,0.7775,0,0.0
2778,O3,1,0.548,0.555,0.7775,0,0.0
2778,O3,2,0.536,0.545,0.7725,0,0.0
2778,O3,3,0.56,0.54,0.77,0,0.0
2778,O3,4,0.556,0.55,0.775,0,0.0
2778,O3,5,0.572,0.56,0.78,0,0.0
2778,O3,6,0.5586666666666666,0.55,0.775,0,0.0
2778,O3,7,0.5626666666666666,0.565,0.7825,0,0.0
2778,O3,8,0.5493333333333333,0.565,0.7825,0,0.0
2778,O3,9,0.56,0.56,0.78,0,0.0
2778,O3,10,0.5613333333333334,0.54,0.77,0,0.0
2778,O3,11,0.552,0.57,0.785,0,0.0
2778,O3,12,0.5586666666666666,0.555,0.7775,0,0.0
2778,O3,13,0.5666666666666667,0.565,0.7825,0,0.0
2778,O3,14,0.5693333333333334,0.55,0.775,0,0.0
2778,O3,15,0.5693333333333334,0.555,0.7775,0,0.0
2778,O4,1,0.532,0.545,0.7725,1,0.0
2778,O4,2,0.5293333333333333,0.545,0.7725,1,0.010000000000000009
2778,O4,3,0.496,0.555,0.7775,1,0.0050000000000000044
2778,O4,4,0.552,0.55,0.775,0,-0.0050000000000000044
2778,O4,5,0.5453333333333333,0.545,0.7725,1,0.0
2778,O4,6,0.5573333333333333,0.545,0.7725,1,0.0
2778,O4,7,0.5546666666666666,0.54,0.77,1,0.0050000000000000044
2778,O4,8,0.4493333333333333,0.565,0.7825,1,0.0
2778,O4,9,0.5346666666666666,0.54,0.77,0,-0.010000000000000009
2778,O4,10,0.5466666666666666,0.545,0.7725,0,-0.0050000000000000044
2778,O4,11,0.548,0.545,0.7725,1,0.0
2778,O4,12,0.5533333333333333,0.545,0.7725,1,0.0
2778,O4,13,0.5426666666666666,0.54,0.77,1,0.010000000000000009
2778,O4,14,0.5666666666666667,0.565,0.7825,1,0.0
2778,O4,15,0.556,0.565,0.7825,1,0.0
2778,O5R,1,0.26666666666666666,0.28,0.64,1,0.0
2778,O5R,2,0.268,0.28,0.64,1,0.0
2778,O5R,3,0.2733333333333333,0.28,0.64,1,0.0
2778,O5R,4,0.27466666666666667,0.28,0.64,1,0.0
2778,O5R,5,0.272,0.28,0.64,1,0.0
2778,O5R,6,0.27466666666666667,0.28,0.64,1,0.0
2778,O5R,7,0.27466666666666667,0.28,0.64,1,0.0
2778,O5R,8,0.27466666666666667,0.28,0.64,1,0.0
2778,O5R,9,0.27466666666666667,0.28,0.64,1,0.0
2778,O5R,10,0.27466666666666667,0.28,0.64,1,0.0
2778,O5R,11,0.27466666666666667,0.28,0.64,1,0.0
2778,O5R,12,0.27466666666666667,0.28,0.64,1,0.0
2778,O5R,13,0.27466666666666667,0.28,0.64,1,0.0
2778,O5R,14,0.27466666666666667,0.28,0.64,1,0.0
2778,O5R,15,0.27466666666666667,0.28,0.64,1,0.0
2815,O1,1,0.472,0.445,0.7225,0,0.0
2815,O1,2,0.484,0.535,0.7675,0,0.0
2815,O1,3,0.49866666666666665,0.58,0.79,0,0.0
2815,O1,4,0.5,0.555,0.7775,0,0.0
2815,O1,5,0.488,0.565,0.7825,0,0.0
2815,O1,6,0.5013333333333333,0.555,0.7775,0,0.0
2815,O1,7,0.484,0.555,0.7775,0,0.0
2815,O1,8,0.492,0.555,0.7775,0,0.0
2815,O1,9,0.464,0.565,0.7825,0,0.0
2815,O1,10,0.508,0.535,0.7675,0,0.0
2815,O1,11,0.5053333333333333,0.525,0.7625,0,0.0
2815,O1,12,0.5026666666666667,0.525,0.7625,0,0.0
2815,O1,13,0.49733333333333335,0.525,0.7625,0,0.0
2815,O1,14,0.5066666666666667,0.53,0.765,0,0.0
2815,O1,15,0.504,0.53,0.765,0,0.0
2815,O2,1,0.5066666666666667,0.545,0.7725,0,0.0
2815,O2,2,0.508,0.555,0.7775,0,0.0
2815,O2,3,0.49733333333333335,0.55,0.775,0,0.0
2815,O2,4,0.5106666666666667,0.56,0.78,0,0.0
2815,O2,5,0.504,0.535,0.7675,0,0.0
2815,O2,6,0.512,0.555,0.7775,0,0.0
2815,O2,7,0.512,0.555,0.7775,0,0.0
2815,O2,8,0.5146666666666667,0.545,0.7725,0,0.0
2815,O2,9,0.5,0.535,0.7675,0,0.0
2815,O2,10,0.5226666666666666,0.54,0.77,0,0.0
2815,O2,11,0.49866666666666665,0.555,0.7775,0,0.0
2815,O2,12,0.5213333333333333,0.55,0.775,0,0.0
2815,O2,13,0.5066666666666667,0.56,0.78,0,0.0
2815,O2,14,0.5146666666666667,0.565,0.7825,0,0.0
2815,O2,15,0.5026666666666667,0.545,0.7725,0,0.0
2815,O3,1,0.49466666666666664,0.525,0.7625,0,0.0
2815,O3,2,0.5066666666666667,0.525,0.7625,0,0.0
2815,O3,3,0.5146666666666667,0.525,0.7625,0,0.0
2815,O3,4,0.49466666666666664,0.55,0.775,0,0.0
2815,O3,5,0.484,0.555,0.7775,0,0.0
2815,O3,6,0.484,0.56,0.78,0,0.0
2815,O3,7,0.5013333333333333,0.53,0.765,0,0.0
2815,O3,8,0.5066666666666667,0.525,0.7625,0,0.0
2815,O3,9,0.5013333333333333,0.53,0.765,0,0.0
2815,O3,10,0.508,0.53,0.765,0,0.0
2815,O3,11,0.508,0.53,0.765,0,0.0
2815,O3,12,0.5173333333333333,0.52,0.76,0,0.0
2815,O3,13,0.5053333333333333,0.53,0.765,0,0.0
2815,O3,14,0.512,0.53,0.765,0,0.0
2815,O3,15,0.5026666666666667,0.535,0.7675,0,0.0
2815,O4,1,0.5053333333333333,0.525,0.7625,1,0.0
2815,O4,2,0.5013333333333333,0.53,0.765,1,0.0
2815,O4,3,0.5053333333333333,0.54,0.77,0,-0.18000000000000005
2815,O4,4,0.484,0.525,0.7625,0,-0.020000000000000018
2815,O4,5,0.488,0.52,0.76,0,-0.0050000000000000044
2815,O4,6,0.4786666666666667,0.515,0.7575,1,0.0
2815,O4,7,0.4786666666666667,0.52,0.76,1,0.0
2815,O4,8,0.5,0.535,0.7675,1,0.015000000000000013
2815,O4,9,0.508,0.54,0.77,0,-0.0050000000000000044
2815,O4,10,0.5173333333333333,0.555,0.7775,1,0.0
2815,O4,11,0.49466666666666664,0.545,0.7725,1,0.0
2815,O4,12,0.5066666666666667,0.525,0.7625,1,0.0050000000000000044
2815,O4,13,0.5106666666666667,0.525,0.7625,1,0.0
2815,O4,14,0.5173333333333333,0.54,0.77,1,0.0
2815,O4,15,0.5186666666666667,0.52,0.76,1,0.0
2815,O5R,1,0.2826666666666667,0.325,0.6625,1,0.0
2815,O5R,2,0.292,0.325,0.6625,1,0.0
2815,O5R,3,0.2946666666666667,0.325,0.6625,1,0.0
2815,O5R,4,0.2946666666666667,0.325,0.6625,1,0.0
2815,O5R,5,0.2946666666666667,0.325,0.6625,1,0.0
2815,O5R,6,0.2946666666666667,0.325,0.6625,1,0.0
2815,O5R,7,0.29333333333333333,0.325,0.6625,1,0.0
2815,O5R,8,0.2946666666666667,0.325,0.6625,1,0.0
2815,O5R,9,0.2946666666666667,0.325,0.6625,1,0.0
2815,O5R,10,0.2946666666666667,0.325,0.6625,1,0.0
2815,O5R,11,0.2946666666666667,0.325,0.6625,1,0.0
2815,O5R,12,0.2946666666666667,0.325,0.6625,1,0.0
2815,O5R,13,0.2946666666666667,0.325,0.6625,1,0.0
2815,O5R,14,0.2946666666666667,0.325,0.6625,1,0.0
2815,O5R,15,0.2946666666666667,0.325,0.6625,1,0.0
2852,O1,1,0.524,0.515,0.7575,0,0.0
2852,O1,2,0.512,0.525,0.7625,0,0.0
2852,O1,3,0.52,0.51,0.755,0,0.0
2852,O1,4,0.496,0.515,0.7575,0,0.0
2852,O1,5,0.516,0.52,0.76,0,0.0
2852,O1,6,0.5106666666666667,0.53,0.765,0,0.0
2852,O1,7,0.5133333333333333,0.52,0.76,0,0.0
2852,O1,8,0.5146666666666667,0.53,0.765,0,0.0
2852,O1,9,0.5306666666666666,0.53,0.765,0,0.0
2852,O1,10,0.5373333333333333,0.53,0.765,0,0.0
2852,O1,11,0.5333333333333333,0.53,0.765,0,0.0
2852,O1,12,0.5333333333333333,0.525,0.7625,0,0.0
2852,O1,13,0.5293333333333333,0.53,0.765,0,0.0
2852,O1,14,0.5413333333333333,0.51,0.755,0,0.0
2852,O1,15,0.54,0.53,0.765,0,0.0
2852,O2,1,0.5106666666666667,0.555,0.7775,0,0.0
2852,O2,2,0.5226666666666666,0.51,0.755,0,0.0
2852,O2,3,0.5173333333333333,0.52,0.76,0,0.0
2852,O2,4,0.5293333333333333,0.55,0.775,0,0.0
2852,O2,5,0.5253333333333333,0.54,0.77,0,0.0
2852,O2,6,0.5386666666666666,0.525,0.7625,0,0.0
2852,O2,7,0.5266666666666666,0.55,0.775,0,0.0
2852,O2,8,0.528,0.535,0.7675,0,0.0
2852,O2,9,0.532,0.535,0.7675,0,0.0
2852,O2,10,0.5493333333333333,0.565,0.7825,0,0.0
2852,O2,11,0.5386666666666666,0.51,0.755,0,0.0
2852,O2,12,0.5253333333333333,0.53,0.765,0,0.0
2852,O2,13,0.49066666666666664,0.525,0.7625,0,0.0
2852,O2,14,0.5333333333333333,0.54,0.77,0,0.0
2852,O2,15,0.54,0.56,0.78,0,0.0
2852,O3,1,0.512,0.505,0.7525,0,0.0
2852,O3,2,0.52,0.525,0.7625,0,0.0
2852,O3,3,0.512,0.525,0.7625,0,0.0
2852,O3,4,0.536,0.525,0.7625,0,0.0
2852,O3,5,0.5213333333333333,0.525,0.7625,0,0.0
2852,O3,6,0.5346666666666666,0.525,0.7625,0,0.0
2852,O3,7,0.5226666666666666,0.525,0.7625,0,0.0
2852,O3,8,0.528,0.525,0.7625,0,0.0
2852,O3,9,0.528,0.525,0.7625,0,0.0
2852,O3,10,0.5306666666666666,0.525,0.7625,0,0.0
2852,O3,11,0.532,0.52,0.76,0,0.0
2852,O3,12,0.5426666666666666,0.54,0.77,0,0.0
2852,O3,13,0.5346666666666666,0.54,0.77,0,0.0
2852,O3,14,0.536,0.52,0.76,0,0.0
2852,O3,15,0.5466666666666666,0.52,0.76,0,0.0
2852,O4,1,0.504,0.53,0.765,0,-0.0050000000000000044
2852,O4,2,0.512,0.525,0.7625,0,-0.020000000000000018
2852,O4,3,0.528,0.525,0.7625,1,0.0
2852,O4,4,0.5146666666666667,0.52,0.76,1,0.015000000000000013
2852,O4,5,0.5106666666666667,0.52,0.76,1,0.0
2852,O4,6,0.5053333333333333,0.52,0.76,1,0.0
2852,O4,7,0.5146666666666667,0.52,0.76,1,0.0
2852,O4,8,0.52,0.525,0.7625,1,0.0
2852,O4,9,0.5213333333333333,0.505,0.7525,0,-0.03500000000000003
2852,O4,10,0.516,0.52,0.76,1,0.0
2852,O4,11,0.5293333333333333,0.525,0.7625,1,0.0
2852,O4,12,0.5293333333333333,0.525,0.7625,1,0.0
2852,O4,13,0.5293333333333333,0.52,0.76,1,0.015000000000000013
2852,O4,14,0.528,0.525,0.7625,0,-0.0050000000000000044
2852,O4,15,0.524,0.52,0.76,1,0.0
2852,O5R,1,0.2613333333333333,0.325,0.6625,1,0.0
2852,O5R,2,0.25733333333333336,0.325,0.6625,1,0.0
2852,O5R,3,0.26666666666666666,0.325,0.6625,1,0.0
2852,O5R,4,0.2653333333333333,0.325,0.6625,1,0.0
2852,O5R,5,0.25333333333333335,0.325,0.6625,1,0.0
2852,O5R,6,0.25733333333333336,0.325,0.6625,1,0.0
2852,O5R,7,0.26,0.325,0.6625,1,0.0
2852,O5R,8,0.26666666666666666,0.325,0.6625,1,0.0
2852,O5R,9,0.26,0.325,0.6625,1,0.0
2852,O5R,10,0.26266666666666666,0.325,0.6625,1,0.0
2852,O5R,11,0.264,0.325,0.6625,1,0.0
2852,O5R,12,0.2653333333333333,0.325,0.6625,1,0.0
2852,O5R,13,0.2653333333333333,0.325,0.6625,1,0.0
2852,O5R,14,0.2653333333333333,0.325,0.6625,1,0.0
2852,O5R,15,0.26266666666666666,0.325,0.6625,1,0.0
2889,O1,1,0.5226666666666666,0.55,0.775,0,0.0
2889,O1,2,0.5533333333333333,0.565,0.7825,0,0.0
2889,O1,3,0.5346666666666666,0.58,0.79,0,0.0
2889,O1,4,0.556,0.595,0.7975,0,0.0
2889,O1,5,0.552,0.585,0.7925,0,0.0
2889,O1,6,0.5493333333333333,0.595,0.7975,0,0.0
2889,O1,7,0.5533333333333333,0.595,0.7975,0,0.0
2889,O1,8,0.5586666666666666,0.595,0.7975,0,0.0
2889,O1,9,0.5493333333333333,0.595,0.7975,0,0.0
2889,O1,10,0.5586666666666666,0.595,0.7975,0,0.0
2889,O1,11,0.548,0.595,0.7975,0,0.0
2889,O1,12,0.49733333333333335,0.595,0.7975,0,0.0
2889,O1,13,0.5586666666666666,0.58,0.79,0,0.0
2889,O1,14,0.5506666666666666,0.595,0.7975,0,0.0
2889,O1,15,0.5586666666666666,0.58,0.79,0,0.0
2889,O2,1,0.5293333333333333,0.575,0.7875,0,0.0
2889,O2,2,0.5493333333333333,0.575,0.7875,0,0.0
2889,O2,3,0.516,0.575,0.7875,0,0.0
2889,O2,4,0.536,0.54,0.77,0,0.0
2889,O2,5,0.532,0.57,0.785,0,0.0
2889,O2,6,0.5426666666666666,0.56,0.78,0,0.0
2889,O2,7,0.5573333333333333,0.57,0.785,0,0.0
2889,O2,8,0.5373333333333333,0.57,0.785,0,0.0
2889,O2,9,0.548,0.57,0.785,0,0.0
2889,O2,10,0.5493333333333333,0.58,0.79,0,0.0
2889,O2,11,0.564,0.59,0.795,0,0.0
2889,O2,12,0.5706666666666667,0.59,0.795,0,0.0
2889,O2,13,0.5693333333333334,0.555,0.7775,0,0.0
2889,O2,14,0.5733333333333334,0.54,0.77,0,0.0
2889,O2,15,0.5626666666666666,0.605,0.8025,0,0.0
2889,O3,1,0.52,0.535,0.7675,0,0.0
2889,O3,2,0.5186666666666667,0.575,0.7875,0,0.0
2889,O3,3,0.536,0.595,0.7975,0,0.0
2889,O3,4,0.5453333333333333,0.595,0.7975,0,0.0
2889,O3,5,0.5453333333333333,0.595,0.7975,0,0.0
2889,O3,6,0.5506666666666666,0.595,0.7975,0,0.0
2889,O3,7,0.56,0.58,0.79,0,0.0
2889,O3,8,0.5493333333333333,0.595,0.7975,0,0.0
2889,O3,9,0.5546666666666666,0.595,0.7975,0,0.0
2889,O3,10,0.5533333333333333,0.595,0.7975,0,0.0
2889,O3,11,0.552,0.595,0.7975,0,0.0
2889,O3,12,0.548,0.595,0.7975,0,0.0
2889,O3,13,0.5573333333333333,0.595,0.7975,0,0.0
2889,O3,14,0.5533333333333333,0.58,0.79,0,0.0
2889,O3,15,0.5546666666666666,0.595,0.7975,0,0.0
2889,O4,1,0.5266666666666666,0.57,0.785,0,-0.029999999999999916
2889,O4,2,0.5106666666666667,0.52,0.76,1,0.0
2889,O4,3,0.504,0.54,0.77,1,0.0
2889,O4,4,0.512,0.555,0.7775,1,0.0050000000000000044
2889,O4,5,0.5226666666666666,0.565,0.7825,0,-0.22999999999999993
2889,O4,6,0.5093333333333333,0.6,0.8,1,0.0
2889,O4,7,0.5346666666666666,0.61,0.805,1,0.040000000000000036
2889,O4,8,0.5266666666666666,0.58,0.79,1,0.010000000000000009
2889,O4,9,0.5293333333333333,0.59,0.795,1,0.03499999999999992
2889,O4,10,0.5426666666666666,0.58,0.79,0,-0.015000000000000013
2889,O4,11,0.56,0.565,0.7825,0,-0.014999999999999902
2889,O4,12,0.552,0.57,0.785,1,0.02499999999999991
2889,O4,13,0.552,0.595,0.7975,1,0.0
2889,O4,14,0.5586666666666666,0.575,0.7875,1,0.0050000000000000044
2889,O4,15,0.56,0.58,0.79,1,0.0
2889,O5R,1,0.28,0.265,0.6325,1,0.0
2889,O5R,2,0.28,0.265,0.6325,1,0.0
2889,O5R,3,0.2826666666666667,0.265,0.6325,1,0.0
2889,O5R,4,0.2813333333333333,0.265,0.6325,1,0.0
2889,O5R,5,0.284,0.265,0.6325,1,0.0
2889,O5R,6,0.2786666666666667,0.265,0.6325,1,0.0
2889,O5R,7,0.2826666666666667,0.265,0.6325,1,0.0
2889,O5R,8,0.2813333333333333,0.265,0.6325,1,0.0
2889,O5R,9,0.2826666666666667,0.265,0.6325,1,0.0
2889,O5R,10,0.2826666666666667,0.265,0.6325,1,0.0
2889,O5R,11,0.2826666666666667,0.265,0.6325,1,0.0
2889,O5R,12,0.2826666666666667,0.265,0.6325,1,0.0
2889,O5R,13,0.2826666666666667,0.265,0.6325,1,0.0
2889,O5R,14,0.2826666666666667,0.265,0.6325,1,0.0
2889,O5R,15,0.2826666666666667,0.265,0.6325,1,0.0
2926,O1,1,0.536,0.56,0.78,0,0.0
2926,O1,2,0.52,0.56,0.78,0,0.0
2926,O1,3,0.5426666666666666,0.565,0.7825,0,0.0
2926,O1,4,0.5213333333333333,0.575,0.7875,0,0.0
2926,O1,5,0.5333333333333333,0.575,0.7875,0,0.0
2926,O1,6,0.52,0.57,0.785,0,0.0
2926,O1,7,0.516,0.57,0.785,0,0.0
2926,O1,8,0.5226666666666666,0.56,0.78,0,0.0
2926,O1,9,0.54,0.565,0.7825,0,0.0
2926,O1,10,0.5413333333333333,0.59,0.795,0,0.0
2926,O1,11,0.5453333333333333,0.575,0.7875,0,0.0
2926,O1,12,0.5106666666666667,0.575,0.7875,0,0.0
2926,O1,13,0.5293333333333333,0.59,0.795,0,0.0
2926,O1,14,0.532,0.565,0.7825,0,0.0
2926,O1,15,0.5386666666666666,0.565,0.7825,0,0.0
2926,O2,1,0.5173333333333333,0.56,0.78,0,0.0
2926,O2,2,0.5333333333333333,0.56,0.78,0,0.0
2926,O2,3,0.5413333333333333,0.56,0.78,0,0.0
2926,O2,4,0.5386666666666666,0.56,0.78,0,0.0
2926,O2,5,0.536,0.57,0.785,0,0.0
2926,O2,6,0.5386666666666666,0.57,0.785,0,0.0
2926,O2,7,0.5253333333333333,0.565,0.7825,0,0.0
2926,O2,8,0.5306666666666666,0.565,0.7825,0,0.0
2926,O2,9,0.5226666666666666,0.56,0.78,0,0.0
2926,O2,10,0.5386666666666666,0.56,0.78,0,0.0
2926,O2,11,0.5386666666666666,0.56,0.78,0,0.0
2926,O2,12,0.532,0.56,0.78,0,0.0
2926,O2,13,0.536,0.565,0.7825,0,0.0
2926,O2,14,0.5373333333333333,0.57,0.785,0,0.0
2926,O2,15,0.54,0.555,0.7775,0,0.0
2926,O3,1,0.5266666666666666,0.56,0.78,0,0.0
2926,O3,2,0.5186666666666667,0.565,0.7825,0,0.0
2926,O3,3,0.5293333333333333,0.565,0.7825,0,0.0
2926,O3,4,0.5426666666666666,0.565,0.7825,0,0.0
2926,O3,5,0.5413333333333333,0.56,0.78,0,0.0
2926,O3,6,0.5306666666666666,0.56,0.78,0,0.0
2926,O3,7,0.5226666666666666,0.56,0.78,0,0.0
2926,O3,8,0.5333333333333333,0.56,0.78,0,0.0
2926,O3,9,0.54,0.565,0.7825,0,0.0
2926,O3,10,0.5346666666666666,0.575,0.7875,0,0.0
2926,O3,11,0.536,0.56,0.78,0,0.0
2926,O3,12,0.5413333333333333,0.565,0.7825,0,0.0
2926,O3,13,0.5413333333333333,0.56,0.78,0,0.0
2926,O3,14,0.536,0.565,0.7825,0,0.0
2926,O3,15,0.54,0.565,0.7825,0,0.0
2926,O4,1,0.5266666666666666,0.56,0.78,1,0.0
2926,O4,2,0.5226666666666666,0.56,0.78,1,0.0
2926,O4,3,0.5226666666666666,0.56,0.78,1,0.0
2926,O4,4,0.5306666666666666,0.555,0.7775,0,-0.51
2926,O4,5,0.49333333333333335,0.56,0.78,1,0.0
2926,O4,6,0.5333333333333333,0.56,0.78,1,0.0
2926,O4,7,0.5226666666666666,0.545,0.7725,0,-0.010000000000000009
2926,O4,8,0.5226666666666666,0.515,0.7575,1,0.0
2926,O4,9,0.5226666666666666,0.515,0.7575,1,0.0
2926,O4,10,0.524,0.535,0.7675,1,0.0
2926,O4,11,0.5386666666666666,0.535,0.7675,0,-0.020000000000000018
2926,O4,12,0.52,0.515,0.7575,1,0.0
2926,O4,13,0.5173333333333333,0.555,0.7775,0,-0.015000000000000013
2926,O4,14,0.516,0.535,0.7675,0,-0.0050000000000000044
2926,O4,15,0.5253333333333333,0.555,0.7775,1,0.0
2926,O5R,1,0.284,0.315,0.6575,1,0.0
2926,O5R,2,0.292,0.315,0.6575,1,0.0
2926,O5R,3,0.2946666666666667,0.315,0.6575,1,0.0
2926,O5R,4,0.2946666666666667,0.315,0.6575,1,0.0
2926,O5R,5,0.2946666666666667,0.315,0.6575,1,0.0
2926,O5R,6,0.2906666666666667,0.315,0.6575,1,0.0
2926,O5R,7,0.2906666666666667,0.315,0.6575,1,0.0
2926,O5R,8,0.2946666666666667,0.315,0.6575,1,0.0
2926,O5R,9,0.2946666666666667,0.315,0.6575,1,0.0
2926,O5R,10,0.2946666666666667,0.315,0.6575,1,0.0
2926,O5R,11,0.2946666666666667,0.315,0.6575,1,0.0
2926,O5R,12,0.2946666666666667,0.315,0.6575,1,0.0
2926,O5R,13,0.2946666666666667,0.315,0.6575,1,0.0
2926,O5R,14,0.2946666666666667,0.315,0.6575,1,0.0
2926,O5R,15,0.2946666666666667,0.315,0.6575,1,0.0
2963,O1,1,0.5226666666666666,0.505,0.7525,0,0.0
2963,O1,2,0.5506666666666666,0.51,0.755,0,0.0
2963,O1,3,0.56,0.525,0.7625,0,0.0
2963,O1,4,0.5453333333333333,0.52,0.76,0,0.0
2963,O1,5,0.5573333333333333,0.52,0.76,0,0.0
2963,O1,6,0.5693333333333334,0.52,0.76,0,0.0
2963,O1,7,0.5733333333333334,0.52,0.76,0,0.0
2963,O1,8,0.5706666666666667,0.52,0.76,0,0.0
2963,O1,9,0.572,0.52,0.76,0,0.0
2963,O1,10,0.572,0.52,0.76,0,0.0
2963,O1,11,0.572,0.52,0.76,0,0.0
2963,O1,12,0.568,0.52,0.76,0,0.0
2963,O1,13,0.5693333333333334,0.52,0.76,0,0.0
2963,O1,14,0.5733333333333334,0.52,0.76,0,0.0
2963,O1,15,0.5706666666666667,0.52,0.76,0,0.0
2963,O2,1,0.5533333333333333,0.53,0.765,0,0.0
2963,O2,2,0.5453333333333333,0.535,0.7675,0,0.0
2963,O2,3,0.548,0.535,0.7675,0,0.0
2963,O2,4,0.5613333333333334,0.545,0.7725,0,0.0
2963,O2,5,0.5613333333333334,0.52,0.76,0,0.0
2963,O2,6,0.5666666666666667,0.53,0.765,0,0.0
2963,O2,7,0.5693333333333334,0.53,0.765,0,0.0
2963,O2,8,0.5786666666666667,0.56,0.78,0,0.0
2963,O2,9,0.568,0.52,0.76,0,0.0
2963,O2,10,0.5666666666666667,0.555,0.7775,0,0.0
2963,O2,11,0.5786666666666667,0.535,0.7675,0,0.0
2963,O2,12,0.5813333333333334,0.55,0.775,0,0.0
2963,O2,13,0.5826666666666667,0.565,0.7825,0,0.0
2963,O2,14,0.58,0.545,0.7725,0,0.0
2963,O2,15,0.5786666666666667,0.535,0.7675,0,0.0
2963,O3,1,0.5213333333333333,0.525,0.7625,0,0.0
2963,O3,2,0.5373333333333333,0.52,0.76,0,0.0
2963,O3,3,0.5573333333333333,0.53,0.765,0,0.0
2963,O3,4,0.5626666666666666,0.52,0.76,0,0.0
2963,O3,5,0.5426666666666666,0.53,0.765,0,0.0
2963,O3,6,0.5586666666666666,0.52,0.76,0,0.0
2963,O3,7,0.568,0.52,0.76,0,0.0
2963,O3,8,0.56,0.53,0.765,0,0.0
2963,O3,9,0.572,0.52,0.76,0,0.0
2963,O3,10,0.5546666666666666,0.52,0.76,0,0.0
2963,O3,11,0.5666666666666667,0.52,0.76,0,0.0
2963,O3,12,0.5746666666666667,0.52,0.76,0,0.0
2963,O3,13,0.572,0.52,0.76,0,0.0
2963,O3,14,0.5733333333333334,0.52,0.76,0,0.0
2963,O3,15,0.572,0.52,0.76,0,0.0
2963,O4,1,0.5146666666666667,0.525,0.7625,0,-0.030000000000000027
2963,O4,2,0.5293333333333333,0.535,0.7675,1,0.0
2963,O4,3,0.5466666666666666,0.52,0.76,1,0.0
2963,O4,4,0.5373333333333333,0.515,0.7575,1,0.0
2963,O4,5,0.5546666666666666,0.52,0.76,0,-0.0050000000000000044
2963,O4,6,0.5626666666666666,0.535,0.7675,1,0.015000000000000013
2963,O4,7,0.5626666666666666,0.53,0.765,1,0.010000000000000009
2963,O4,8,0.572,0.52,0.76,1,0.0
2963,O4,9,0.564,0.52,0.76,1,0.0
2963,O4,10,0.572,0.52,0.76,1,0.0
2963,O4,11,0.564,0.52,0.76,1,0.0
2963,O4,12,0.5706666666666667,0.53,0.765,1,0.010000000000000009
2963,O4,13,0.5693333333333334,0.535,0.7675,1,0.0050000000000000044
2963,O4,14,0.5453333333333333,0.52,0.76,1,0.0
2963,O4,15,0.572,0.52,0.76,1,0.0
2963,O5R,1,0.2906666666666667,0.25,0.625,1,0.0
2963,O5R,2,0.2786666666666667,0.25,0.625,1,0.0
2963,O5R,3,0.2906666666666667,0.25,0.625,1,0.0
2963,O5R,4,0.2906666666666667,0.25,0.625,1,0.0
2963,O5R,5,0.28933333333333333,0.25,0.625,1,0.0
2963,O5R,6,0.2906666666666667,0.25,0.625,1,0.0
2963,O5R,7,0.29333333333333333,0.25,0.625,1,0.0
2963,O5R,8,0.2853333333333333,0.25,0.625,1,0.0
2963,O5R,9,0.2906666666666667,0.25,0.625,1,0.0
2963,O5R,10,0.288,0.25,0.625,1,0.0
2963,O5R,11,0.2866666666666667,0.25,0.625,1,0.0
2963,O5R,12,0.2906666666666667,0.25,0.625,1,0.0
2963,O5R,13,0.2906666666666667,0.25,0.625,1,0.0
2963,O5R,14,0.28933333333333333,0.25,0.625,1,0.0
2963,O5R,15,0.2906666666666667,0.25,0.625,1,0.0
3000,O1,1,0.524,0.48,0.74,0,0.0
3000,O1,2,0.5306666666666666,0.485,0.7425,0,0.0
3000,O1,3,0.5186666666666667,0.48,0.74,0,0.0
3000,O1,4,0.5266666666666666,0.485,0.7425,0,0.0
3000,O1,5,0.5333333333333333,0.48,0.74,0,0.0
3000,O1,6,0.5293333333333333,0.48,0.74,0,0.0
3000,O1,7,0.5426666666666666,0.485,0.7425,0,0.0
3000,O1,8,0.5426666666666666,0.48,0.74,0,0.0
3000,O1,9,0.536,0.485,0.7425,0,0.0
3000,O1,10,0.5386666666666666,0.48,0.74,0,0.0
3000,O1,11,0.5373333333333333,0.49,0.745,0,0.0
3000,O1,12,0.52,0.495,0.7475,0,0.0
3000,O1,13,0.5333333333333333,0.49,0.745,0,0.0
3000,O1,14,0.536,0.49,0.745,0,0.0
3000,O1,15,0.528,0.47,0.735,0,0.0
3000,O2,1,0.5293333333333333,0.475,0.7375,0,0.0
3000,O2,2,0.5293333333333333,0.485,0.7425,0,0.0
3000,O2,3,0.524,0.49,0.745,0,0.0
3000,O2,4,0.5226666666666666,0.46,0.73,0,0.0
3000,O2,5,0.5306666666666666,0.48,0.74,0,0.0
3000,O2,6,0.5293333333333333,0.5,0.75,0,0.0
3000,O2,7,0.5173333333333333,0.48,0.74,0,0.0
3000,O2,8,0.532,0.485,0.7425,0,0.0
3000,O2,9,0.52,0.475,0.7375,0,0.0
3000,O2,10,0.524,0.485,0.7425,0,0.0
3000,O2,11,0.5453333333333333,0.475,0.7375,0,0.0
3000,O2,12,0.5266666666666666,0.465,0.7325,0,0.0
3000,O2,13,0.5346666666666666,0.465,0.7325,0,0.0
3000,O2,14,0.5106666666666667,0.48,0.74,0,0.0
3000,O2,15,0.532,0.485,0.7425,0,0.0
3000,O3,1,0.5133333333333333,0.465,0.7325,0,0.0
3000,O3,2,0.5173333333333333,0.465,0.7325,0,0.0
3000,O3,3,0.5186666666666667,0.46,0.73,0,0.0
3000,O3,4,0.5186666666666667,0.465,0.7325,0,0.0
3000,O3,5,0.5293333333333333,0.48,0.74,0,0.0
3000,O3,6,0.5386666666666666,0.47,0.735,0,0.0
3000,O3,7,0.528,0.48,0.74,0,0.0
3000,O3,8,0.52,0.48,0.74,0,0.0
3000,O3,9,0.5413333333333333,0.485,0.7425,0,0.0
3000,O3,10,0.5253333333333333,0.485,0.7425,0,0.0
3000,O3,11,0.5333333333333333,0.485,0.7425,0,0.0
3000,O3,12,0.5453333333333333,0.47,0.735,0,0.0
3000,O3,13,0.5093333333333333,0.465,0.7325,0,0.0
3000,O3,14,0.5346666666666666,0.46,0.73,0,0.0
3000,O3,15,0.536,0.485,0.7425,0,0.0
3000,O4,1,0.52,0.48,0.74,1,0.0
3000,O4,2,0.5266666666666666,0.485,0.7425,0,-0.019999999999999962
3000,O4,3,0.516,0.48,0.74,1,0.0
3000,O4,4,0.5306666666666666,0.48,0.74,0,-0.010000000000000009
3000,O4,5,0.5146666666666667,0.48,0.74,1,0.0
3000,O4,6,0.5173333333333333,0.485,0.7425,1,0.0050000000000000044
3000,O4,7,0.5093333333333333,0.48,0.74,1,0.0
3000,O4,8,0.5266666666666666,0.48,0.74,1,0.0
3000,O4,9,0.52,0.485,0.7425,1,0.0050000000000000044
3000,O4,10,0.5266666666666666,0.495,0.7475,1,0.0050000000000000044
3000,O4,11,0.5293333333333333,0.475,0.7375,0,-0.019999999999999962
3000,O4,12,0.5413333333333333,0.5,0.75,1,0.015000000000000013
3000,O4,13,0.5306666666666666,0.49,0.745,1,0.0050000000000000044
3000,O4,14,0.532,0.49,0.745,0,-0.0050000000000000044
3000,O4,15,0.5186666666666667,0.48,0.74,1,0.0
3000,O5R,1,0.31733333333333336,0.305,0.6525,1,0.0
3000,O5R,2,0.32,0.305,0.6525,1,0.0
3000,O5R,3,0.32133333333333336,0.305,0.6525,1,0.0
3000,O5R,4,0.324,0.305,0.6525,1,0.0
3000,O5R,5,0.32266666666666666,0.305,0.6525,1,0.0
3000,O5R,6,0.324,0.305,0.6525,1,0.0
3000,O5R,7,0.324,0.305,0.6525,1,0.0
3000,O5R,8,0.324,0.305,0.6525,1,0.0
3000,O5R,9,0.324,0.305,0.6525,1,0.0
3000,O5R,10,0.324,0.305,0.6525,1,0.0
3000,O5R,11,0.324,0.305,0.6525,1,0.0
3000,O5R,12,0.324,0.305,0.6525,1,0.0
3000,O5R,13,0.324,0.305,0.6525,1,0.0
3000,O5R,14,0.324,0.305,0.6525,1,0.0
3000,O5R,15,0.324,0.305,0.6525,1,0.0
3037,O1,1,0.504,0.54,0.77,0,0.0
3037,O1,2,0.5106666666666667,0.535,0.7675,0,0.0
3037,O1,3,0.49866666666666665,0.53,0.765,0,0.0
3037,O1,4,0.5146666666666667,0.56,0.78,0,0.0
3037,O1,5,0.5133333333333333,0.56,0.78,0,0.0
3037,O1,6,0.512,0.52,0.76,0,0.0
3037,O1,7,0.5133333333333333,0.56,0.78,0,0.0
3037,O1,8,0.528,0.535,0.7675,0,0.0
3037,O1,9,0.5066666666666667,0.535,0.7675,0,0.0
3037,O1,10,0.5146666666666667,0.54,0.77,0,0.0
3037,O1,11,0.5133333333333333,0.54,0.77,0,0.0
3037,O1,12,0.5186666666666667,0.53,0.765,0,0.0
3037,O1,13,0.5053333333333333,0.545,0.7725,0,0.0
3037,O1,14,0.528,0.545,0.7725,0,0.0
3037,O1,15,0.5226666666666666,0.51,0.755,0,0.0
3037,O2,1,0.5213333333333333,0.555,0.7775,0,0.0
3037,O2,2,0.5133333333333333,0.56,0.78,0,0.0
3037,O2,3,0.5146666666666667,0.545,0.7725,0,0.0
3037,O2,4,0.5266666666666666,0.54,0.77,0,0.0
3037,O2,5,0.5186666666666667,0.525,0.7625,0,0.0
3037,O2,6,0.5253333333333333,0.525,0.7625,0,0.0
3037,O2,7,0.5386666666666666,0.565,0.7825,0,0.0
3037,O2,8,0.5346666666666666,0.5,0.75,0,0.0
3037,O2,9,0.5133333333333333,0.51,0.755,0,0.0
3037,O2,10,0.45066666666666666,0.55,0.775,0,0.0
3037,O2,11,0.528,0.59,0.795,0,0.0
3037,O2,12,0.528,0.57,0.785,0,0.0
3037,O2,13,0.5426666666666666,0.56,0.78,0,0.0
3037,O2,14,0.5386666666666666,0.575,0.7875,0,0.0
3037,O2,15,0.548,0.56,0.78,0,0.0
3037,O3,1,0.5106666666666667,0.54,0.77,0,0.0
3037,O3,2,0.49333333333333335,0.54,0.77,0,0.0
3037,O3,3,0.5146666666666667,0.55,0.775,0,0.0
3037,O3,4,0.52,0.55,0.775,0,0.0
3037,O3,5,0.528,0.56,0.78,0,0.0
3037,O3,6,0.504,0.56,0.78,0,0.0
3037,O3,7,0.52,0.53,0.765,0,0.0
3037,O3,8,0.5186666666666667,0.545,0.7725,0,0.0
3037,O3,9,0.512,0.56,0.78,0,0.0
3037,O3,10,0.528,0.545,0.7725,0,0.0
3037,O3,11,0.532,0.545,0.7725,0,0.0
3037,O3,12,0.5186666666666667,0.56,0.78,0,0.0
3037,O3,13,0.5186666666666667,0.55,0.775,0,0.0
3037,O3,14,0.5306666666666666,0.545,0.7725,0,0.0
3037,O3,15,0.5186666666666667,0.545,0.7725,0,0.0
3037,O4,1,0.5026666666666667,0.555,0.7775,0,-0.0050000000000000044
3037,O4,2,0.49466666666666664,0.54,0.77,1,0.0
3037,O4,3,0.508,0.56,0.78,1,0.015000000000000013
3037,O4,4,0.5186666666666667,0.51,0.755,1,0.0050000000000000044
3037,O4,5,0.504,0.565,0.7825,1,0.004999999999999893
3037,O4,6,0.5013333333333333,0.55,0.775,1,0.0050000000000000044
3037,O4,7,0.5186666666666667,0.57,0.785,1,0.0
3037,O4,8,0.5013333333333333,0.56,0.78,1,0.0050000000000000044
3037,O4,9,0.5186666666666667,0.56,0.78,1,0.015000000000000013
3037,O4,10,0.5293333333333333,0.565,0.7825,1,0.019999999999999907
3037,O4,11,0.5093333333333333,0.575,0.7875,1,0.0
3037,O4,12,0.5213333333333333,0.515,0.7575,1,0.0050000000000000044
3037,O4,13,0.5133333333333333,0.545,0.7725,1,0.0050000000000000044
3037,O4,14,0.532,0.55,0.775,1,0.0
3037,O4,15,0.5253333333333333,0.55,0.775,1,0.0
3037,O5R,1,0.2986666666666667,0.305,0.6525,1,0.0
3037,O5R,2,0.3,0.305,0.6525,1,0.0
3037,O5R,3,0.30266666666666664,0.305,0.6525,1,0.0
3037,O5R,4,0.30266666666666664,0.305,0.6525,1,0.0
3037,O5R,5,0.304,0.305,0.6525,1,0.0
3037,O5R,6,0.304,0.305,0.6525,1,0.0
3037,O5R,7,0.304,0.305,0.6525,1,0.0
3037,O5R,8,0.304,0.305,0.6525,1,0.0
3037,O5R,9,0.304,0.305,0.6525,1,0.0
3037,O5R,10,0.30266666666666664,0.305,0.6525,1,0.0
3037,O5R,11,0.304,0.305,0.6525,1,0.0
3037,O5R,12,0.304,0.305,0.6525,1,0.0
3037,O5R,13,0.304,0.305,0.6525,1,0.0
3037,O5R,14,0.304,0.305,0.6525,1,0.0
3037,O5R,15,0.304,0.305,0.6525,1,0.0
3074,O1,1,0.54,0.52,0.76,0,0.0
3074,O1,2,0.564,0.52,0.76,0,0.0
3074,O1,3,0.5373333333333333,0.525,0.7625,0,0.0
3074,O1,4,0.5466666666666666,0.52,0.76,0,0.0
3074,O1,5,0.5546666666666666,0.53,0.765,0,0.0
3074,O1,6,0.5373333333333333,0.31,0.655,0,0.0
3074,O1,7,0.5466666666666666,0.53,0.765,0,0.0
3074,O1,8,0.5746666666666667,0.515,0.7575,0,0.0
3074,O1,9,0.5693333333333334,0.515,0.7575,0,0.0
3074,O1,10,0.576,0.515,0.7575,0,0.0
3074,O1,11,0.584,0.51,0.755,0,0.0
3074,O1,12,0.5746666666666667,0.515,0.7575,0,0.0
3074,O1,13,0.5813333333333334,0.515,0.7575,0,0.0
3074,O1,14,0.584,0.515,0.7575,0,0.0
3074,O1,15,0.584,0.515,0.7575,0,0.0
3074,O2,1,0.528,0.525,0.7625,0,0.0
3074,O2,2,0.5426666666666666,0.505,0.7525,0,0.0
3074,O2,3,0.5693333333333334,0.515,0.7575,0,0.0
3074,O2,4,0.564,0.51,0.755,0,0.0
3074,O2,5,0.5586666666666666,0.51,0.755,0,0.0
3074,O2,6,0.5773333333333334,0.51,0.755,0,0.0
3074,O2,7,0.576,0.53,0.765,0,0.0
3074,O2,8,0.5786666666666667,0.525,0.7625,0,0.0
3074,O2,9,0.5786666666666667,0.515,0.7575,0,0.0
3074,O2,10,0.58,0.53,0.765,0,0.0
3074,O2,11,0.5733333333333334,0.53,0.765,0,0.0
3074,O2,12,0.5693333333333334,0.53,0.765,0,0.0
3074,O2,13,0.584,0.52,0.76,0,0.0
3074,O2,14,0.5626666666666666,0.53,0.765,0,0.0
3074,O2,15,0.5706666666666667,0.515,0.7575,0,0.0
3074,O3,1,0.5386666666666666,0.515,0.7575,0,0.0
3074,O3,2,0.5346666666666666,0.525,0.7625,0,0.0
3074,O3,3,0.556,0.53,0.765,0,0.0
3074,O3,4,0.5613333333333334,0.525,0.7625,0,0.0
3074,O3,5,0.5693333333333334,0.515,0.7575,0,0.0
3074,O3,6,0.58,0.515,0.7575,0,0.0
3074,O3,7,0.5786666666666667,0.51,0.755,0,0.0
3074,O3,8,0.584,0.515,0.7575,0,0.0
3074,O3,9,0.584,0.515,0.7575,0,0.0
3074,O3,10,0.5746666666666667,0.515,0.7575,0,0.0
3074,O3,11,0.576,0.515,0.7575,0,0.0
3074,O3,12,0.568,0.515,0.7575,0,0.0
3074,O3,13,0.584,0.515,0.7575,0,0.0
3074,O3,14,0.5733333333333334,0.515,0.7575,0,0.0
3074,O3,15,0.5786666666666667,0.515,0.7575,0,0.0
3074,O4,1,0.54,0.52,0.76,1,0.0
3074,O4,2,0.5453333333333333,0.52,0.76,0,-0.0050000000000000044
3074,O4,3,0.5613333333333334,0.51,0.755,1,0.0050000000000000044
3074,O4,4,0.5626666666666666,0.525,0.7625,0,-0.0050000000000000044
3074,O4,5,0.5586666666666666,0.53,0.765,1,0.010000000000000009
3074,O4,6,0.5546666666666666,0.52,0.76,1,0.0050000000000000044
3074,O4,7,0.5666666666666667,0.515,0.7575,1,0.0
3074,O4,8,0.5733333333333334,0.535,0.7675,1,0.03500000000000003
3074,O4,9,0.5573333333333333,0.525,0.7625,1,0.0
3074,O4,10,0.5733333333333334,0.535,0.7675,0,-0.010000000000000009
3074,O4,11,0.5706666666666667,0.515,0.7575,1,0.0
3074,O4,12,0.572,0.535,0.7675,1,0.0
3074,O4,13,0.584,0.555,0.7775,1,0.03500000000000003
3074,O4,14,0.564,0.55,0.775,1,0.020000000000000018
3074,O4,15,0.56,0.545,0.7725,1,0.0050000000000000044
3074,O5R,1,0.276,0.41,0.705,1,0.0
3074,O5R,2,0.27066666666666667,0.41,0.705,1,0.0
3074,O5R,3,0.2786666666666667,0.41,0.705,1,0.0
3074,O5R,4,0.2786666666666667,0.41,0.705,1,0.0
3074,O5R,5,0.2773333333333333,0.41,0.705,1,0.0
3074,O5R,6,0.2786666666666667,0.41,0.705,1,0.0
3074,O5R,7,0.2773333333333333,0.41,0.705,1,0.0
3074,O5R,8,0.2786666666666667,0.41,0.705,1,0.0
3074,O5R,9,0.2786666666666667,0.41,0.705,1,0.0
3074,O5R,10,0.2786666666666667,0.41,0.705,1,0.0
3074,O5R,11,0.2786666666666667,0.41,0.705,1,0.0
3074,O5R,12,0.2786666666666667,0.41,0.705,1,0.0
3074,O5R,13,0.2786666666666667,0.41,0.705,1,0.0
3074,O5R,14,0.2786666666666667,0.41,0.705,1,0.0
3074,O5R,15,0.2786666666666667,0.41,0.705,1,0.0
3111,O1,1,0.5213333333333333,0.565,0.7825,0,0.0
3111,O1,2,0.536,0.565,0.7825,0,0.0
3111,O1,3,0.5373333333333333,0.565,0.7825,0,0.0
3111,O1,4,0.5386666666666666,0.565,0.7825,0,0.0
3111,O1,5,0.5413333333333333,0.555,0.7775,0,0.0
3111,O1,6,0.504,0.58,0.79,0,0.0
3111,O1,7,0.536,0.56,0.78,0,0.0
3111,O1,8,0.5426666666666666,0.56,0.78,0,0.0
3111,O1,9,0.5386666666666666,0.56,0.78,0,0.0
3111,O1,10,0.536,0.57,0.785,0,0.0
3111,O1,11,0.5426666666666666,0.565,0.7825,0,0.0
3111,O1,12,0.5426666666666666,0.56,0.78,0,0.0
3111,O1,13,0.5453333333333333,0.565,0.7825,0,0.0
3111,O1,14,0.5453333333333333,0.565,0.7825,0,0.0
3111,O1,15,0.5453333333333333,0.565,0.7825,0,0.0
3111,O2,1,0.5253333333333333,0.56,0.78,0,0.0
3111,O2,2,0.5293333333333333,0.555,0.7775,0,0.0
3111,O2,3,0.5386666666666666,0.555,0.7775,0,0.0
3111,O2,4,0.5386666666666666,0.59,0.795,0,0.0
3111,O2,5,0.5506666666666666,0.575,0.7875,0,0.0
3111,O2,6,0.5546666666666666,0.59,0.795,0,0.0
3111,O2,7,0.544,0.565,0.7825,0,0.0
3111,O2,8,0.552,0.56,0.78,0,0.0
3111,O2,9,0.512,0.58,0.79,0,0.0
3111,O2,10,0.544,0.565,0.7825,0,0.0
3111,O2,11,0.5493333333333333,0.555,0.7775,0,0.0
3111,O2,12,0.5586666666666666,0.58,0.79,0,0.0
3111,O2,13,0.548,0.57,0.785,0,0.0
3111,O2,14,0.5573333333333333,0.57,0.785,0,0.0
3111,O2,15,0.56,0.595,0.7975,0,0.0
3111,O3,1,0.516,0.565,0.7825,0,0.0
3111,O3,2,0.5186666666666667,0.555,0.7775,0,0.0
3111,O3,3,0.5346666666666666,0.555,0.7775,0,0.0
3111,O3,4,0.536,0.565,0.7825,0,0.0
3111,O3,5,0.5213333333333333,0.555,0.7775,0,0.0
3111,O3,6,0.5253333333333333,0.555,0.7775,0,0.0
3111,O3,7,0.5413333333333333,0.555,0.7775,0,0.0
3111,O3,8,0.54,0.565,0.7825,0,0.0
3111,O3,9,0.5453333333333333,0.56,0.78,0,0.0
3111,O3,10,0.5466666666666666,0.565,0.7825,0,0.0
3111,O3,11,0.5426666666666666,0.565,0.7825,0,0.0
3111,O3,12,0.5426666666666666,0.565,0.7825,0,0.0
3111,O3,13,0.5413333333333333,0.565,0.7825,0,0.0
3111,O3,14,0.544,0.565,0.7825,0,0.0
3111,O3,15,0.5426666666666666,0.565,0.7825,0,0.0
3111,O4,1,0.52,0.555,0.7775,1,0.0
3111,O4,2,0.5306666666666666,0.555,0.7775,1,0.0
3111,O4,3,0.5253333333333333,0.565,0.7825,1,0.0
3111,O4,4,0.52,0.565,0.7825,1,0.009999999999999898
3111,O4,5,0.5146666666666667,0.56,0.78,1,0.0
3111,O4,6,0.5306666666666666,0.565,0.7825,1,0.009999999999999898
3111,O4,7,0.52,0.565,0.7825,1,0.0
3111,O4,8,0.5173333333333333,0.565,0.7825,1,0.0
3111,O4,9,0.5293333333333333,0.56,0.78,1,0.0
3111,O4,10,0.5173333333333333,0.56,0.78,1,0.0
3111,O4,11,0.49866666666666665,0.535,0.7675,1,0.0
3111,O4,12,0.5226666666666666,0.57,0.785,0,-0.009999999999999898
3111,O4,13,0.5386666666666666,0.57,0.785,1,0.014999999999999902
3111,O4,14,0.524,0.565,0.7825,1,0.0
3111,O4,15,0.5373333333333333,0.565,0.7825,1,0.0
3111,O5R,1,0.2786666666666667,0.29,0.645,1,0.0
3111,O5R,2,0.29333333333333333,0.29,0.645,1,0.0
3111,O5R,3,0.2866666666666667,0.29,0.645,1,0.0
3111,O5R,4,0.2906666666666667,0.29,0.645,1,0.0
3111,O5R,5,0.292,0.29,0.645,1,0.0
3111,O5R,6,0.2866666666666667,0.29,0.645,1,0.0
3111,O5R,7,0.2906666666666667,0.29,0.645,1,0.0
3111,O5R,8,0.2906666666666667,0.29,0.645,1,0.0
3111,O5R,9,0.2906666666666667,0.29,0.645,1,0.0
3111,O5R,10,0.2906666666666667,0.29,0.645,1,0.0
3111,O5R,11,0.2906666666666667,0.29,0.645,1,0.0
3111,O5R,12,0.2906666666666667,0.29,0.645,1,0.0
3111,O5R,13,0.2906666666666667,0.29,0.645,1,0.0
3111,O5R,14,0.2906666666666667,0.29,0.645,1,0.0
3111,O5R,15,0.2906666666666667,0.29,0.645,1,0.0
3148,O1,1,0.552,0.425,0.7125,0,0.0
3148,O1,2,0.548,0.515,0.7575,0,0.0
3148,O1,3,0.5613333333333334,0.5,0.75,0,0.0
3148,O1,4,0.5586666666666666,0.485,0.7425,0,0.0
3148,O1,5,0.5533333333333333,0.47,0.735,0,0.0
3148,O1,6,0.5586666666666666,0.47,0.735,0,0.0
3148,O1,7,0.5653333333333334,0.47,0.735,0,0.0
3148,O1,8,0.5653333333333334,0.465,0.7325,0,0.0
3148,O1,9,0.56,0.465,0.7325,0,0.0
3148,O1,10,0.5626666666666666,0.47,0.735,0,0.0
3148,O1,11,0.5733333333333334,0.47,0.735,0,0.0
3148,O1,12,0.5653333333333334,0.47,0.735,0,0.0
3148,O1,13,0.568,0.47,0.735,0,0.0
3148,O1,14,0.5666666666666667,0.47,0.735,0,0.0
3148,O1,15,0.568,0.47,0.735,0,0.0
3148,O2,1,0.5453333333333333,0.475,0.7375,0,0.0
3148,O2,2,0.5413333333333333,0.43,0.715,0,0.0
3148,O2,3,0.5546666666666666,0.485,0.7425,0,0.0
3148,O2,4,0.5413333333333333,0.465,0.7325,0,0.0
3148,O2,5,0.5626666666666666,0.49,0.745,0,0.0
3148,O2,6,0.5626666666666666,0.485,0.7425,0,0.0
3148,O2,7,0.556,0.485,0.7425,0,0.0
3148,O2,8,0.5653333333333334,0.49,0.745,0,0.0
3148,O2,9,0.5666666666666667,0.515,0.7575,0,0.0
3148,O2,10,0.5666666666666667,0.495,0.7475,0,0.0
3148,O2,11,0.5573333333333333,0.51,0.755,0,0.0
3148,O2,12,0.576,0.51,0.755,0,0.0
3148,O2,13,0.5586666666666666,0.5,0.75,0,0.0
3148,O2,14,0.5613333333333334,0.515,0.7575,0,0.0
3148,O2,15,0.5666666666666667,0.485,0.7425,0,0.0
3148,O3,1,0.56,0.485,0.7425,0,0.0
3148,O3,2,0.54,0.43,0.715,0,0.0
3148,O3,3,0.5413333333333333,0.51,0.755,0,0.0
3148,O3,4,0.5613333333333334,0.465,0.7325,0,0.0
3148,O3,5,0.5573333333333333,0.47,0.735,0,0.0
3148,O3,6,0.5413333333333333,0.465,0.7325,0,0.0
3148,O3,7,0.5613333333333334,0.47,0.735,0,0.0
3148,O3,8,0.5626666666666666,0.465,0.7325,0,0.0
3148,O3,9,0.5693333333333334,0.465,0.7325,0,0.0
3148,O3,10,0.5573333333333333,0.465,0.7325,0,0.0
3148,O3,11,0.5653333333333334,0.465,0.7325,0,0.0
3148,O3,12,0.564,0.47,0.735,0,0.0
3148,O3,13,0.564,0.465,0.7325,0,0.0
3148,O3,14,0.5706666666666667,0.47,0.735,0,0.0
3148,O3,15,0.5666666666666667,0.47,0.735,0,0.0
3148,O4,1,0.5413333333333333,0.485,0.7425,0,-0.06
3148,O4,2,0.52,0.51,0.755,1,0.0
3148,O4,3,0.5266666666666666,0.5,0.75,1,0.0
3148,O4,4,0.556,0.51,0.755,1,0.0
3148,O4,5,0.5466666666666666,0.515,0.7575,0,-0.015000000000000013
3148,O4,6,0.5666666666666667,0.42,0.71,0,-0.024999999999999967
3148,O4,7,0.5493333333333333,0.46,0.73,0,-0.025000000000000022
3148,O4,8,0.5413333333333333,0.4,0.7,0,-0.0050000000000000044
3148,O4,9,0.5573333333333333,0.48,0.74,0,-0.024999999999999967
3148,O4,10,0.548,0.51,0.755,0,-0.010000000000000009
3148,O4,11,0.5573333333333333,0.465,0.7325,1,0.0
3148,O4,12,0.5626666666666666,0.53,0.765,1,0.0
3148,O4,13,0.5493333333333333,0.5,0.75,1,0.0
3148,O4,14,0.5746666666666667,0.47,0.735,1,0.0
3148,O4,15,0.532,0.435,0.7175,1,0.0
3148,O5R,1,0.2866666666666667,0.325,0.6625,1,0.0
3148,O5R,2,0.284,0.325,0.6625,1,0.0
3148,O5R,3,0.272,0.325,0.6625,1,0.0
3148,O5R,4,0.2826666666666667,0.325,0.6625,1,0.0
3148,O5R,5,0.2866666666666667,0.325,0.6625,1,0.0
3148,O5R,6,0.2866666666666667,0.325,0.6625,1,0.0
3148,O5R,7,0.2853333333333333,0.325,0.6625,1,0.0
3148,O5R,8,0.2866666666666667,0.325,0.6625,1,0.0
3148,O5R,9,0.2866666666666667,0.325,0.6625,1,0.0
3148,O5R,10,0.2866666666666667,0.325,0.6625,1,0.0
3148,O5R,11,0.2866666666666667,0.325,0.6625,1,0.0
3148,O5R,12,0.2866666666666667,0.325,0.6625,1,0.0
3148,O5R,13,0.2853333333333333,0.325,0.6625,1,0.0
3148,O5R,14,0.2866666666666667,0.325,0.6625,1,0.0
3148,O5R,15,0.2866666666666667,0.325,0.6625,1,0.0
3185,O1,1,0.5146666666666667,0.565,0.7825,0,0.0
3185,O1,2,0.512,0.56,0.78,0,0.0
3185,O1,3,0.49866666666666665,0.56,0.78,0,0.0
3185,O1,4,0.5093333333333333,0.56,0.78,0,0.0
3185,O1,5,0.5213333333333333,0.56,0.78,0,0.0
3185,O1,6,0.5146666666666667,0.555,0.7775,0,0.0
3185,O1,7,0.52,0.565,0.7825,0,0.0
3185,O1,8,0.5173333333333333,0.565,0.7825,0,0.0
3185,O1,9,0.5226666666666666,0.565,0.7825,0,0.0
3185,O1,10,0.52,0.565,0.7825,0,0.0
3185,O1,11,0.5226666666666666,0.565,0.7825,0,0.0
3185,O1,12,0.524,0.565,0.7825,0,0.0
3185,O1,13,0.5293333333333333,0.565,0.7825,0,0.0
3185,O1,14,0.5226666666666666,0.565,0.7825,0,0.0
3185,O1,15,0.5306666666666666,0.565,0.7825,0,0.0
3185,O2,1,0.48933333333333334,0.565,0.7825,0,0.0
3185,O2,2,0.5,0.555,0.7775,0,0.0
3185,O2,3,0.5133333333333333,0.57,0.785,0,0.0
3185,O2,4,0.5173333333333333,0.565,0.7825,0,0.0
3185,O2,5,0.5266666666666666,0.56,0.78,0,0.0
3185,O2,6,0.5146666666666667,0.59,0.795,0,0.0
3185,O2,7,0.5026666666666667,0.59,0.795,0,0.0
3185,O2,8,0.5066666666666667,0.58,0.79,0,0.0
3185,O2,9,0.5186666666666667,0.57,0.785,0,0.0
3185,O2,10,0.5213333333333333,0.575,0.7875,0,0.0
3185,O2,11,0.524,0.58,0.79,0,0.0
3185,O2,12,0.436,0.54,0.77,0,0.0
3185,O2,13,0.4786666666666667,0.58,0.79,0,0.0
3185,O2,14,0.5173333333333333,0.58,0.79,0,0.0
3185,O2,15,0.5253333333333333,0.565,0.7825,0,0.0
3185,O3,1,0.5186666666666667,0.56,0.78,0,0.0
3185,O3,2,0.5026666666666667,0.56,0.78,0,0.0
3185,O3,3,0.5173333333333333,0.56,0.78,0,0.0
3185,O3,4,0.5186666666666667,0.56,0.78,0,0.0
3185,O3,5,0.5093333333333333,0.56,0.78,0,0.0
3185,O3,6,0.5146666666666667,0.565,0.7825,0,0.0
3185,O3,7,0.5186666666666667,0.565,0.7825,0,0.0
3185,O3,8,0.5213333333333333,0.565,0.7825,0,0.0
3185,O3,9,0.528,0.565,0.7825,0,0.0
3185,O3,10,0.5253333333333333,0.565,0.7825,0,0.0
3185,O3,11,0.5213333333333333,0.565,0.7825,0,0.0
3185,O3,12,0.5173333333333333,0.565,0.7825,0,0.0
3185,O3,13,0.528,0.565,0.7825,0,0.0
3185,O3,14,0.5253333333333333,0.565,0.7825,0,0.0
3185,O3,15,0.5226666666666666,0.565,0.7825,0,0.0
3185,O4,1,0.5093333333333333,0.565,0.7825,0,-0.009999999999999898
3185,O4,2,0.5106666666666667,0.56,0.78,1,0.0
3185,O4,3,0.5066666666666667,0.565,0.7825,1,0.004999999999999893
3185,O4,4,0.504,0.56,0.78,1,0.0
3185,O4,5,0.504,0.56,0.78,1,0.0
3185,O4,6,0.49733333333333335,0.56,0.78,1,0.0
3185,O4,7,0.49733333333333335,0.565,0.7825,0,-0.014999999999999902
3185,O4,8,0.5053333333333333,0.55,0.775,1,0.0050000000000000044
3185,O4,9,0.4186666666666667,0.52,0.76,1,0.2
3185,O4,10,0.5026666666666667,0.52,0.76,0,-0.0050000000000000044
3185,O4,11,0.49866666666666665,0.555,0.7775,0,-0.025000000000000022
3185,O4,12,0.5053333333333333,0.555,0.7775,1,0.0
3185,O4,13,0.5186666666666667,0.565,0.7825,1,0.0
3185,O4,14,0.5213333333333333,0.565,0.7825,1,0.0
3185,O4,15,0.5093333333333333,0.565,0.7825,0,-0.009999999999999898
3185,O5R,1,0.29333333333333333,0.37,0.685,1,0.0
3185,O5R,2,0.3,0.37,0.685,1,0.0
3185,O5R,3,0.30133333333333334,0.37,0.685,1,0.0
3185,O5R,4,0.3,0.37,0.685,1,0.0
3185,O5R,5,0.2986666666666667,0.37,0.685,1,0.0
3185,O5R,6,0.3,0.37,0.685,1,0.0
3185,O5R,7,0.30133333333333334,0.37,0.685,1,0.0
3185,O5R,8,0.3,0.37,0.685,1,0.0
3185,O5R,9,0.30133333333333334,0.37,0.685,1,0.0
3185,O5R,10,0.30133333333333334,0.37,0.685,1,0.0
3185,O5R,11,0.30266666666666664,0.37,0.685,1,0.0
3185,O5R,12,0.30133333333333334,0.37,0.685,1,0.0
3185,O5R,13,0.3,0.37,0.685,1,0.0
3185,O5R,14,0.30133333333333334,0.37,0.685,1,0.0
3185,O5R,15,0.30133333333333334,0.37,0.685,1,0.0
3222,O1,1,0.5146666666666667,0.52,0.76,0,0.0
3222,O1,2,0.5306666666666666,0.515,0.7575,0,0.0
3222,O1,3,0.52,0.515,0.7575,0,0.0
3222,O1,4,0.5426666666666666,0.52,0.76,0,0.0
3222,O1,5,0.54,0.52,0.76,0,0.0
3222,O1,6,0.5466666666666666,0.515,0.7575,0,0.0
3222,O1,7,0.532,0.52,0.76,0,0.0
3222,O1,8,0.5346666666666666,0.515,0.7575,0,0.0
3222,O1,9,0.5426666666666666,0.53,0.765,0,0.0
3222,O1,10,0.5293333333333333,0.53,0.765,0,0.0
3222,O1,11,0.5306666666666666,0.515,0.7575,0,0.0
3222,O1,12,0.54,0.515,0.7575,0,0.0
3222,O1,13,0.5333333333333333,0.525,0.7625,0,0.0
3222,O1,14,0.5386666666666666,0.515,0.7575,0,0.0
3222,O1,15,0.5413333333333333,0.515,0.7575,0,0.0
3222,O2,1,0.5213333333333333,0.52,0.76,0,0.0
3222,O2,2,0.5306666666666666,0.515,0.7575,0,0.0
3222,O2,3,0.5333333333333333,0.52,0.76,0,0.0
3222,O2,4,0.5373333333333333,0.525,0.7625,0,0.0
3222,O2,5,0.544,0.53,0.765,0,0.0
3222,O2,6,0.5373333333333333,0.52,0.76,0,0.0
3222,O2,7,0.536,0.52,0.76,0,0.0
3222,O2,8,0.548,0.52,0.76,0,0.0
3222,O2,9,0.512,0.515,0.7575,0,0.0
3222,O2,10,0.5293333333333333,0.52,0.76,0,0.0
3222,O2,11,0.544,0.515,0.7575,0,0.0
3222,O2,12,0.5386666666666666,0.515,0.7575,0,0.0
3222,O2,13,0.5586666666666666,0.52,0.76,0,0.0
3222,O2,14,0.5506666666666666,0.525,0.7625,0,0.0
3222,O2,15,0.5586666666666666,0.52,0.76,0,0.0
3222,O3,1,0.5173333333333333,0.52,0.76,0,0.0
3222,O3,2,0.5346666666666666,0.515,0.7575,0,0.0
3222,O3,3,0.544,0.515,0.7575,0,0.0
3222,O3,4,0.528,0.515,0.7575,0,0.0
3222,O3,5,0.5346666666666666,0.515,0.7575,0,0.0
3222,O3,6,0.536,0.52,0.76,0,0.0
3222,O3,7,0.5413333333333333,0.52,0.76,0,0.0
3222,O3,8,0.544,0.515,0.7575,0,0.0
3222,O3,9,0.5373333333333333,0.515,0.7575,0,0.0
3222,O3,10,0.54,0.52,0.76,0,0.0
3222,O3,11,0.5493333333333333,0.515,0.7575,0,0.0
3222,O3,12,0.5413333333333333,0.515,0.7575,0,0.0
3222,O3,13,0.5466666666666666,0.52,0.76,0,0.0
3222,O3,14,0.548,0.515,0.7575,0,0.0
3222,O3,15,0.5466666666666666,0.515,0.7575,0,0.0
3222,O4,1,0.5266666666666666,0.52,0.76,0,-0.0050000000000000044
3222,O4,2,0.5373333333333333,0.52,0.76,1,0.0050000000000000044
3222,O4,3,0.5306666666666666,0.515,0.7575,1,0.0
3222,O4,4,0.5266666666666666,0.515,0.7575,1,0.0
3222,O4,5,0.5346666666666666,0.53,0.765,1,0.010000000000000009
3222,O4,6,0.5133333333333333,0.52,0.76,1,0.0
3222,O4,7,0.52,0.53,0.765,0,-0.010000000000000009
3222,O4,8,0.5213333333333333,0.525,0.7625,1,0.0050000000000000044
3222,O4,9,0.52,0.525,0.7625,1,0.0
3222,O4,10,0.5306666666666666,0.52,0.76,1,0.0
3222,O4,11,0.536,0.53,0.765,1,0.0050000000000000044
3222,O4,12,0.5293333333333333,0.53,0.765,1,0.0
3222,O4,13,0.5346666666666666,0.53,0.765,1,0.0
3222,O4,14,0.5333333333333333,0.53,0.765,1,0.0
3222,O4,15,0.5346666666666666,0.53,0.765,1,0.0
3222,O5R,1,0.29333333333333333,0.33,0.665,1,0.0
3222,O5R,2,0.30266666666666664,0.33,0.665,1,0.0
3222,O5R,3,0.29733333333333334,0.33,0.665,1,0.0
3222,O5R,4,0.30266666666666664,0.33,0.665,1,0.0
3222,O5R,5,0.30133333333333334,0.33,0.665,1,0.0
3222,O5R,6,0.30266666666666664,0.33,0.665,1,0.0
3222,O5R,7,0.30133333333333334,0.33,0.665,1,0.0
3222,O5R,8,0.30266666666666664,0.33,0.665,1,0.0
3222,O5R,9,0.30266666666666664,0.33,0.665,1,0.0
3222,O5R,10,0.30266666666666664,0.33,0.665,1,0.0
3222,O5R,11,0.30266666666666664,0.33,0.665,1,0.0
3222,O5R,12,0.30666666666666664,0.33,0.665,1,0.0
3222,O5R,13,0.29333333333333333,0.33,0.665,1,0.0
3222,O5R,14,0.3,0.33,0.665,1,0.0
3222,O5R,15,0.30266666666666664,0.33,0.665,1,0.0
3259,O1,1,0.5186666666666667,0.57,0.785,0,0.0
3259,O1,2,0.49466666666666664,0.44,0.72,0,0.0
3259,O1,3,0.52,0.615,0.8075,0,0.0
3259,O1,4,0.5333333333333333,0.615,0.8075,0,0.0
3259,O1,5,0.5266666666666666,0.635,0.8175,0,0.0
3259,O1,6,0.528,0.59,0.795,0,0.0
3259,O1,7,0.536,0.56,0.78,0,0.0
3259,O1,8,0.532,0.59,0.795,0,0.0
3259,O1,9,0.5333333333333333,0.57,0.785,0,0.0
3259,O1,10,0.5373333333333333,0.565,0.7825,0,0.0
3259,O1,11,0.5373333333333333,0.56,0.78,0,0.0
3259,O1,12,0.5386666666666666,0.59,0.795,0,0.0
3259,O1,13,0.5386666666666666,0.59,0.795,0,0.0
3259,O1,14,0.5253333333333333,0.59,0.795,0,0.0
3259,O1,15,0.5386666666666666,0.615,0.8075,0,0.0
3259,O2,1,0.5413333333333333,0.6,0.8,0,0.0
3259,O2,2,0.49333333333333335,0.595,0.7975,0,0.0
3259,O2,3,0.5306666666666666,0.615,0.8075,0,0.0
3259,O2,4,0.5333333333333333,0.59,0.795,0,0.0
3259,O2,5,0.552,0.59,0.795,0,0.0
3259,O2,6,0.5426666666666666,0.59,0.795,0,0.0
3259,O2,7,0.5413333333333333,0.595,0.7975,0,0.0
3259,O2,8,0.5373333333333333,0.59,0.795,0,0.0
3259,O2,9,0.5426666666666666,0.59,0.795,0,0.0
3259,O2,10,0.532,0.4,0.7,0,0.0
3259,O2,11,0.45866666666666667,0.605,0.8025,0,0.0
3259,O2,12,0.5466666666666666,0.565,0.7825,0,0.0
3259,O2,13,0.5253333333333333,0.595,0.7975,0,0.0
3259,O2,14,0.5373333333333333,0.595,0.7975,0,0.0
3259,O2,15,0.54,0.59,0.795,0,0.0
3259,O3,1,0.508,0.615,0.8075,0,0.0
3259,O3,2,0.5253333333333333,0.635,0.8175,0,0.0
3259,O3,3,0.524,0.625,0.8125,0,0.0
3259,O3,4,0.524,0.59,0.795,0,0.0
3259,O3,5,0.5346666666666666,0.59,0.795,0,0.0
3259,O3,6,0.516,0.635,0.8175,0,0.0
3259,O3,7,0.5373333333333333,0.615,0.8075,0,0.0
3259,O3,8,0.552,0.565,0.7825,0,0.0
3259,O3,9,0.5426666666666666,0.595,0.7975,0,0.0
3259,O3,10,0.54,0.605,0.8025,0,0.0
3259,O3,11,0.5373333333333333,0.59,0.795,0,0.0
3259,O3,12,0.5453333333333333,0.605,0.8025,0,0.0
3259,O3,13,0.532,0.605,0.8025,0,0.0
3259,O3,14,0.5293333333333333,0.61,0.805,0,0.0
3259,O3,15,0.552,0.605,0.8025,0,0.0
3259,O4,1,0.49733333333333335,0.615,0.8075,1,0.0
3259,O4,2,0.46,0.605,0.8025,1,0.015000000000000013
3259,O4,3,0.5426666666666666,0.59,0.795,0,-0.03499999999999992
3259,O4,4,0.5066666666666667,0.535,0.7675,1,0.0050000000000000044
3259,O4,5,0.5306666666666666,0.55,0.775,1,0.0
3259,O4,6,0.532,0.59,0.795,0,-0.0050000000000000044
3259,O4,7,0.5253333333333333,0.56,0.78,0,-0.010000000000000009
3259,O4,8,0.5293333333333333,0.585,0.7925,0,-0.010000000000000009
3259,O4,9,0.54,0.55,0.775,1,0.0
3259,O4,10,0.5253333333333333,0.625,0.8125,1,0.0
3259,O4,11,0.528,0.595,0.7975,0,-0.0050000000000000044
3259,O4,12,0.5453333333333333,0.585,0.7925,1,0.0
3259,O4,13,0.5306666666666666,0.575,0.7875,1,0.0
3259,O4,14,0.524,0.575,0.7875,1,0.0
3259,O4,15,0.5426666666666666,0.59,0.795,1,0.0
3259,O5R,1,0.26666666666666666,0.31,0.655,1,0.0
3259,O5R,2,0.2693333333333333,0.31,0.655,1,0.0
3259,O5R,3,0.272,0.31,0.655,1,0.0
3259,O5R,4,0.27066666666666667,0.31,0.655,1,0.0
3259,O5R,5,0.27066666666666667,0.31,0.655,1,0.0
3259,O5R,6,0.272,0.31,0.655,1,0.0
3259,O5R,7,0.272,0.31,0.655,1,0.0
3259,O5R,8,0.272,0.31,0.655,1,0.0
3259,O5R,9,0.272,0.31,0.655,1,0.0
3259,O5R,10,0.272,0.31,0.655,1,0.0
3259,O5R,11,0.272,0.31,0.655,1,0.0
3259,O5R,12,0.272,0.31,0.655,1,0.0
3259,O5R,13,0.272,0.31,0.655,1,0.0
3259,O5R,14,0.272,0.31,0.655,1,0.0
3259,O5R,15,0.272,0.31,0.655,1,0.0
3296,O1,1,0.5373333333333333,0.55,0.775,0,0.0
3296,O1,2,0.5586666666666666,0.56,0.78,0,0.0
3296,O1,3,0.544,0.56,0.78,0,0.0
3296,O1,4,0.544,0.56,0.78,0,0.0
3296,O1,5,0.5506666666666666,0.575,0.7875,0,0.0
3296,O1,6,0.5453333333333333,0.57,0.785,0,0.0
3296,O1,7,0.56,0.575,0.7875,0,0.0
3296,O1,8,0.5453333333333333,0.575,0.7875,0,0.0
3296,O1,9,0.556,0.57,0.785,0,0.0
3296,O1,10,0.556,0.555,0.7775,0,0.0
3296,O1,11,0.5013333333333333,0.56,0.78,0,0.0
3296,O1,12,0.54,0.575,0.7875,0,0.0
3296,O1,13,0.548,0.575,0.7875,0,0.0
3296,O1,14,0.5573333333333333,0.565,0.7825,0,0.0
3296,O1,15,0.5586666666666666,0.575,0.7875,0,0.0
3296,O2,1,0.544,0.555,0.7775,0,0.0
3296,O2,2,0.544,0.56,0.78,0,0.0
3296,O2,3,0.5453333333333333,0.555,0.7775,0,0.0
3296,O2,4,0.556,0.545,0.7725,0,0.0
3296,O2,5,0.552,0.55,0.775,0,0.0
3296,O2,6,0.5506666666666666,0.56,0.78,0,0.0
3296,O2,7,0.5546666666666666,0.56,0.78,0,0.0
3296,O2,8,0.56,0.555,0.7775,0,0.0
3296,O2,9,0.556,0.56,0.78,0,0.0
3296,O2,10,0.548,0.565,0.7825,0,0.0
3296,O2,11,0.552,0.55,0.775,0,0.0
3296,O2,12,0.5533333333333333,0.555,0.7775,0,0.0
3296,O2,13,0.5466666666666666,0.54,0.77,0,0.0
3296,O2,14,0.5493333333333333,0.56,0.78,0,0.0
3296,O2,15,0.5453333333333333,0.57,0.785,0,0.0
3296,O3,1,0.532,0.56,0.78,0,0.0
3296,O3,2,0.5413333333333333,0.56,0.78,0,0.0
3296,O3,3,0.5413333333333333,0.555,0.7775,0,0.0
3296,O3,4,0.5466666666666666,0.555,0.7775,0,0.0
3296,O3,5,0.552,0.57,0.785,0,0.0
3296,O3,6,0.556,0.56,0.78,0,0.0
3296,O3,7,0.5506666666666666,0.575,0.7875,0,0.0
3296,O3,8,0.532,0.575,0.7875,0,0.0
3296,O3,9,0.544,0.545,0.7725,0,0.0
3296,O3,10,0.5426666666666666,0.57,0.785,0,0.0
3296,O3,11,0.5533333333333333,0.56,0.78,0,0.0
3296,O3,12,0.548,0.575,0.7875,0,0.0
3296,O3,13,0.5493333333333333,0.56,0.78,0,0.0
3296,O3,14,0.5293333333333333,0.565,0.7825,0,0.0
3296,O3,15,0.5546666666666666,0.565,0.7825,0,0.0
3296,O4,1,0.54,0.555,0.7775,0,-0.0050000000000000044
3296,O4,2,0.5373333333333333,0.56,0.78,1,0.0
3296,O4,3,0.536,0.56,0.78,1,0.0
3296,O4,4,0.5386666666666666,0.56,0.78,1,0.0
3296,O4,5,0.5373333333333333,0.56,0.78,1,0.0
3296,O4,6,0.5173333333333333,0.58,0.79,1,0.015000000000000013
3296,O4,7,0.524,0.565,0.7825,0,-0.009999999999999898
3296,O4,8,0.5346666666666666,0.565,0.7825,1,0.0
3296,O4,9,0.54,0.565,0.7825,1,0.0
3296,O4,10,0.544,0.555,0.7775,1,0.0
3296,O4,11,0.5466666666666666,0.565,0.7825,1,0.0
3296,O4,12,0.5426666666666666,0.565,0.7825,1,0.0
3296,O4,13,0.5453333333333333,0.565,0.7825,1,0.0
3296,O4,14,0.5533333333333333,0.555,0.7775,1,0.0050000000000000044
3296,O4,15,0.5746666666666667,0.575,0.7875,0,-0.0050000000000000044
3296,O5R,1,0.29733333333333334,0.3,0.65,1,0.0
3296,O5R,2,0.30133333333333334,0.3,0.65,1,0.0
3296,O5R,3,0.30266666666666664,0.3,0.65,1,0.0
3296,O5R,4,0.30266666666666664,0.3,0.65,1,0.0
3296,O5R,5,0.30266666666666664,0.3,0.65,1,0.0
3296,O5R,6,0.30266666666666664,0.3,0.65,1,0.0
3296,O5R,7,0.30133333333333334,0.3,0.65,1,0.0
3296,O5R,8,0.30266666666666664,0.3,0.65,1,0.0
3296,O5R,9,0.30133333333333334,0.3,0.65,1,0.0
3296,O5R,10,0.30266666666666664,0.3,0.65,1,0.0
3296,O5R,11,0.30266666666666664,0.3,0.65,1,0.0
3296,O5R,12,0.30266666666666664,0.3,0.65,1,0.0
3296,O5R,13,0.30266666666666664,0.3,0.65,1,0.0
3296,O5R,14,0.30266666666666664,0.3,0.65,1,0.0
3296,O5R,15,0.30266666666666664,0.3,0.65,1,0.0
3333,O1,1,0.5413333333333333,0.525,0.7625,0,0.0
3333,O1,2,0.524,0.53,0.765,0,0.0
3333,O1,3,0.5293333333333333,0.53,0.765,0,0.0
3333,O1,4,0.5386666666666666,0.53,0.765,0,0.0
3333,O1,5,0.5466666666666666,0.53,0.765,0,0.0
3333,O1,6,0.548,0.53,0.765,0,0.0
3333,O1,7,0.544,0.53,0.765,0,0.0
3333,O1,8,0.5466666666666666,0.53,0.765,0,0.0
3333,O1,9,0.548,0.53,0.765,0,0.0
3333,O1,10,0.5506666666666666,0.53,0.765,0,0.0
3333,O1,11,0.5533333333333333,0.53,0.765,0,0.0
3333,O1,12,0.5493333333333333,0.53,0.765,0,0.0
3333,O1,13,0.544,0.53,0.765,0,0.0
3333,O1,14,0.5426666666666666,0.53,0.765,0,0.0
3333,O1,15,0.5453333333333333,0.53,0.765,0,0.0
3333,O2,1,0.54,0.535,0.7675,0,0.0
3333,O2,2,0.5413333333333333,0.53,0.765,0,0.0
3333,O2,3,0.54,0.56,0.78,0,0.0
3333,O2,4,0.544,0.53,0.765,0,0.0
3333,O2,5,0.544,0.56,0.78,0,0.0
3333,O2,6,0.5466666666666666,0.535,0.7675,0,0.0
3333,O2,7,0.5026666666666667,0.54,0.77,0,0.0
3333,O2,8,0.5613333333333334,0.535,0.7675,0,0.0
3333,O2,9,0.5493333333333333,0.54,0.77,0,0.0
3333,O2,10,0.5413333333333333,0.54,0.77,0,0.0
3333,O2,11,0.5506666666666666,0.55,0.775,0,0.0
3333,O2,12,0.5573333333333333,0.49,0.745,0,0.0
3333,O2,13,0.5586666666666666,0.525,0.7625,0,0.0
3333,O2,14,0.5613333333333334,0.545,0.7725,0,0.0
3333,O2,15,0.5346666666666666,0.505,0.7525,0,0.0
3333,O3,1,0.5293333333333333,0.525,0.7625,0,0.0
3333,O3,2,0.5106666666666667,0.53,0.765,0,0.0
3333,O3,3,0.536,0.53,0.765,0,0.0
3333,O3,4,0.5333333333333333,0.53,0.765,0,0.0
3333,O3,5,0.5493333333333333,0.53,0.765,0,0.0
3333,O3,6,0.5466666666666666,0.525,0.7625,0,0.0
3333,O3,7,0.54,0.53,0.765,0,0.0
3333,O3,8,0.5466666666666666,0.53,0.765,0,0.0
3333,O3,9,0.5506666666666666,0.565,0.7825,0,0.0
3333,O3,10,0.512,0.555,0.7775,0,0.0
3333,O3,11,0.5213333333333333,0.555,0.7775,0,0.0
3333,O3,12,0.536,0.535,0.7675,0,0.0
3333,O3,13,0.528,0.535,0.7675,0,0.0
3333,O3,14,0.5426666666666666,0.53,0.765,0,0.0
3333,O3,15,0.5466666666666666,0.53,0.765,0,0.0
3333,O4,1,0.52,0.53,0.765,1,0.0050000000000000044
3333,O4,2,0.5,0.53,0.765,0,-0.0050000000000000044
3333,O4,3,0.5293333333333333,0.53,0.765,0,-0.0050000000000000044
3333,O4,4,0.5266666666666666,0.525,0.7625,1,0.0
3333,O4,5,0.5293333333333333,0.525,0.7625,1,0.0
3333,O4,6,0.524,0.53,0.765,0,-0.010000000000000009
3333,O4,7,0.508,0.505,0.7525,0,-0.0050000000000000044
3333,O4,8,0.5186666666666667,0.495,0.7475,1,0.0050000000000000044
3333,O4,9,0.504,0.495,0.7475,1,0.0050000000000000044
3333,O4,10,0.5213333333333333,0.525,0.7625,0,-0.010000000000000009
3333,O4,11,0.524,0.53,0.765,1,0.0
3333,O4,12,0.532,0.52,0.76,0,-0.025000000000000022
3333,O4,13,0.524,0.52,0.76,1,0.0
3333,O4,14,0.536,0.53,0.765,1,0.0
3333,O4,15,0.5373333333333333,0.53,0.765,1,0.015000000000000013
3333,O5R,1,0.256,0.235,0.6175,1,0.0
3333,O5R,2,0.2613333333333333,0.235,0.6175,1,0.0
3333,O5R,3,0.25866666666666666,0.235,0.6175,1,0.0
3333,O5R,4,0.264,0.235,0.6175,1,0.0
3333,O5R,5,0.26266666666666666,0.235,0.6175,1,0.0
3333,O5R,6,0.25733333333333336,0.235,0.6175,1,0.0
3333,O5R,7,0.264,0.235,0.6175,1,0.0
3333,O5R,8,0.264,0.235,0.6175,1,0.0
3333,O5R,9,0.264,0.235,0.6175,1,0.0
3333,O5R,10,0.26266666666666666,0.235,0.6175,1,0.0
3333,O5R,11,0.264,0.235,0.6175,1,0.0
3333,O5R,12,0.264,0.235,0.6175,1,0.0
3333,O5R,13,0.264,0.235,0.6175,1,0.0
3333,O5R,14,0.25866666666666666,0.235,0.6175,1,0.0
3333,O5R,15,0.2613333333333333,0.235,0.6175,1,0.0
3370,O1,1,0.548,0.58,0.79,0,0.0
3370,O1,2,0.5666666666666667,0.57,0.785,0,0.0
3370,O1,3,0.5786666666666667,0.56,0.78,0,0.0
3370,O1,4,0.5546666666666666,0.56,0.78,0,0.0
3370,O1,5,0.556,0.56,0.78,0,0.0
3370,O1,6,0.5573333333333333,0.575,0.7875,0,0.0
3370,O1,7,0.548,0.57,0.785,0,0.0
3370,O1,8,0.5466666666666666,0.57,0.785,0,0.0
3370,O1,9,0.5626666666666666,0.57,0.785,0,0.0
3370,O1,10,0.5546666666666666,0.575,0.7875,0,0.0
3370,O1,11,0.5693333333333334,0.575,0.7875,0,0.0
3370,O1,12,0.5746666666666667,0.58,0.79,0,0.0
3370,O1,13,0.572,0.58,0.79,0,0.0
3370,O1,14,0.564,0.575,0.7875,0,0.0
3370,O1,15,0.5706666666666667,0.58,0.79,0,0.0
3370,O2,1,0.5293333333333333,0.58,0.79,0,0.0
3370,O2,2,0.5653333333333334,0.575,0.7875,0,0.0
3370,O2,3,0.56,0.585,0.7925,0,0.0
3370,O2,4,0.5493333333333333,0.575,0.7875,0,0.0
3370,O2,5,0.5733333333333334,0.58,0.79,0,0.0
3370,O2,6,0.5613333333333334,0.575,0.7875,0,0.0
3370,O2,7,0.5613333333333334,0.57,0.785,0,0.0
3370,O2,8,0.568,0.575,0.7875,0,0.0
3370,O2,9,0.5786666666666667,0.575,0.7875,0,0.0
3370,O2,10,0.5826666666666667,0.61,0.805,0,0.0
3370,O2,11,0.5653333333333334,0.575,0.7875,0,0.0
3370,O2,12,0.568,0.575,0.7875,0,0.0
3370,O2,13,0.5613333333333334,0.515,0.7575,0,0.0
3370,O2,14,0.5506666666666666,0.575,0.7875,0,0.0
3370,O2,15,0.5693333333333334,0.575,0.7875,0,0.0
3370,O3,1,0.5613333333333334,0.56,0.78,0,0.0
3370,O3,2,0.56,0.56,0.78,0,0.0
3370,O3,3,0.5533333333333333,0.57,0.785,0,0.0
3370,O3,4,0.5426666666666666,0.57,0.785,0,0.0
3370,O3,5,0.5613333333333334,0.575,0.7875,0,0.0
3370,O3,6,0.556,0.575,0.7875,0,0.0
3370,O3,7,0.568,0.58,0.79,0,0.0
3370,O3,8,0.5613333333333334,0.495,0.7475,0,0.0
3370,O3,9,0.5573333333333333,0.575,0.7875,0,0.0
3370,O3,10,0.5666666666666667,0.575,0.7875,0,0.0
3370,O3,11,0.5733333333333334,0.585,0.7925,0,0.0
3370,O3,12,0.5626666666666666,0.58,0.79,0,0.0
3370,O3,13,0.5626666666666666,0.585,0.7925,0,0.0
3370,O3,14,0.5653333333333334,0.585,0.7925,0,0.0
3370,O3,15,0.576,0.58,0.79,0,0.0
3370,O4,1,0.5573333333333333,0.58,0.79,0,-0.010000000000000009
3370,O4,2,0.5653333333333334,0.585,0.7925,1,0.02499999999999991
3370,O4,3,0.54,0.575,0.7875,1,0.0
3370,O4,4,0.5413333333333333,0.56,0.78,1,0.0
3370,O4,5,0.552,0.545,0.7725,1,0.0050000000000000044
3370,O4,6,0.536,0.56,0.78,0,-0.015000000000000013
3370,O4,7,0.5306666666666666,0.59,0.795,0,-0.029999999999999916
3370,O4,8,0.5546666666666666,0.535,0.7675,0,-0.015000000000000013
3370,O4,9,0.528,0.545,0.7725,1,0.015000000000000013
3370,O4,10,0.544,0.59,0.795,1,0.0
3370,O4,11,0.5546666666666666,0.575,0.7875,0,-0.04499999999999993
3370,O4,12,0.5666666666666667,0.56,0.78,1,0.030000000000000027
3370,O4,13,0.5746666666666667,0.56,0.78,1,0.0
3370,O4,14,0.5626666666666666,0.52,0.76,1,0.0
3370,O4,15,0.56,0.49,0.745,1,0.0
3370,O5R,1,0.324,0.34,0.67,1,0.0
3370,O5R,2,0.3293333333333333,0.34,0.67,1,0.0
3370,O5R,3,0.3293333333333333,0.34,0.67,1,0.0
3370,O5R,4,0.3293333333333333,0.34,0.67,1,0.0
3370,O5R,5,0.33066666666666666,0.34,0.67,1,0.0
3370,O5R,6,0.33066666666666666,0.34,0.67,1,0.0
3370,O5R,7,0.33066666666666666,0.34,0.67,1,0.0
3370,O5R,8,0.33066666666666666,0.34,0.67,1,0.0
3370,O5R,9,0.33066666666666666,0.34,0.67,1,0.0
3370,O5R,10,0.33066666666666666,0.34,0.67,1,0.0
3370,O5R,11,0.33066666666666666,0.34,0.67,1,0.0
3370,O5R,12,0.33066666666666666,0.34,0.67,1,0.0
3370,O5R,13,0.33066666666666666,0.34,0.67,1,0.0
3370,O5R,14,0.3293333333333333,0.34,0.67,1,0.0
3370,O5R,15,0.33066666666666666,0.34,0.67,1,0.0
3407,O1,1,0.5573333333333333,0.515,0.7575,0,0.0
3407,O1,2,0.5586666666666666,0.56,0.78,0,0.0
3407,O1,3,0.5706666666666667,0.53,0.765,0,0.0
3407,O1,4,0.5706666666666667,0.53,0.765,0,0.0
3407,O1,5,0.5693333333333334,0.56,0.78,0,0.0
3407,O1,6,0.5666666666666667,0.56,0.78,0,0.0
3407,O1,7,0.572,0.565,0.7825,0,0.0
3407,O1,8,0.592,0.535,0.7675,0,0.0
3407,O1,9,0.5746666666666667,0.545,0.7725,0,0.0
3407,O1,10,0.5786666666666667,0.55,0.775,0,0.0
3407,O1,11,0.5773333333333334,0.55,0.775,0,0.0
3407,O1,12,0.5866666666666667,0.52,0.76,0,0.0
3407,O1,13,0.5826666666666667,0.55,0.775,0,0.0
3407,O1,14,0.584,0.515,0.7575,0,0.0
3407,O1,15,0.58,0.55,0.775,0,0.0
3407,O2,1,0.5786666666666667,0.545,0.7725,0,0.0
3407,O2,2,0.572,0.515,0.7575,0,0.0
3407,O2,3,0.588,0.54,0.77,0,0.0
3407,O2,4,0.572,0.55,0.775,0,0.0
3407,O2,5,0.5813333333333334,0.535,0.7675,0,0.0
3407,O2,6,0.5893333333333334,0.57,0.785,0,0.0
3407,O2,7,0.568,0.56,0.78,0,0.0
3407,O2,8,0.5866666666666667,0.53,0.765,0,0.0
3407,O2,9,0.6133333333333333,0.555,0.7775,0,0.0
3407,O2,10,0.5773333333333334,0.555,0.7775,0,0.0
3407,O2,11,0.584,0.55,0.775,0,0.0
3407,O2,12,0.6,0.545,0.7725,0,0.0
3407,O2,13,0.5706666666666667,0.55,0.775,0,0.0
3407,O2,14,0.5946666666666667,0.56,0.78,0,0.0
3407,O2,15,0.5946666666666667,0.54,0.77,0,0.0
3407,O3,1,0.544,0.525,0.7625,0,0.0
3407,O3,2,0.5866666666666667,0.565,0.7825,0,0.0
3407,O3,3,0.5733333333333334,0.54,0.77,0,0.0
3407,O3,4,0.5693333333333334,0.515,0.7575,0,0.0
3407,O3,5,0.5746666666666667,0.53,0.765,0,0.0
3407,O3,6,0.5066666666666667,0.56,0.78,0,0.0
3407,O3,7,0.5973333333333334,0.555,0.7775,0,0.0
3407,O3,8,0.588,0.555,0.7775,0,0.0
3407,O3,9,0.5906666666666667,0.555,0.7775,0,0.0
3407,O3,10,0.596,0.555,0.7775,0,0.0
3407,O3,11,0.5946666666666667,0.555,0.7775,0,0.0
3407,O3,12,0.5986666666666667,0.555,0.7775,0,0.0
3407,O3,13,0.6,0.555,0.7775,0,0.0
3407,O3,14,0.5853333333333334,0.545,0.7725,0,0.0
3407,O3,15,0.5946666666666667,0.55,0.775,0,0.0
3407,O4,1,0.5506666666666666,0.525,0.7625,0,-0.0050000000000000044
3407,O4,2,0.568,0.565,0.7825,0,-0.04499999999999993
3407,O4,3,0.5733333333333334,0.515,0.7575,1,0.0
3407,O4,4,0.5613333333333334,0.56,0.78,1,0.010000000000000009
3407,O4,5,0.5666666666666667,0.535,0.7675,1,0.0050000000000000044
3407,O4,6,0.5626666666666666,0.55,0.775,1,0.0050000000000000044
3407,O4,7,0.5933333333333334,0.55,0.775,0,-0.0050000000000000044
3407,O4,8,0.5893333333333334,0.55,0.775,1,0.0
3407,O4,9,0.5906666666666667,0.55,0.775,1,0.0050000000000000044
3407,O4,10,0.588,0.55,0.775,1,0.0
3407,O4,11,0.5746666666666667,0.555,0.7775,0,-0.0050000000000000044
3407,O4,12,0.5986666666666667,0.55,0.775,1,0.0
3407,O4,13,0.6,0.55,0.775,1,0.0
3407,O4,14,0.5826666666666667,0.55,0.775,1,0.0
3407,O4,15,0.592,0.55,0.775,1,0.0
3407,O5R,1,0.324,0.275,0.6375,1,0.0
3407,O5R,2,0.324,0.275,0.6375,1,0.0
3407,O5R,3,0.3293333333333333,0.275,0.6375,1,0.0
3407,O5R,4,0.3293333333333333,0.275,0.6375,1,0.0
3407,O5R,5,0.3293333333333333,0.275,0.6375,1,0.0
3407,O5R,6,0.328,0.275,0.6375,1,0.0
3407,O5R,7,0.3293333333333333,0.275,0.6375,1,0.0
3407,O5R,8,0.3293333333333333,0.275,0.6375,1,0.0
3407,O5R,9,0.3293333333333333,0.275,0.6375,1,0.0
3407,O5R,10,0.3293333333333333,0.275,0.6375,1,0.0
3407,O5R,11,0.3293333333333333,0.275,0.6375,1,0.0
3407,O5R,12,0.3293333333333333,0.275,0.6375,1,0.0
3407,O5R,13,0.3293333333333333,0.275,0.6375,1,0.0
3407,O5R,14,0.3293333333333333,0.275,0.6375,1,0.0
3407,O5R,15,0.3293333333333333,0.275,0.6375,1,0.0
3444,O1,1,0.49466666666666664,0.56,0.78,0,0.0
3444,O1,2,0.5,0.555,0.7775,0,0.0
3444,O1,3,0.49866666666666665,0.55,0.775,0,0.0
3444,O1,4,0.516,0.555,0.7775,0,0.0
3444,O1,5,0.5053333333333333,0.535,0.7675,0,0.0
3444,O1,6,0.5106666666666667,0.555,0.7775,0,0.0
3444,O1,7,0.504,0.55,0.775,0,0.0
3444,O1,8,0.5,0.55,0.775,0,0.0
3444,O1,9,0.52,0.55,0.775,0,0.0
3444,O1,10,0.49733333333333335,0.55,0.775,0,0.0
3444,O1,11,0.5173333333333333,0.55,0.775,0,0.0
3444,O1,12,0.5146666666666667,0.55,0.775,0,0.0
3444,O1,13,0.512,0.545,0.7725,0,0.0
3444,O1,14,0.11733333333333333,0.05,0.525,0,0.0
3444,O1,15,0.021333333333333333,0.05,0.525,0,0.0
3444,O2,1,0.516,0.56,0.78,0,0.0
3444,O2,2,0.5266666666666666,0.565,0.7825,0,0.0
3444,O2,3,0.5,0.56,0.78,0,0.0
3444,O2,4,0.5053333333333333,0.54,0.77,0,0.0
3444,O2,5,0.5093333333333333,0.59,0.795,0,0.0
3444,O2,6,0.5146666666666667,0.58,0.79,0,0.0
3444,O2,7,0.5133333333333333,0.585,0.7925,0,0.0
3444,O2,8,0.5106666666666667,0.575,0.7875,0,0.0
3444,O2,9,0.5133333333333333,0.595,0.7975,0,0.0
3444,O2,10,0.5253333333333333,0.545,0.7725,0,0.0
3444,O2,11,0.5213333333333333,0.575,0.7875,0,0.0
3444,O2,12,0.5146666666666667,0.54,0.77,0,0.0
3444,O2,13,0.5186666666666667,0.545,0.7725,0,0.0
3444,O2,14,0.5266666666666666,0.525,0.7625,0,0.0
3444,O2,15,0.516,0.55,0.775,0,0.0
3444,O3,1,0.512,0.555,0.7775,0,0.0
3444,O3,2,0.48533333333333334,0.55,0.775,0,0.0
3444,O3,3,0.5133333333333333,0.56,0.78,0,0.0
3444,O3,4,0.504,0.56,0.78,0,0.0
3444,O3,5,0.5093333333333333,0.55,0.775,0,0.0
3444,O3,6,0.49466666666666664,0.555,0.7775,0,0.0
3444,O3,7,0.49866666666666665,0.405,0.7025,0,0.0
3444,O3,8,0.4826666666666667,0.545,0.7725,0,0.0
3444,O3,9,0.5093333333333333,0.535,0.7675,0,0.0
3444,O3,10,0.5186666666666667,0.535,0.7675,0,0.0
3444,O3,11,0.5146666666666667,0.535,0.7675,0,0.0
3444,O3,12,0.52,0.535,0.7675,0,0.0
3444,O3,13,0.5226666666666666,0.535,0.7675,0,0.0
3444,O3,14,0.5213333333333333,0.535,0.7675,0,0.0
3444,O3,15,0.52,0.535,0.7675,0,0.0
3444,O4,1,0.5013333333333333,0.555,0.7775,1,0.010000000000000009
3444,O4,2,0.484,0.535,0.7675,1,0.0
3444,O4,3,0.49733333333333335,0.55,0.775,1,0.0
3444,O4,4,0.49333333333333335,0.555,0.7775,1,0.0
3444,O4,5,0.5053333333333333,0.555,0.7775,0,-0.010000000000000009
3444,O4,6,0.5013333333333333,0.555,0.7775,1,0.0
3444,O4,7,0.49866666666666665,0.555,0.7775,1,0.0
3444,O4,8,0.5146666666666667,0.56,0.78,1,0.0050000000000000044
3444,O4,9,0.512,0.56,0.78,1,0.0
3444,O4,10,0.5026666666666667,0.56,0.78,0,-0.0050000000000000044
3444,O4,11,0.5106666666666667,0.42,0.71,0,-0.014999999999999958
3444,O4,12,0.49866666666666665,0.56,0.78,1,0.0050000000000000044
3444,O4,13,0.5093333333333333,0.56,0.78,1,0.0
3444,O4,14,0.5053333333333333,0.56,0.78,1,0.0
3444,O4,15,0.5026666666666667,0.56,0.78,1,0.0
3444,O5R,1,0.268,0.33,0.665,1,0.0
3444,O5R,2,0.276,0.33,0.665,1,0.0
3444,O5R,3,0.276,0.33,0.665,1,0.0
3444,O5R,4,0.272,0.33,0.665,1,0.0
3444,O5R,5,0.276,0.33,0.665,1,0.0
3444,O5R,6,0.276,0.33,0.665,1,0.0
3444,O5R,7,0.276,0.33,0.665,1,0.0
3444,O5R,8,0.276,0.33,0.665,1,0.0
3444,O5R,9,0.276,0.33,0.665,1,0.0
3444,O5R,10,0.276,0.33,0.665,1,0.0
3444,O5R,11,0.276,0.33,0.665,1,0.0
3444,O5R,12,0.276,0.33,0.665,1,0.0
3444,O5R,13,0.276,0.33,0.665,1,0.0
3444,O5R,14,0.276,0.33,0.665,1,0.0
3444,O5R,15,0.27466666666666667,0.33,0.665,1,0.0
